expression,reading,meaning,meaning_indonesia,tags,guid
現像,げんぞう,developing (film),pengembangan film (fotografi); pencucian film,JLPT_1 JLPT,v9bha+<cj}
原則,げんそく,"principle, general rule","prinsip, aturan umum",JLPT_1 JLPT,dVC[`t${#`
見地,けんち,point of view,sudut pandang,JLPT_1 JLPT,wk)a!>hpi:
現地,げんち,"actual place, local","tempat sebenarnya, lokal",JLPT_1 JLPT,G$>SwAUY5:
限定,げんてい,"limit, restriction","batas, pembatasan",JLPT_1 JLPT,o%F/8(![P3
原点,げんてん,"origin (coordinates, starting point)","asal (koordinat, titik awal)",JLPT_1 JLPT,bXdt~Sz`DP
原典,げんてん,"original, source","asli, sumber",JLPT_1 JLPT,EB`MVeV|+3
原爆,げんばく,atomic bomb,bom atom,JLPT_1 JLPT,qVu!~xa[nC
原文,げんぶん,"the text, original","teksnya, asli",JLPT_1 JLPT,w>egRzs&//
厳密,げんみつ,"strict, close","ketat, dekat",JLPT_1 JLPT,k<}V}HBo:Y
賢明,けんめい,"wisdom, intelligence, prudence","kebijaksanaan, kecerdasan, kehati-hatian",JLPT_1 JLPT,rF6VPIq@Kt
倹約,けんやく,"thrift, economy, frugality","penghematan, ekonomi, berhemat",JLPT_1 JLPT,G)qGN7wCPF
原油,げんゆ,crude oil,minyak mentah,JLPT_1 JLPT,mqzQ4phBV%
兼用,けんよう,"multi-use, combined use","multi guna, penggunaan gabungan",JLPT_1 JLPT,Q[mY;6;Blm
権力,けんりょく,"(political) power, authority, influence","(politik) kekuasaan, otoritas, pengaruh",JLPT_1 JLPT,zLBVbQJht)
言論,げんろん,"discussion, speech","diskusi, pidato",JLPT_1 JLPT,j=]X!_Sn:<
故～,こ～,"deceased, late","meninggal, terlambat",JLPT_1 JLPT,l<k2Hl<qF:
語彙,ごい,"vocabulary, glossary","kosakata, glosarium",JLPT_1 JLPT,dg-x#L-S>s
恋する,こいする,"to fall in love with, to love","untuk jatuh cinta, untuk mencintai",JLPT_1 JLPT,x>yH@(e$>B
甲,こう,1st in rank; shell,peringkat 1;,JLPT_1 JLPT,gr(P$T&hE)
～光,～こう,light,lampu,JLPT_1 JLPT,dR[Ye:I0gD
好意,こうい,"good will, favor, courtesy","niat baik, bantuan, kesopanan",JLPT_1 JLPT,f{|~G`MfSc
行為,こうい,"act, deed, conduct","tindakan, perbuatan, tingkah laku",JLPT_1 JLPT,"x,?`vew_Y^"
合意,ごうい,"agreement, consent, mutual understanding","persetujuan, persetujuan, saling pengertian",JLPT_1 JLPT,u5DPHkD^67
工学,こうがく,engineering,rekayasa,JLPT_1 JLPT,nLBSX>%S~{
抗議,こうぎ,"protest, objection","protes, keberatan",JLPT_1 JLPT,N%yl^:99*x
合議,ごうぎ,"consultation, conference","konsultasi, konferensi",JLPT_1 JLPT,g]f7CW]TnO
皇居,こうきょ,Imperial Palace,Istana Kekaisaran,JLPT_1 JLPT,s3?rVk?BGD
好況,こうきょう,"prosperous conditions, healthy economy","kondisi sejahtera, perekonomian sehat",JLPT_1 JLPT,w5c/V*0:/6
鉱業,こうぎょう,mining industry,industri pertambangan,JLPT_1 JLPT,w)+*p6qI~s
興業,こうぎょう,starting a business; industry,memulai bisnis;,JLPT_1 JLPT,qy~me*:#E{
高原,こうげん,"tableland, plateau","dataran tinggi, dataran tinggi",JLPT_1 JLPT,GF2Ak`BNv1
交互,こうご,"mutual, reciprocal, alternate","saling, timbal balik, bergantian",JLPT_1 JLPT,i<WWSGhMtl
煌々と,こうこうと,brightly,cerah,JLPT_1 JLPT,wYY;?*yl=I
考古学,こうこがく,archeology,arkeologi,JLPT_1 JLPT,CYD1fRQ8EC
工作,こうさく,"handicraft, maneuvering","kerajinan tangan, manuver",JLPT_1 JLPT,wzz*)FRo9<
耕作,こうさく,"cultivation, farming","budidaya, pertanian",JLPT_1 JLPT,hB|/|8Uy}2
鉱山,こうざん,mine,milikku,JLPT_1 JLPT,"KT!enF:=,%"
講習,こうしゅう,"short course, training","kursus singkat, pelatihan",JLPT_1 JLPT,g(z7%o&?^
口述,こうじゅつ,verbal statement,pernyataan lisan,JLPT_1 JLPT,C~8oU(cK0?
控除,こうじょ,"subsidy, deduction","subsidi, pengurangan",JLPT_1 JLPT,s2uW?Na1t%
交渉,こうしょう,negotiation,perundingan,JLPT_1 JLPT Intermediate_Japanese_Ln.8 Intermediate_Japanese,uv@U[?I@AF
高尚,こうしょう,"high, noble, refined","tinggi, mulia, halus",JLPT_1 JLPT,Ndw<}.:V2o
向上,こうじょう,"rise, improvement, progress","kebangkitan, peningkatan, kemajuan",JLPT_1 JLPT,Qcz@t2UD0)
行進,こうしん,"march, parade","berbaris, parade",JLPT_1 JLPT,A=w}ZE@917
香辛料,こうしんりょう,spices,rempah-rempah,JLPT_1 JLPT,ce!{r.1}~3
降水,こうすい,"rainfall, precipitation","curah hujan, curah hujan",JLPT_1 JLPT,"pb1#Y263n,"
洪水,こうずい,flood,banjir,JLPT_1 JLPT,wakC-uKaq}
合成,ごうせい,"synthetic, mixed","sintetis, campuran",JLPT_1 JLPT,c^4E@A0[92
公然,こうぜん,openly,secara terbuka,JLPT_1 JLPT,M(>QOkIhfA
抗争,こうそう,"dispute, resistance","perselisihan, perlawanan",JLPT_1 JLPT,Ayw{S[ULVi
構想,こうそう,"plan, plot, idea, conception","rencana, alur, ide, konsepsi",JLPT_1 JLPT,HJ3]TaFI5x
後退,こうたい,"retreat, backspace","mundur, mundur",JLPT_1 JLPT,Hg(g(Ch73j
光沢,こうたく,"luster, glossy finish (of photographs)","kilau, hasil akhir mengkilap (dari foto)",JLPT_1 JLPT,sz+BIfx<J$
公団,こうだん,public corporation,perusahaan publik,JLPT_1 JLPT,C&5}~^z)ts
好調,こうちょう,"satisfactory, in good shape","memuaskan, dalam keadaan baik",JLPT_1 JLPT,fn+k2uN^.*
口頭,こうとう,oral,lisan,JLPT_1 JLPT,mWZ1nL&l+A
講読,こうどく,reading,membaca,JLPT_1 JLPT,"cbt]L<,==)"
購読,こうどく,subscription,berlangganan,JLPT_1 JLPT,BPBnR~`=Cm
購入,こうにゅう,"purchase, buy","beli, beli",JLPT_1 JLPT,mN.]${Ep@o
公認,こうにん,"official recognition, authorization","pengakuan resmi, otorisasi",JLPT_1 JLPT,f=;(Z+KSn*
光熱費,こうねつひ,cost of fuel and light,biaya bahan bakar dan cahaya,JLPT_1 JLPT,CBInEbAiwn
購買,こうばい,"purchase, buy","beli, beli",JLPT_1 JLPT,m|%voYE^yW
好評,こうひょう,"popularity, favorable reputation","popularitas, reputasi yang baik",JLPT_1 JLPT,PN?X>r5#3$
交付,こうふ,"delivering, furnishing (with copies)","pengiriman, perabotan (dengan salinan)",JLPT_1 JLPT,iWHq@iV7/S
公募,こうぼ,"public appeal, public contribution","daya tarik publik, kontribusi publik",JLPT_1 JLPT,zuO/%#|pw9
巧妙,こうみょう,"ingenious, skillful, clever","cerdik, terampil, pintar",JLPT_1 JLPT,K0cz7g4lOn
公用,こうよう,"government business, public use, public expense","urusan pemerintah, kepentingan umum, pengeluaran publik",JLPT_1 JLPT,E{n/tl9=Ih
小売,こうり,retail,pengecer,JLPT_1 JLPT,c_Z6-bZ>!E
効率,こうりつ,efficiency,efisiensi,JLPT_1 JLPT,zkc6-]4~)6
公立,こうりつ,public institution,lembaga publik,JLPT_1 JLPT,FUSldz(S$f
護衛,ごえい,"guard, convoy, escort","penjaga, konvoi, pengawal",JLPT_1 JLPT,Bs7a.5p1{r
コーナー,コーナー,corner,sudut,JLPT_1 JLPT,n/T(.dj~.j
小柄,こがら,"small, diminutive","kecil, kecil",JLPT_1 JLPT,p|m2.?zBm2
小切手,こぎって,"cheque, check","periksa, periksa",JLPT_1 JLPT,vh>Pgi:y!n
国産,こくさん,domestic products,produk dalam negeri,JLPT_1 JLPT,NVGuI`wyWr
国定,こくてい,"state-sponsored, national","disponsori negara, nasional",JLPT_1 JLPT,K:.NA{MA#
告白,こくはく,"confession, acknowledgment","pengakuan, pengakuan",JLPT_1 JLPT,D/-Yon@zj7
国防,こくぼう,national defense,pertahanan negara,JLPT_1 JLPT,gB_-ioo>5E
国有,こくゆう,national ownership,kepemilikan nasional,JLPT_1 JLPT,qhprC(Et1a
極楽,ごくらく,paradise,surga,JLPT_1 JLPT,MY-u/w:|X`
国連,こくれん,"U.N., United Nations","PBB, PBB",JLPT_1 JLPT,PWdSCAXCS{
焦げ茶,こげちゃ,dark brown,coklat tua,JLPT_1 JLPT,z#D(l+D|+d
語源,ごげん,"word root, word derivation, etymology","akar kata, derivasi kata, etimologi",JLPT_1 JLPT,"wW7;mB,H-n"
心地,ここち,"feeling, sensation, mood","perasaan, sensasi, suasana hati",JLPT_1 JLPT,HRZ-ZZ((63
心得,こころえ,"knowledge, information","pengetahuan, informasi",JLPT_1 JLPT,r]B:&#9/Oj
心掛け,こころがけ,"readiness, intention, aim","kesiapan, niat, tujuan",JLPT_1 JLPT,v|gKw*kSA<
心掛ける,こころがける,"to bear in mind, to aim to do","untuk diingat, untuk bertujuan untuk melakukan",JLPT_1 JLPT,xF|-#cu_O[
志,こころざし,"will, intention, motive","kemauan, niat, motif",JLPT_1 JLPT,J^EH*N|S>D
志す,こころざす,"to plan, to intend, to aspire to","merencanakan, bermaksud, mencita-citakan",JLPT_1 JLPT,zc/071N?*?
心強い,こころづよい,"heartening, reassuring","membesarkan hati, meyakinkan",JLPT_1 JLPT,K>pZg]2z_[
心細い,こころぼそい,"helpless, hopeless, discouraging","tak berdaya, putus asa, mengecewakan",JLPT_1 JLPT,ve[sU52iIO
試み,こころみ,"trial, experiment","percobaan, percobaan",JLPT_1 JLPT,LnQ-7#~J-i
試みる,こころみる,"to try, to test","untuk mencoba, untuk menguji",JLPT_1 JLPT,qG!ugw]O{9
快い,こころよい,"pleasant, agreeable","menyenangkan, menyenangkan",JLPT_1 JLPT,eXTY5f2Ubn
誤差,ごさ,error,kesalahan,JLPT_1 JLPT,bE*}iimu/k
ございます (かん),ございます (かん),"to be (polite, to exist)","menjadi (sopan, ada)",JLPT_1 JLPT,g2<)LlaRj=
孤児,こじ,orphan,yatim piatu,JLPT_1 JLPT,Nru>c@<pc2
こじれる,こじれる,"to get complicated, to grow worse","menjadi rumit, menjadi lebih buruk",JLPT_1 JLPT,jQE(/ITykr
こす (みずを～),こす (みずを～),"to strain, to filter","untuk menyaring, untuk menyaring",JLPT_1 JLPT,P2WNAwMh[2
梢,こずえ,treetop,puncak pohon,JLPT_1 JLPT,"P{..MI,|Mb"
個性,こせい,"individuality, personality, idiosyncrasy","individualitas, kepribadian, keistimewaan",JLPT_1 JLPT,EsL6l#sj?m
戸籍,こせき,"census, family register","sensus, daftar keluarga",JLPT_1 Intermediate_Japanese_Ln.14 JLPT Intermediate_Japanese,JOc{[NV4x8
古代,こだい,ancient times,zaman kuno,JLPT_1 JLPT,s_N1oO.lmA
こたつ,こたつ,"table with heater, (originally) charcoal brazier in a floor well","meja dengan pemanas, (awalnya) anglo arang di sumur lantai",JLPT_1 JLPT,O}EMl{I]K-
こだわる,こだわる,"to fuss over, to be particular about","untuk diributkan, untuk menjadi khusus",JLPT_1 JLPT,Dw-&[Gy8N`
誇張,こちょう,exaggeration,berlebihan,JLPT_1 JLPT,c]NsRC|}O%
こつ (をつかむ),こつ (をつかむ),"secret, trick, hang","rahasia, trik, gantung",JLPT_1 JLPT,qPHur}V8b$
滑稽,こっけい,"funny, humorous, comical","lucu, lucu, lucu",JLPT_1 JLPT,v>_m`mFbvz
国交,こっこう,diplomatic relations,hubungan diplomatik,JLPT_1 JLPT,d-(zI.D]7}
骨董品,こっとうひん,curio,rasa ingin tahu,JLPT_1 JLPT,Dr0mqScf_b
固定,こてい,"fixation, fixing (e.g., salary, capital)","fiksasi, penetapan (misalnya, gaji, modal)",JLPT_1 JLPT,g$6E|N|S:$
事柄,ことがら,"matter, thing, affair, circumstance","materi, benda, urusan, keadaan",JLPT_1 JLPT,F=ad!I0A}O
孤独,こどく,"isolation, loneliness, solitude","isolasi, kesepian, kesendirian",JLPT_1 JLPT,"cT&=x,mI2c"
ことごとく,ことごとく,"altogether, entirely","sama sekali, seluruhnya",JLPT_1 JLPT,dR[Sxf+^Ps
言付け,ことづけ,to leave a message,untuk meninggalkan pesan,JLPT_1 JLPT,kU+Y{Q}2@W
殊に,ことに,"especially, above all","khususnya, di atas segalanya",JLPT_1 JLPT,en/8|n9S0h
粉々,こなごな,in very small pieces,dalam potongan yang sangat kecil,JLPT_1 JLPT,Kmg$=%neFc
好ましい,このましい,"nice, likable, desirable","bagus, menyenangkan, diinginkan",JLPT_1 JLPT,x#LKH<P4pQ
碁盤,ごばん,Go board,Naiklah,JLPT_1 JLPT,zlA@Kkn)Y
個別,こべつ,particular case,kasus tertentu,JLPT_1 JLPT,IS>`l#g_rF
ごまかす,ごまかす,"to deceive, to falsify, to misrepresent","untuk menipu, untuk memalsukan, untuk menggambarkan secara keliru",JLPT_1 JLPT,p$tB:Q(vZY
細やか,こまやか,"meager, modest","sedikit, sederhana",JLPT_1 JLPT,w6sGv9Z]7>
コマーシャル,コマーシャル,a commercial,sebuah iklan,JLPT_1 JLPT,pmxm=&|P?L
込める,こめる,"to include, to put into","untuk memasukkan, untuk dimasukkan ke dalam",JLPT_1 JLPT,FCbb2pT+SZ
コメント,コメント,comment,komentar,JLPT_1 JLPT,cplDpvT[1o
籠もる,こもる,"to seclude oneself, to be confined in","untuk mengasingkan diri, untuk dikurung",JLPT_1 JLPT,KBSxgcpn$F
固有,こゆう,"characteristic, tradition, peculiar","ciri khas, tradisi, khas",JLPT_1 JLPT,yXV:}D_ozd
暦,こよみ,"calendar, almanac","kalender, almanak",JLPT_1 JLPT,jx:{}3HoK:
凝らす,こらす,"to concentrate, to devote, to peer into","untuk berkonsentrasi, untuk mengabdikan, untuk mengintip ke dalam",JLPT_1 JLPT,oJEMYEm^we
ごらんなさい (かん),ごらんなさい (かん),"look, (please) try to do","lihat, (tolong) coba lakukan",JLPT_1 JLPT,N1BBvCZ=AZ
孤立,こりつ,"isolation, helplessness","isolasi, ketidakberdayaan",JLPT_1 JLPT,xYDSYkNe4i
懲りる,こりる,"to learn by experience, to be disgusted with","untuk belajar dari pengalaman, merasa muak",JLPT_1 JLPT,vbJg<?=y%j
凝る,こる,"to stiffen, to harden","menjadi kaku, mengeras",JLPT_1 JLPT,p)T=z%i7F[
根気,こんき,"patience; perseverance, energy",kesabaran;,JLPT_1 JLPT,GDCM!r*##2
根拠,こんきょ,"basis, foundation","dasar, landasan",JLPT_1 JLPT,Grg-T-@C<M
混血,こんけつ,"mixed race, mixed parentage","ras campuran, keturunan campuran",JLPT_1 JLPT,saDmLPZfe~
コンタクト (レンズ),コンタクト (レンズ),contact; contact lens,kontak;,JLPT_1 JLPT,DU{l0`Yee%
昆虫,こんちゅう,"insect, bug","serangga, serangga",JLPT_1 JLPT,P^F+-mx?ec
根底,こんてい,"root, basis, foundation","akar, dasar, landasan",JLPT_1 JLPT,g6v%#_YbHK
混同,こんどう,"confusion, mixing, merger","kebingungan, pencampuran, penggabungan",JLPT_1 JLPT,"M?|],Xch]L"
コントラスト,コントラスト,contrast,kontras,JLPT_1 JLPT,m2RkdF5Kfg
コントロール,コントロール,control,kontrol,JLPT_1 JLPT,hZ|i&d%@k8
コンパス,コンパス,compass,kompas,JLPT_1 JLPT,L6kv/h{mWx
根本,こんぽん,"foundation, root, base","pondasi, akar, alas",JLPT_1 JLPT,I>Va~AQW*%
財,ざい,"fortune, riches","keberuntungan, kekayaan",JLPT_1 JLPT,Lg^]^#Fui$
再会,さいかい,"meeting again, reunion","bertemu lagi, reuni",JLPT_1 JLPT,nK{EZH)j58
災害,さいがい,"calamity, disaster, misfortune","malapetaka, bencana, kemalangan",JLPT_1 JLPT,s/:E%{jbbX
細菌,さいきん,"bacillus, bacterium, germ","basil, bakteri, kuman",JLPT_1 JLPT,I!s+/_djx3
細工,さいく,"work, craftsmanship, trick","kerja, keahlian, trik",JLPT_1 JLPT,ouX.|>$33M
採掘,さいくつ,mining,pertambangan,JLPT_1 JLPT,Qb&n#ag5.U
サイクル,サイクル,cycle,siklus,JLPT_1 JLPT,CwR.:*^K)]
採決,さいけつ,"vote, roll call","memilih, absensi",JLPT_1 JLPT,dGyNtnPzfu
再建,さいけん,(temple or shrine) rebuilding,(kuil atau kuil) pembangunan kembali,JLPT_1 JLPT,oY^(hGDwBB
再現,さいげん,"reproduction, return, revival","reproduksi, pengembalian, kebangkitan",JLPT_1 JLPT,j$Iu*3{(HU
財源,ざいげん,"source of funds, resources, finances","sumber dana, sumber daya, keuangan",JLPT_1 JLPT,gD`:Vm3DD=
在庫,ざいこ,"stockpile, stock","timbunan, stok",JLPT_1 JLPT,I`6&P}MLhB
採算,さいさん,profit,laba,JLPT_1 JLPT,z3sqnTBL(n
サイズ,サイズ,size,ukuran,JLPT_1 JLPT,J0]k_!eDR<
再生,さいせい,"playback, regeneration, resuscitation","pemutaran, regenerasi, resusitasi",JLPT_1 JLPT,hGl1Th{bx@
財政,ざいせい,"economy, financial affairs","ekonomi, urusan keuangan",JLPT_1 JLPT,PbUztxpH:]
最善,さいぜん,the very best,yang terbaik,JLPT_1 JLPT,M-1H]L<~pq
採択,さいたく,"adoption, selection, choice","adopsi, seleksi, pilihan",JLPT_1 JLPT,e+cLZEXhDr
栽培,さいばい,cultivation,penanaman,JLPT_1 JLPT,uC68c<~cH)
再発,さいはつ,"return, relapse, reoccurrence","kembali, kambuh, terulang kembali",JLPT_1 JLPT,CS^Rshk:|8
細胞,さいぼう,cell,sel,JLPT_1 JLPT,CzyHns{dm!
採用,さいよう,"use, adopt","gunakan, adopsi",JLPT_1 JLPT,"vMLF5(iO,d"
遮る,さえぎる,"to interrupt, to intercept, to obstruct","untuk menyela, untuk mencegat, untuk menghalangi",JLPT_1 JLPT,QMaal]q?M$
さえずる,さえずる,"to sing, to chirp, to twitter","menyanyi, berkicau, berkicau",JLPT_1 JLPT,r@Q>;L$}V-
冴える,さえる,"to be clear, to be bright, to be skillful","menjadi jelas, menjadi cemerlang, menjadi terampil",JLPT_1 JLPT,F_K.fXalP!
竿,さお,"rod, pole (e.g., for drying laundry)","batang, tiang (misalnya, untuk mengeringkan cucian)",JLPT_1 JLPT,v^.R1:=Y[p
栄える,さかえる,"to flourish, to prosper, to thrive","untuk berkembang, untuk makmur, untuk berkembang",JLPT_1 JLPT,w`<;(n%DdJ
差額,さがく,"balance, difference, margin","keseimbangan, selisih, margin",JLPT_1 JLPT,gAXt@5CeYh
杯,さかずき,wine cup,cangkir anggur,JLPT_1 JLPT,QIw#3oSw.:
逆立ち,さかだち,"handstand, headstand","berdiri tangan, berdiri di kepala",JLPT_1 JLPT,ec~&YKW}51
さきに (いぜん),さきに (いぜん),"before, earlier than, previously","sebelumnya, lebih awal dari, sebelumnya",JLPT_1 JLPT,uh`5:/)TWv
詐欺,さぎ,"fraud, swindle","penipuan, penipuan",JLPT_1 JLPT,w6]yB.g{E!
削減,さくげん,"cut, reduction","potong, reduksi",JLPT_1 JLPT,k7zRyZ_D=o
錯誤,さくご,mistake,kesalahan,JLPT_1 JLPT,IDfkC-Cw&L
作戦,さくせん,"military operations, tactics, strategy","operasi militer, taktik, strategi",JLPT_1 JLPT,s$Xs?1nQ+e
叫び,さけび,"shout, scream, outcry","berteriak, menjerit, menjerit",JLPT_1 JLPT,nqYX]L]Y*r
捧げる,ささげる,"to lift up, to give, to offer","untuk mengangkat, memberi, menawarkan",JLPT_1 JLPT,KhanDj}|vd
差し掛かる,さしかかる,"to come near to, to approach","untuk mendekati, untuk mendekati",JLPT_1 JLPT,IM%WW[zOZk
指図,さしず,"instruction, mandate","instruksi, amanat",JLPT_1 JLPT,N1]Ah`4~bh
差し出す,さしだす,"to present, to submit, to hold out","untuk menyajikan, untuk menyerahkan, untuk bertahan",JLPT_1 JLPT,A&xf;%;bo<
差し支える,さしつかえる,"to interfere, to hinder","untuk mengganggu, untuk menghalangi",JLPT_1 JLPT,ve>x:VMBVJ
授ける,さずける,"to grant, to award, to teach","untuk memberi, memberi penghargaan, mengajar",JLPT_1 JLPT,h.+pAO9bEu
摩する,さする,"to rub, to stroke","untuk menggosok, untuk membelai",JLPT_1 JLPT,yQu&Wz5|+#
さぞ (さぞや。さぞかし),さぞ (さぞや。さぞかし),"I am sure, certainly, no doubt","Saya yakin, tentu saja, tidak diragukan lagi",JLPT_1 JLPT,FE`C@V&t[f
定まる,さだまる,"to become settled, to be fixed","menjadi tetap; mapan; terpasang",JLPT_1 JLPT,"Ly=j.,,]V@"
定める,さだめる,"to decide, to determine","untuk memutuskan, untuk menentukan",JLPT_1 JLPT,MNqx6`F)B2
座談会,ざだんかい,"symposium, round-table discussion","simposium, diskusi meja bundar",JLPT_1 JLPT,d!+{3%PNo}
雑,ざつ,"rough, crude","kasar, kasar",JLPT_1 JLPT,PqMu^a?1a^
雑貨,ざっか,"miscellaneous goods, general goods","barang lain-lain, barang umum",JLPT_1 JLPT,r5VCxxHAy|
殺人,さつじん,murder,pembunuhan,JLPT_1 JLPT,tM%DouVsND
察する,さっする,"to guess, to sense, to judge","menebak, merasakan, menilai",JLPT_1 JLPT,LGG(>{BjoV
雑談,ざつだん,"chatting, idle talk","ngobrol, omong kosong",JLPT_1 JLPT,DK#>y3UE4B
さっと,さっと,"suddenly, smoothly","tiba-tiba, dengan lancar",JLPT_1 JLPT,EKYb(VaO4Q
さっぱりする,さっぱりする,to refresh,untuk menyegarkan,JLPT_1 JLPT,H|ANTa=Wl{
悟る,さとる,"to attain enlightenment, to understand","untuk mencapai pencerahan, untuk memahami",JLPT_1 JLPT,v:Q4euCfA7
最中,さなか,"in the middle of, midst","di tengah-tengah, di tengah-tengah",JLPT_1 JLPT,A!j+&nF3Wn
座標,ざひょう,coordinates,koordinat,JLPT_1 JLPT,B0L0!.A0?}
さほど,さほど,"not so, not that much","tidak begitu, tidak sebanyak itu",JLPT_1 JLPT,Eqh)/a:JaN
サボる,サボる,to cut (skip) classes; to loaf on the job; to idle away one's time,untuk membolos (melewatkan) kelas;,JLPT Genki_Ln.11 Intermediate_Japanese JLPT_1 Intermediate_Japanese_Ln.13 Genki,AVLvOaz~KF
様,さま,state; way (a person does something); Mr. or Mrs.,negara;,JLPT_1 JLPT Intermediate_Japanese Intermediate_Japanese_Ln.11,lj0_)hI7Ez
寒気,さむけ,"chill, shiver, cold","dingin, menggigil, dingin",JLPT_1 JLPT,N#;$qw^KPE
侍,さむらい,samurai,samurai,JLPT_1 JLPT Intermediate_Japanese_Ln.7 Intermediate_Japanese,g}?p(/xug4
さも,さも,"with gusto, with satisfaction","dengan penuh semangat, dengan kepuasan",JLPT_1 JLPT,Gm-[^5Ln&h
作用,さよう,"operation, effect, function","operasi, efek, fungsi",JLPT_1 JLPT,"Oof8u=,|uS"
さらう (こどもを～),さらう (こどもを～),to kidnap,untuk menculik,JLPT_1 JLPT,B@RtBWjh/W
障る,さわる,"to hinder, to interfere with, to affect","untuk menghalangi, untuk mengganggu, untuk mempengaruhi",JLPT_1 JLPT,Di(J(kaH;V
酸,さん,acid,asam,JLPT_1 JLPT,k/LaLYL|r#
山岳,さんがく,mountains,pegunungan,JLPT_1 JLPT,nJs0S#DzgO
参議院,さんぎいん,House of Councilors,Dewan Penasihat,JLPT_1 JLPT,O7n.x?;S]&
産休,さんきゅう,maternity leave,cuti hamil,JLPT_1 JLPT,k`Pzt}i$UW
サンキュー,サンキュー,thank you,Terima kasih,JLPT_1 JLPT,rQ2myGNLp<
残金,ざんきん,remaining money,sisa uang,JLPT_1 JLPT,E</lr>b527
産後,さんご,"postpartum, after childbirth","pascapersalinan, setelah melahirkan",JLPT_1 JLPT,"Pge/h!,u.x"
残酷,ざんこく,"cruelty, harshness","kekejaman, kekerasan",JLPT_1 JLPT,snLE.]5(UV
産出,さんしゅつ,"yield, produce","menghasilkan, menghasilkan",JLPT_1 JLPT,AItAE0vKn;
参照,さんしょう,"reference, consultation, consultation","referensi, konsultasi, konsultasi",JLPT_1 JLPT,Q=29PP)W-_
参上,さんじょう,"calling on, visiting","menelepon, mengunjungi",JLPT_1 JLPT,w#SP~u0yM;
残高,ざんだか,"(bank) balance, remainder","saldo (bank), sisa",JLPT_1 JLPT,K4gXaj[Vyi
サンタクロース,サンタクロース,Santa Claus,Sinterklas,JLPT_1 JLPT Intermediate_Japanese_Ln.8 Intermediate_Japanese,f/QC`5/{Un
桟橋,さんばし,"wharf, jetty, pier","dermaga, dermaga, dermaga",JLPT_1 JLPT,qY2!_v~;bZ
賛美,さんび,"praise, adoration, glorification","pujian, pemujaan, pemuliaan",JLPT_1 JLPT,e.-RuHb{48
山腹,さんぷく,"hillside, mountainside","lereng bukit, lereng gunung",JLPT_1 JLPT,o2ZZ0`v<eS
産婦人科,さんふじんか,maternity and gynecology department,departemen bersalin dan ginekologi,JLPT_1 JLPT,C-(.5yIOQP
産物,さんぶつ,"product, result, fruit","produk, hasil, buah",JLPT_1 JLPT,E~s#%JNaV$
山脈,さんみゃく,mountain range,pegunungan,JLPT_1 JLPT,x1O?:5^y|C
仕上がり,しあがり,"finish, end, completion","selesai, selesai, selesai",JLPT_1 JLPT,yea;?+baU4
仕上,しあげ,"end, finishing touches","akhir, sentuhan akhir",JLPT_1 JLPT,oEx[)E@iYE
仕上げる,しあげる,"to finish up, to complete","untuk menyelesaikan, untuk menyelesaikan",JLPT_1 JLPT,hK4h`Zw:aS
飼育,しいく,"breeding, raising, rearing","berkembang biak, membesarkan, membesarkan",JLPT_1 JLPT,e5/Z)LI]cr
強いて,しいて,"to dare, to insist","berani, bersikeras",JLPT_1 JLPT,Bomwd0N#[6
シート,シート,seat; sheet,kursi;,JLPT_1 JLPT,u]dm-2Z@p[
ジーパン,ジーパン,jeans,jeans,JLPT_1 JLPT,HXr(ew@{F#
仕入れる,しいれる,"to lay in stock, to replenish stock, to procure","untuk menyimpan persediaan, untuk mengisi kembali persediaan, untuk mengadakan",JLPT_1 JLPT,IFIIG{$W)<
強いる,しいる,"to force, to compel, to coerce","memaksa, memaksa, memaksa",JLPT_1 JLPT,mim3NgV!o^
潮,しお,tide,gelombang pasang,JLPT_1 JLPT,bk[V+Gm9:@
歯科,しか,dentistry,kedokteran gigi,JLPT_1 JLPT,OAZ`Wrx_o9
自我,じが,"self, ego","diri sendiri, ego",JLPT_1 JLPT,b-m;dw=d{Y
自覚,じかく,self-conscious,sadar diri,JLPT_1 JLPT,i/]v!LT[`[
仕掛,しかけ,"device, trick, mechanism","perangkat, trik, mekanisme",JLPT_1 JLPT,Jsems8J4`^
仕掛ける,しかける,"to lay, to set, to wage","untuk meletakkan, untuk mengatur, untuk menggaji",JLPT_1 JLPT,Ac40<_hm$3
しかしながら,しかしながら,"however, nevertheless","namun, bagaimanapun juga",JLPT_1 JLPT,Hq^C6[L3R8
色彩,しきさい,color,warna,JLPT_1 JLPT,G$Z8Bsx{4U
式場,しきじょう,"ceremonial hall, place of ceremony (e.g., marriage)","aula upacara, tempat upacara (misalnya pernikahan)",JLPT_1 JLPT,rHP.1FI!Xg
しきたり,しきたり,"custom, conventional practice, tradition","kebiasaan, praktik konvensional, tradisi",JLPT_1 JLPT,sw_]y<P?Kn
事業,じぎょう,"project, enterprise, business","proyek, perusahaan, bisnis",JLPT_1 JLPT,A#sQ/bEEtj
軽蔑,けいべつ,"scorn, disdain","mencemooh, meremehkan",JLPT_1 JLPT,"lOS,!wvUe["
経歴,けいれき,"personal history, career","sejarah pribadi, karier",JLPT_1 JLPT,D*n(@DRyq`
経路,けいろ,"course, route, channel","kursus, rute, saluran",JLPT_1 JLPT,AQ(D;C-S!0
けがらわしい,けがらわしい,"filthy, unfair","kotor, tidak adil",JLPT_1 JLPT,lJNQ&9#g@p
劇団,げきだん,"troupe, theatrical company","rombongan, perusahaan teater",JLPT_1 JLPT,%y17:4{hj
激励,げきれい,encouragement,dorongan,JLPT_1 JLPT,C6/gh1N08I
ゲスト,ゲスト,guest,tamu,JLPT_1 JLPT,lW>d7fCUoL
獣,けだもの,"beast, brute","binatang buas, kasar",JLPT_1 JLPT,"o.IW_<j!,1"
決,けつ,"decision, vote","keputusan, pemungutan suara",JLPT_1 JLPT,h7W;[eV_6*
決意,けつい,"decision, determination","keputusan, tekad",JLPT_1 JLPT,Gg{:k%<AT6
結核,けっかく,tuberculosis,TBC,JLPT_1 JLPT,dB99/5N;ta
決議,けつぎ,"resolution, vote, decision","resolusi, pemungutan suara, keputusan",JLPT_1 JLPT,tcKhTpRM%o
結合,けつごう,"combination, union","kombinasi, persatuan",JLPT_1 JLPT,Q*@FzK(@81
決算,けっさん,"balance sheet, settlement of accounts","neraca, penyelesaian rekening",JLPT_1 JLPT,z2iqWC-nB~
月謝,げっしゃ,monthly tuition fee,biaya kuliah bulanan,JLPT_1 JLPT,t[*0i:*.#i
決勝,けっしょう,finals (in sports),final (dalam olahraga),JLPT_1 JLPT,NFjb:+3q7*
結晶,けっしょう,"crystal, crystallization","kristal, kristalisasi",JLPT_1 JLPT,x*(Q^EE$u3
結成,けっせい,formation,pembentukan,JLPT_1 JLPT,c_%F>ZhYyr
結束,けっそく,"union, unity","kesatuan, kesatuan",JLPT_1 JLPT,JdP5@BTWkb
げっそり,げっそり,"being disheartened, losing weight","menjadi berkecil hati, menurunkan berat badan",JLPT_1 JLPT,EtlnVvKbZd
決断,けつだん,"decision, determination","keputusan, tekad",JLPT_1 JLPT,w;j;5-!>6(
月賦,げっぷ,monthly installment,angsuran bulanan,JLPT_1 JLPT,I{X4ZTn7X9
欠乏,けつぼう,shortage,kekurangan,JLPT_1 JLPT,x8kzLzQh~#
蹴飛ばす,けとばす,"to kick away, to kick (someone)","untuk menendang, menendang (seseorang)",JLPT_1 JLPT,b5){X3eg^W
けなす,けなす,to speak ill of,untuk berbicara buruk tentang,JLPT_1 JLPT,BA]o8V-nRc
煙たい,けむたい,"smoky, feeling awkward","berasap, merasa canggung",JLPT_1 JLPT,M_8T~aeKk.
煙る,けむる,"to smoke (e.g., fire)",merokok (misalnya api),JLPT_1 JLPT,"O+^L$,-au7"
獣,けもの,"beast, brute","binatang buas, kasar",JLPT_1 JLPT,q-7J3|/7Vg
家来,けらい,"retainer, retinue, servant","punggawa, pengiring, pelayan",JLPT_1 JLPT,n|b=[)XZ>2
下痢,げり,diarrhea,diare,JLPT_1 JLPT Intermediate_Japanese_Ln.12 Intermediate_Japanese,D94n#KX+u`
権威,けんい,"authority, power, influence","otoritas, kekuasaan, pengaruh",JLPT_1 JLPT,lZZG^l>c$z
兼業,けんぎょう,holding two jobs at the same time,memegang dua pekerjaan pada saat yang bersamaan,JLPT_1 Intermediate_Japanese_Ln.14 JLPT Intermediate_Japanese,x9DFE@YYzp
原形,げんけい,"original form, base form","bentuk asli, bentuk dasar",JLPT_1 JLPT,"y2|y)U#`,-"
原型,げんけい,"prototype, model, archetypal","prototipe, model, pola dasar",JLPT_1 JLPT,"d5x_w+I&U,"
権限,けんげん,"power, authority, jurisdiction","kekuasaan, otoritas, yurisdiksi",JLPT_1 JLPT,wsBe&qWS]u
現行,げんこう,"present, current, in operation","sekarang, saat ini, sedang beroperasi",JLPT_1 JLPT,cB#>jxDt}]
健在,けんざい,"in good health, well","dalam keadaan sehat, ya",JLPT_1 JLPT,K?xI8~wHA>
原作,げんさく,original work,karya asli,JLPT_1 JLPT,"K<e+,WSWtr"
検事,けんじ,public prosecutor,jaksa penuntut umum,JLPT_1 JLPT,H[xn?@;-+x
原子,げんし,atom,atom,JLPT_1 JLPT,"b[T}G,9]G?"
元首,げんしゅ,"ruler, sovereign","penguasa, berdaulat",JLPT_1 JLPT,cJ-$.|^5r+
原書,げんしょ,original document,dokumen asli,JLPT_1 JLPT,wBia;+PSDE
懸賞,けんしょう,"offering prizes, winning, reward","menawarkan hadiah, kemenangan, hadiah",JLPT_1 JLPT,B7|NMN9B[B
健全,けんぜん,"health, soundness, wholesome","kesehatan, kesehatan, sehat",JLPT_1 JLPT,u-bm~%/EH(
元素,げんそ,element,elemen,JLPT_1 JLPT,B2tvGhK[&9
同調,どうちょう,"sympathy, agree with, alignment","simpati, setuju, keselarasan",JLPT_1 JLPT,n#0+>4}sN5
到底,とうてい,(cannot) possibly,(tidak bisa) mungkin,JLPT_1 JLPT,C.#O<.PWZ+
動的,どうてき,"dynamic, kinetic","dinamis, kinetik",JLPT_1 JLPT,k^9j&Q>>|N
尊い,とうとい,"precious, valuable, noble","berharga, berharga, mulia",JLPT_1 JLPT,o/:X}@s/ud
貴い,とうとい,"precious, valuable, noble","berharga, berharga, mulia",JLPT_1 JLPT,uE?!53}hB@
同等,どうとう,"equality, equal, same rank","kesetaraan, setara, pangkat yang sama",JLPT_1 JLPT,sS(wNIrQN<
堂々,どうどう,"magnificent, grand, impressive","luar biasa, megah, mengesankan",JLPT_1 JLPT,O@p/U*&n{h
尊ぶ,とうとぶ,"to value, to prize, to esteem","untuk menghargai, untuk menghargai, untuk menghargai",JLPT_1 JLPT,NH2!B2Yh2E
どうにか,どうにか,"in some way or other, one way or another","dalam beberapa cara atau lainnya, dengan satu atau lain cara",JLPT_1 JLPT,l_xfmqX[ub
投入,とうにゅう,"throw, investment, making (an electrical circuit)","melempar, investasi, pembuatan (rangkaian listrik)",JLPT_1 JLPT,mwsjMMb<d>
導入,どうにゅう,"introduction, bringing in, leading in","perkenalan, membawa masuk, memimpin masuk",JLPT_1 JLPT Intermediate_Japanese_Ln.12 Intermediate_Japanese,m1+j$HqcF;
当人,とうにん,"the one concerned, the said person","yang bersangkutan, orang tersebut",JLPT_1 JLPT,l]4=/bCF3a
同封,どうふう,"enclosure (e.g., in a letter)","lampiran (misalnya, dalam surat)",JLPT_1 JLPT,hnY+6g21h_
逃亡,とうぼう,escape,melarikan diri,JLPT_1 JLPT,qqqC#4{p[V
冬眠,とうみん,"hibernation, winter sleep","hibernasi, tidur musim dingin",JLPT_1 JLPT,"B+T>Lb-B&,"
同盟,どうめい,"alliance, union, league","aliansi, persatuan, liga",JLPT_1 JLPT,oBig^AFvC5
どうやら,どうやら,"it seems like, somehow or other","sepertinya, entah bagaimana caranya",JLPT_1 JLPT,LZH$.!k~sm
動力,どうりょく,"power, motive power, dynamic force","kekuatan, kekuatan motif, kekuatan dinamis",JLPT_1 JLPT,gcbdGzw%jw
登録,とうろく,"registration, register, record","pendaftaran, pendaftaran, pencatatan",JLPT_1 JLPT,w(]v<(of^0
討論,とうろん,discussion; debate,diskusi;,JLPT_1 JLPT Intermediate_Japanese_Ln.15 Intermediate_Japanese,ft/}AOp*ZE
遠ざかる,とおざかる,to go far off,untuk pergi jauh,JLPT_1 JLPT,nANBsXm^[4
遠回り,とおまわり,"detour, roundabout way","jalan memutar, jalan memutar",JLPT_1 JLPT,u;(Y+10j3P
トーン,トーン,tone,nada,JLPT_1 JLPT,O1)Y~lZnk@
とかく,とかく,"anyhow, anyway, in any case","bagaimanapun juga, bagaimanapun juga",JLPT_1 JLPT,Jhr>yBj`X[
とがめる,とがめる,"to blame, to rebuke","menyalahkan, menegur",JLPT_1 JLPT,tCyhd<KEBb
時折,ときおり,sometimes,Kadang-kadang,JLPT_1 JLPT,cBC8l)@|Bd
とぎれる,とぎれる,"to pause, to be interrupted","untuk berhenti sejenak, untuk disela",JLPT_1 JLPT,M`gmYE]A0;
研ぐ,とぐ,"to sharpen, to grind, to polish","untuk mengasah, menggiling, memoles",JLPT_1 JLPT,lUJgFysD==
特技,とくぎ,special talent; skill,bakat khusus;,JLPT_1 JLPT Intermediate_Japanese_Ln.8 Intermediate_Japanese,"iyF,MXDXX4"
独裁,どくさい,"dictatorship, despotism","kediktatoran, despotisme",JLPT_1 JLPT,"c+G[A,i*M0"
特産,とくさん,"specialty, special product","khusus, produk khusus",JLPT_1 JLPT,Cyr8}5s:<j
独自,どくじ,"original, peculiar, characteristic","asli, khas, berkarakter",JLPT_1 JLPT,iCBdeKS#GI
特集,とくしゅう,"feature (e.g., newspaper, special edition, report)","fitur (misalnya, surat kabar, edisi khusus, laporan)",JLPT_1 JLPT,wi!>SN]gEF
独占,どくせん,monopoly,monopoli,JLPT_1 JLPT,j~8Pw]-mt@
独創,どくそう,originality,keaslian,JLPT_1 JLPT,gXnxl+EiHr
得点,とくてん,"score, points made","skor, poin dibuat",JLPT_1 JLPT,"u`t,J1?=>5"
特派,とくは,"send specially, special envoy","kirim secara khusus, utusan khusus",JLPT_1 JLPT,HzEPo`9b]p
特有,とくゆう,"characteristic (of, peculiar (to))","karakteristik (dari, khusus (untuk))",JLPT_1 JLPT,s!rvO*5;{%
とげ (をさす),とげ (をさす),thorn,duri,JLPT_1 JLPT,hJ#iZ92?#q
遂げる,とげる,"to accomplish, to achieve, to carry out","untuk mencapai, untuk mencapai, untuk melaksanakan",JLPT_1 JLPT,xrXbhn4rr4
～どころか,～どころか,"rather, far from","sebaliknya, jauh dari",JLPT_1 JLPT,EHH{[82H7I
年頃,としごろ,"age, marriageable age, adolescence","usia, usia menikah, remaja",JLPT_1 JLPT,etGaTJBp9c
戸締り,とじまり,"closing up, locking the doors","menutup, mengunci pintu",JLPT_1 JLPT,br8:Ms=|$#
途上,とじょう,"en/in route, half way","dalam perjalanan, setengah jalan",JLPT_1 JLPT,u0JdXEY0c~
土台,どだい,"foundation, base, basis","landasan, landasan, landasan",JLPT_1 JLPT,cvkea1V_|{
途絶える,とだえる,"to stop, to cease, to come to an end","untuk berhenti, untuk berhenti, untuk mencapai akhir",JLPT_1 JLPT,G6Wu+!]SF@
特許,とっきょ,"special permission, patent","izin khusus, paten",JLPT_1 JLPT,y;*Z>uq]4W
特権,とっけん,"privilege, special right","hak istimewa, hak khusus",JLPT_1 JLPT,k%B0csu$EA
とっさに,とっさに,at once,sekaligus,JLPT_1 JLPT,q}5LIfDsGB
突如,とつじょ,"suddenly, all of a sudden","tiba-tiba, tiba-tiba",JLPT_1 JLPT,vs{$6V?ZhH
とって,とって,"handle, grip, knob","pegangan, pegangan, kenop",JLPT_1 JLPT,G05L%<Kvt?
突破,とっぱ,"breaking through, breakthrough, penetration","menerobos, terobosan, penetrasi",JLPT_1 JLPT,BUU#!_nB`?
土手,どて,"embankment, bank","tanggul, bank",JLPT_1 JLPT,P7Y3[uoFO/
届,とどけ,"report, notification, registration","laporan, pemberitahuan, pendaftaran",JLPT_1 JLPT,k&rtuoJHn+
滞る,とどこおる,"to stagnate, to be delayed","menjadi stagnan, menjadi tertunda",JLPT_1 JLPT,K*Hz>u1V/7
整える,ととのえる,"to put in order, to arrange, to adjust; to get ready, to prepare; to raise money","untuk menertibkan, mengatur, menyesuaikan;",JLPT_1 JLPT,yz)tg)bvJH
止める,とどめる,"to end, to stop, to cease, to resign","untuk mengakhiri, berhenti, berhenti, mengundurkan diri",JLPT_1 JLPT,IgE:xC]C-g
唱える,となえる,"to recite, to chant, to call upon","untuk membaca, untuk melantunkan, untuk memanggil",JLPT_1 JLPT,Gg`8L(I3?q
殿様,とのさま,feudal lord,tuan feodal,JLPT_1 JLPT,xjLi|(N)Y!
土俵,どひょう,arena,arena,JLPT_1 JLPT,kt7if2NoDZ
扉,とびら,"door, opening","pintu, pembukaan",JLPT_1 JLPT,I24=_qRNG{
溝,どぶ,"ditch, drain, gap","parit, saluran pembuangan, celah",JLPT_1 JLPT,Hzol[}&YZl
徒歩,とほ,"walking, going on foot","berjalan, berjalan kaki",JLPT_1 JLPT,Fjm7hAD%fu
土木,どぼく,public works,pekerjaan Umum,JLPT_1 JLPT,jgd#[Gmw^^
とぼける,とぼける,"to play dumb, to feign ignorance, to play innocent, to have a blank facial expression; to play the fool; to be in one's dotage","berpura-pura bodoh, berpura-pura tidak tahu, berpura-pura tidak bersalah, memiliki ekspresi wajah kosong;",JLPT_1 JLPT,HA39$4<O7S
乏しい,とぼしい,"meager, scarce, hard up, poor","sedikit, langka, sulit, miskin",JLPT_1 JLPT,"wt#tsoF,$N"
富,とみ,"wealth, fortune","kekayaan, kekayaan",JLPT_1 JLPT,kl&?2R4Ul?
富む,とむ,"to be rich, to become rich","menjadi kaya, menjadi kaya",JLPT_1 JLPT,Q?~wK|+t|p
共稼ぎ,ともかせぎ,"working together, (husband and wife) earning a living together","bekerja bersama, (suami istri) mencari nafkah bersama",JLPT_1 JLPT,"K<|&apg,,5"
伴う,ともなう,"to accompany, to bring with","untuk menemani, untuk membawa",JLPT_1 JLPT,ntk-`u.Caj
共働き,ともばたらき,dual income (husband and wife both working),penghasilan ganda (suami dan istri sama-sama bekerja),JLPT_1 Intermediate_Japanese_Ln.14 JLPT Intermediate_Japanese,KsJK.WMk9k
ドライ,ドライ,dry,kering,JLPT_1 JLPT,uyF82nwuCT
ドライクリーニング,ドライクリーニング,dry cleaning,pembersihan kering,JLPT_1 JLPT,hI<4F;7$M(
ドライバー,ドライバー,"driver, screwdriver","pengemudi, obeng",JLPT_1 JLPT,JR*AC1{b!P
ドライブイン,ドライブイン,drive in,masuk,JLPT_1 JLPT,lGQ5H]umJ
トラブル,トラブル,trouble (sometimes used as a verb),masalah (terkadang digunakan sebagai kata kerja),JLPT_1 JLPT,fF~?5;]hHp
トランジスター,トランジスター,transistor,transistor,JLPT_1 JLPT,G8*[Jm%i5[
とりあえず,とりあえず,"at once, first of all, for the time being","sekaligus, pertama-tama, untuk saat ini",JLPT_1 JLPT,"A3E,EB~Q2G"
取扱,とりあつかい,"treatment, handling, management","pengobatan, penanganan, penatalaksanaan",JLPT_1 JLPT,rBTr^DU*Cx
取り扱う,とりあつかう,"to treat, to handle, to deal in","untuk mengobati, untuk menangani, untuk menangani",JLPT_1 JLPT,f<xt2FJB#W
鳥居,とりい,Shinto shrine archway,Gapura kuil Shinto,JLPT_1 JLPT,bwgFGu0jgU
取り替え,とりかえ,"swap, exchange","tukar, tukar",JLPT_1 JLPT,"LmK#s,9;im"
取り組む,とりくむ,"to tackle, to engage in a bout, to come to grips with","untuk mengatasi, untuk terlibat dalam pertarungan, untuk mengatasi",JLPT_1 JLPT,FUhxb`Icnx
取締り,とりしまり,"control, crackdown, supervision","pengendalian, penindakan, pengawasan",JLPT_1 JLPT,Nn_#J1j`cb
取り締まる,とりしまる,"to crack down, to control, to supervise","untuk menindak, mengendalikan, mengawasi",JLPT_1 JLPT,u>YtS}dO87
取り調べる,とりしらべる,"to investigate, to examine","untuk menyelidiki, untuk memeriksa",JLPT_1 JLPT,"lTv.J/i,RR"
取り立てる,とりたてる,"to collect, to extort","untuk mengumpulkan, memeras",JLPT_1 JLPT,u]pjW8@;4G
取り次ぐ,とりつぐ,"to act as an agent for, to announce (someone), to convey (a message)","untuk bertindak sebagai agen, untuk mengumumkan (seseorang), untuk menyampaikan (pesan)",JLPT_1 JLPT,h81vV]thLx
取り付ける,とりつける,"to furnish, to install; to get someone's agreement","untuk melengkapi, memasang;",JLPT_1 JLPT,OLVn)Sl<l<
取り除く,とりのぞく,"to remove, to take away, to set apart","untuk menghapus, untuk mengambil, untuk memisahkan",JLPT_1 JLPT,hNl.|rVPKI
取引,とりひき,"transactions, dealings, business","transaksi, transaksi, bisnis",JLPT_1 JLPT,QK;D?PC(Iv
取り巻く,とりまく,"to surround, to circle, to enclose","untuk mengelilingi, untuk melingkari, untuk melampirkan",JLPT_1 JLPT,E%Fl$NJpIJ
取り混ぜる,とりまぜる,"to mix, to put together","untuk mencampur, untuk menyatukan",JLPT_1 JLPT,Bo(wYaa}Ah
取り戻す,とりもどす,"to take back, to regain","untuk mengambil kembali, untuk mendapatkan kembali",JLPT_1 JLPT,pPlunQ{V=M
取り寄せる,とりよせる,"to order, to send away for","untuk memesan, untuk mengirim",JLPT_1 JLPT,M^8;v4K?HH
ドリル,ドリル,drill,mengebor,JLPT_1 JLPT,tLuvrWP-bR
副,とりわけ,"especially, above all","khususnya, di atas segalanya",JLPT_1 JLPT,I|~T6euZ&R
とろける,とろける,melt; to be enchanted with,meleleh;,JLPT_1 JLPT,zCt%1bEngS
鈍感,どんかん,"thickheadedness, stolidity","keras kepala, kaku",JLPT_1 JLPT,AGgv#X94Iv
とんだ,とんだ,"terrible, awful, serious, absolutely not","mengerikan, mengerikan, serius, sama sekali tidak",JLPT_1 JLPT,H?67/UOJ%d
度忘れ,どわすれ,"lapse of memory, forget for a moment","hilang ingatan, lupakan sejenak",JLPT_1 JLPT,O3@@XzGoQO
問屋,とんや,wholesale store,toko grosir,JLPT_1 JLPT,L]HWWc9|Rk
内閣,ないかく,"cabinet, (government)","kabinet, (pemerintah)",JLPT_1 JLPT,y)df|:D=Sq
乃至,ないし,"from...to, between...and, or","dari...ke, antara...dan, atau",JLPT_1 JLPT,iAOF?Qa_8q
内緒,ないしょ,"secrecy, privacy, secret","kerahasiaan, privasi, rahasia",JLPT_1 JLPT,u~2eY8N1H4
内心,ないしん,"innermost thoughts, real intention, inmost heart","pikiran yang terdalam, niat yang sungguh-sungguh, hati yang terdalam",JLPT_1 JLPT,qVMnXwPQkx
内蔵,ないぞう,internal organ; built-in,organ dalam;,JLPT_1 JLPT,L]Dm~E_?j[
ナイター,ナイター,"game under lights (e.g., baseball), night game","permainan di bawah lampu (misalnya baseball), permainan malam",JLPT_1 JLPT,w71YMp^g^|
内部,ないぶ,"interior, inside, internal","interior, dalam, internal",JLPT_1 JLPT,Qc_^Hv.8K<
内乱,ないらん,"civil war, domestic conflict","perang saudara, konflik rumah tangga",JLPT_1 JLPT,"nyNNE_],O!"
内陸,ないりく,inland,pedalaman,JLPT_1 JLPT,G}P5V$Jk?4
苗,なえ,rice seedling,bibit padi,JLPT_1 JLPT,D`y6b-_J-}
なおさら,なおさら,"all the more, still less","terlebih lagi, masih kurang",JLPT_1 JLPT,D3]|seyAVE
流し,ながし,sink,tenggelam,JLPT_1 JLPT,sUm$!Jp0[}
長々,ながなが,"long, drawn-out, very long","panjang, berlarut-larut, sangat panjang",JLPT_1 JLPT,OTwM?YMLfQ
中程,なかほど,"middle, midway","tengah, di tengah jalan",JLPT_1 JLPT,A)F$iP@]z@
渚,なぎさ,"water's edge, beach, shore","tepi air, pantai, pantai",JLPT_1 JLPT,zd22=yfA9n
嘆く,なげく,"to sigh, to lament, to grieve","untuk menghela nafas, untuk meratap, untuk berduka",JLPT_1 JLPT,ilzJ;<!YjV
投げ出す,なげだす,"to abandon, to throw out","untuk meninggalkan, membuang",JLPT_1 JLPT,vl-:<#dR[!
仲人,なこうど,"go-between, matchmaker","perantara, mak comblang",JLPT_1 JLPT,kknZLw#*&s
和やか,なごやか,"mild, calm, harmonious","ringan, tenang, harmonis",JLPT_1 JLPT,EbN._V9![%
名残,なごり,"remains, traces, memory","sisa, jejak, kenangan",JLPT_1 JLPT,oz>_]^qFZM
情け,なさけ,"sympathy, compassion","simpati, kasih sayang",JLPT_1 JLPT,D|r~;|9R]k
情無い,なさけない,"miserable, pitiable, shameful","menyedihkan, menyedihkan, memalukan",JLPT_1 JLPT,N<_jdqMHiS
情深い,なさけぶかい,"tender-hearted, compassionate","berhati lembut, penyayang",JLPT_1 JLPT,P:u6w48-M4
詰る,なじる,"to rebuke, to scold, to tell off","menegur, memarahi, menegur",JLPT_1 JLPT,m2ug%F|{:P
名高い,なだかい,"famous, celebrated, well-known","terkenal, dirayakan, terkenal",JLPT_1 JLPT,CAOqe%9eXa
雪崩,なだれ,avalanche,salju longsor,JLPT_1 JLPT,i|el8n-PMm
懐く,なつく,to become emotionally attached,menjadi terikat secara emosional,JLPT_1 JLPT,g];Z(M#sXQ
名付ける,なづける,to name,untuk memberi nama,JLPT_1 JLPT,NJQx_8`$@d
何気ない,なにげない,"casual, unconcerned","biasa saja, tidak peduli",JLPT_1 JLPT,GCR5kv%JGq
なにとぞ,なにとぞ,"please, kindly, by all means","tolong, mohon, dengan segala cara",JLPT_1 JLPT,lQ*Q=lmCB7
なにより,なにより,"most, best","paling, terbaik",JLPT_1 JLPT,Ifj=x)`!7.
ナプキン,ナプキン,napkin,serbet,JLPT_1 JLPT,dY;w6ETO=:
名札,なふだ,"name plate, name tag","papan nama, papan nama",JLPT_1 JLPT,"H,LzU#iC|r"
生臭い,なまぐさい,"smelling of fish or blood, fish or meat","berbau ikan atau darah, ikan atau daging",JLPT_1 JLPT,vDPDWlb?&h
生温い,なまぬるい,"lukewarm, halfhearted","suam-suam kuku, setengah hati",JLPT_1 JLPT,G~a-u$_3U#
生身,なまみ,"living flesh, flesh and blood, the quick","daging yang hidup, daging dan darah, yang cepat",JLPT_1 JLPT,mdk5@{-d$q
鉛,なまり,lead (the metal),timbal (logam),JLPT_1 JLPT,clLq6d~d8L
滑らか,なめらか,"smoothness, glassiness","kehalusan, seperti kaca",JLPT_1 JLPT,F~B/LW)1su
嘗める,なめる,to lick; to experience; to make fun of,untuk menjilat;,JLPT_1 JLPT,"h&h,RaX>m("
悩ましい,なやましい,"seductive, melancholy, languid","menggoda, melankolis, lesu",JLPT_1 JLPT,vf@^4N2dLC
悩ます,なやます,"to bother, to harass, to molest","mengganggu, melecehkan, menganiaya",JLPT_1 JLPT,jR2E;(CfhM
悩み,なやみ,"trouble(s), worry, distress","masalah, kekhawatiran, kesusahan",JLPT_1 JLPT Genki_Ln.19 Genki,"rYH,[!J71-"
並びに,ならびに,and,Dan,JLPT_1 JLPT,Ny*4D`O(3Y
成り立つ,なりたつ,"to consist of; to be practical (logical, feasible, viable), to be concluded, to hold true",terdiri dari;,JLPT_1 JLPT,m1{^Hc5[&f
なるたけ,なるたけ,"as much as possible, if possible","sebanyak mungkin, jika memungkinkan",JLPT_1 JLPT,y(q.AD0L#F
慣れ,なれ,"practice, experience","latihan, pengalaman",JLPT_1 JLPT,j7[97Xg7/>
馴々しい,なれなれしい,"familiar, make free with","akrab, bebaskan dengan",JLPT_1 JLPT,shT?wsHw[_
～なんか,～なんか,in the least ~,setidaknya ~,JLPT_1 JLPT,d.Q@D)R`y/
ナンセンス,ナンセンス,nonsense,omong kosong,JLPT_1 JLPT,moW2Xjtt^+
何だか,なんだか,"a little, somewhat, somehow","sedikit, entah bagaimana, entah bagaimana",JLPT_1 JLPT Intermediate_Japanese Intermediate_Japanese_Ln.11,hYSEqVkL.V
なんだかんだ,なんだかんだ,something or other,sesuatu atau lainnya,JLPT_1 JLPT,Hjnd-`9LXB
なんなり,なんなり,"anything, whatever","apa pun, apa pun",JLPT_1 JLPT,w_?<3$dc`X
荷,に,"load, baggage, cargo","muatan, bagasi, kargo",JLPT_1 JLPT,yqk%}[]JXT
似通う,にかよう,to resemble closely,sangat mirip,JLPT_1 JLPT,Dm9*/_j8S;
にきび,にきび,"pimple, acne","jerawat, jerawat",JLPT_1 JLPT,e&g:V:ku_]
賑わう,にぎわう,"to prosper, to flourish, to be crowded with people","untuk makmur, untuk berkembang, untuk menjadi ramai dengan orang-orang",JLPT_1 JLPT,g#ovh${-3n
憎しみ,にくしみ,hatred,kebencian,JLPT_1 JLPT,QPkVwq]vjj
肉親,にくしん,"blood relationship, blood relative","hubungan darah, saudara sedarah",JLPT_1 JLPT,uWXLxRMJ+O
肉体,にくたい,"the body, the flesh","tubuh, daging",JLPT_1 JLPT,gnN00<v<{9
逃げ出す,にげだす,"to run away, to escape from","untuk melarikan diri, untuk melarikan diri dari",JLPT_1 JLPT,fl)eIr9*lI
西日,にしび,westering sun,matahari barat,JLPT_1 JLPT,K3I7nq2l;L
滲む,にじむ,"to run, to blur, to spread","untuk berlari, mengaburkan, menyebar",JLPT_1 JLPT,o9up<Sz=ve
にせ物,にせもの,"imitation, counterfeit","imitasi, palsu",JLPT_1 JLPT,A=&EK6O#1I
日夜,にちや,"day and night, always","siang dan malam, selalu",JLPT_1 JLPT,i%dEbeqYtB
荷造り,にづくり,"packing, baling, crating","pengepakan, baling, peti",JLPT_1 JLPT,qOwG&WZKL2
担う,になう,"to carry on shoulder, to bear (burden), to shoulder (gun)","memikul di bahu, memikul (beban), memikul (pistol)",JLPT_1 JLPT,F#SgKxy?S*
鈍る,にぶる,"to become less capable, to grow dull, to become blunt, to weaken","menjadi kurang mampu, menjadi tumpul, menjadi tumpul, melemah",JLPT_1 JLPT,L.(Z=bmrwj
にも関わらず,にもかかわらず,"in spite of, nevertheless",meskipun demikian,JLPT_1 JLPT,KlWPE-D`h0
ニュアンス,ニュアンス,nuance,nuansa,JLPT_1 JLPT,LUTAFMalyV
ニュー,ニュー,new,baru,JLPT_1 JLPT,"Gfvoid,rAZ"
入手,にゅうしゅ,"obtaining, coming to hand","memperoleh, datang ke tangan",JLPT_1 JLPT,KYs]w;nq{f
入賞,にゅうしょう,winning a prize or place (in a contest,memenangkan hadiah atau tempat (dalam sebuah kontes,JLPT_1 JLPT,"QQ,s.4v3{f"
入浴,にゅうよく,"bathe, bathing","mandi, mandi",JLPT_1 JLPT,K$j=e4Tdlp
尿,にょう,urine,air seni,JLPT_1 JLPT,jT5|c!zG9i
認識,にんしき,"recognition, cognizance","pengakuan, kesadaran",JLPT_1 JLPT,"sX|,Qiq}<w"
妊娠,にんしん,"conception, pregnancy","konsepsi, kehamilan",JLPT_1 JLPT,j|`SG%:20Y
任務,にんむ,"duty, mission, task","tugas, misi, tugas",JLPT_1 JLPT,h6lc;]{2nu
任命,にんめい,"appointment, nomination, ordination","pengangkatan, pencalonan, penahbisan",JLPT_1 JLPT,En]Zo|mh[y
抜かす,ぬかす,"to omit, to leave out","untuk menghilangkan, untuk meninggalkan",JLPT_1 JLPT,B_-9.@R#h`
抜け出す,ぬけだす,"to slip out, to sneak away, to excel","untuk menyelinap keluar, untuk menyelinap pergi, untuk unggul",JLPT_1 JLPT,pLSh/TV^OR
主,ぬし,"owner, master, god","pemilik, tuan, dewa",JLPT_1 JLPT Intermediate_Japanese_Ln.13 Intermediate_Japanese,f$iPQS#{]6
沼,ぬま,"swamp, bog, pond","rawa, rawa, kolam",JLPT_1 JLPT,q-TqHFf#eJ
音色,ねいろ,"tone color, timbre","warna nada, timbre",JLPT_1 JLPT,C=~bfd:qmo
値打ち,ねうち,"value, worth, price","nilai, nilai, harga",JLPT_1 JLPT,s_}27&HmzM
ネガ,ネガ,(photographic) negative,(fotografi) negatif,JLPT_1 JLPT,tRtoeF@*NA
寝かせる,ねかせる,"to put to bed, to lay down, to ferment","untuk ditidurkan, untuk berbaring, untuk berfermentasi",JLPT_1 JLPT,i8aC;^zTA&
ねじまわし,ねじまわし,screwdriver,obeng,JLPT_1 JLPT,lC3$+z.Dp9
捩れる,ねじれる,"twist, strain","putar, saring",JLPT_1 JLPT,Shp4gNU#M
妬む,ねたむ,"to be jealous, to be envious","menjadi cemburu, menjadi iri",JLPT_1 JLPT,LkwOsP2luZ
ねだる,ねだる,"to nag, to demand","mengomel, menuntut",JLPT_1 JLPT,bqJI({hGlV
熱意,ねつい,"zeal, enthusiasm","semangat, antusiasme",JLPT_1 JLPT,rd11dz%oP<
熱湯,ねっとう,boiling water,air mendidih,JLPT_1 JLPT,yBQ@*k[rMd
熱量,ねつりょう,calorific value,nilai kalori,JLPT_1 JLPT,yVC<gDS.Nb
粘り,ねばり,"stickiness, viscosity","lengket, viskositas",JLPT_1 JLPT,BvIS%RjDgh
粘る,ねばる,"to be sticky, to be adhesive, to persist, to stick to","menjadi lengket, menjadi perekat, bertahan, menempel",JLPT_1 JLPT,q5idXyJ?~3
値引き,ねびき,"price reduction, discount","penurunan harga, diskon",JLPT_1 JLPT,ppHz}aRok7
根回し,ねまわし,making necessary arrangements,membuat pengaturan yang diperlukan,JLPT_1 JLPT,k|jB&4ScOn
眠たい,ねむたい,sleepy,mengantuk,JLPT_1 JLPT,A:U[i:g3Mu
練る,ねる,"to knead, to work over, to polish up","untuk menguleni, mengerjakan ulang, memoles",JLPT_1 JLPT,OcA{._U(He
念,ねん,"sense, feeling, desire","rasa, perasaan, keinginan",JLPT_1 JLPT,uVWX2{yDLk
年賀,ねんが,"New Year's greetings, New Year's card","Salam Tahun Baru, kartu Tahun Baru",JLPT_1 JLPT,P$?kkzx-4;
念願,ねんがん,"one's heart's desire, earnest petition","keinginan hati seseorang, permohonan yang sungguh-sungguh",JLPT_1 JLPT,N2]ye^.%%-
年号,ねんごう,"name of an era, year number","nama zaman, nomor tahun",JLPT_1 JLPT,bLo0`T)GZr
燃焼,ねんしょう,"burning, combustion","pembakaran, pembakaran",JLPT_1 JLPT,zKpI9!^gxJ
年長,ねんちょう,seniority,senioritas,JLPT_1 JLPT,L5;%C?!rKM
燃料,ねんりょう,fuel,bahan bakar,JLPT_1 JLPT,rltcX_fvi[
年輪,ねんりん,annual tree ring,lingkaran pohon tahunan,JLPT_1 JLPT,b+fwXle>0o
ノイローゼ,ノイローゼ,neurosis (GER: Neurose),neurosis (GER: Neurosis),JLPT_1 JLPT,"J+@dVGG,?/"
農耕,のうこう,"farming, agriculture","pertanian, pertanian",JLPT_1 JLPT,s|V;EQ<DFG
農場,のうじょう,farm,peternakan,JLPT_1 JLPT,f{r<5W&Bpu
農地,のうち,agricultural land,lahan pertanian,JLPT_1 JLPT,gFlV*(m#WE
納入,のうにゅう,"payment, supply","pembayaran, pasokan",JLPT_1 JLPT,K9YdM1s/F>
逃す,のがす,"to let loose, to set free, to let escape","untuk melepaskan, untuk membebaskan, untuk melepaskan diri",JLPT_1 JLPT,cfjj1lW1R
逃れる,のがれる,to escape,untuk melarikan diri,JLPT_1 JLPT,ur0/yS?G.F
軒並,のきなみ,row of houses; uniformly,deretan rumah;,JLPT_1 JLPT,gYh0C^=J<1
望ましい,のぞましい,"desirable, hoped for","diinginkan, diharapkan",JLPT_1 JLPT,O~bUfdZRZc
乗っ取る,のっとる,"to capture, to occupy, to take over","untuk menangkap, menduduki, mengambil alih",JLPT_1 JLPT,D>275*`Xs9
のどか,のどか,"tranquil, calm, quiet","tenang, tenang, tenang",JLPT_1 JLPT,IT.<Z@]SZ.
罵る,ののしる,"to speak ill of, to abuse","untuk berbicara buruk, untuk melecehkan",JLPT_1 JLPT,o]7]HcCGpH
延べ,のべ,"futures, credit (buying), stretching, total","berjangka, kredit (pembelian), peregangan, total",JLPT_1 JLPT,Eb3R}G~vq&
飲み込む,のみこむ,"to gulp down, to swallow deeply, to understand","untuk menelan, untuk menelan dalam-dalam, untuk memahami",JLPT_1 JLPT Intermediate_Japanese_Ln.12 Intermediate_Japanese,fwLCsj3c:^
乗り込む,のりこむ,"to board, to get into (a car); to march into, to enter","untuk naik, untuk masuk ke dalam (mobil);",JLPT_1 JLPT,"P^t~AIQ,:b"
刃,は,"blade, sword","pedang, pedang",JLPT_1 JLPT,s8NuMFbIpb
～派,～は,"group, party, section (mil)","kelompok, pesta, bagian (mil)",JLPT_1 JLPT,qMeKLND8O$
バー,バー,bar,batang,JLPT_1 JLPT,xD;./&*C~}
把握,はあく,"grasp, catch, understanding","pegang, tangkap, pahami",JLPT_1 JLPT,DFve{Ag1B(
パート,パート,part-time job,pekerjaan paruh waktu,JLPT_1 JLPT Intermediate_Japanese_Ln.8 Intermediate_Japanese,OK)Lf1Yk5g
廃棄,はいき,"disposal, abandon, discarding","membuang, meninggalkan, membuang",JLPT_1 JLPT,"t,]x!4!SsB"
配給,はいきゅう,"distribution (e.g., films, rice","distribusi (misalnya, film, beras",JLPT_1 JLPT,BIJAh&96+q
ばい菌,ばいきん,"bacteria, germ(s)","bakteri, kuman",JLPT_1 JLPT,F@%B4+?fE|
配偶者,はいぐうしゃ,spouse,pasangan,JLPT_1 JLPT,j5as3|4RM2
拝啓,はいけい,-- a formal greeting used at the beginning of a letter --,-- sapaan formal yang digunakan di awal surat --,Intermediate_Japanese_Ln.4 JLPT_1 JLPT Intermediate_Japanese,+.sAx2wLV
背景,はいけい,"background, scenery, setting","latar belakang, pemandangan, pengaturan",JLPT_1 JLPT,B;EWwcKw8a
背後,はいご,"back, rear","belakang, belakang",JLPT_1 JLPT,"l$UvE^.,2i"
廃止,はいし,"abolition, repeal","penghapusan, pencabutan",JLPT_1 JLPT,"D{,71BeMS8"
拝借,はいしゃく,(humble) (polite) borrowing,(rendah hati) (sopan) meminjam,JLPT_1 JLPT,"w!,O.|Pr}V"
排除,はいじょ,"exclusion, removal, rejection","pengecualian, penghapusan, penolakan",JLPT_1 JLPT,"e(cIaHsE,F"
賠償,ばいしょう,"reparations, indemnity, compensation","reparasi, ganti rugi, kompensasi",JLPT_1 JLPT,i0;;9:0(Yb
排水,はいすい,drainage,drainase,JLPT_1 JLPT,CI{]`I5(&E
敗戦,はいせん,"defeat, losing a war","kekalahan, kalah perang",JLPT_1 JLPT,JSMF6y%Lj~
配置,はいち,"arrangement (of resources), disposition","pengaturan (sumber daya), disposisi",JLPT_1 JLPT,wZ<r/Id^hw
配布,はいふ,distribution,distribusi,JLPT_1 JLPT,j3UYv2B1e{
配分,はいぶん,"distribution, allotment","distribusi, penjatahan",JLPT_1 JLPT,sPEejO/d9<
敗北,はいぼく,defeat (as a verb it means 'to be defeated'),kekalahan (sebagai kata kerja artinya 'dikalahkan'),JLPT_1 JLPT,=90:_^P$k
倍率,ばいりつ,"diameter, magnification","diameter, perbesaran",JLPT_1 JLPT,h`ahPtUY;b
配慮,はいりょ,"consideration, concern, forethought","pertimbangan, perhatian, pemikiran ke depan",JLPT_1 JLPT,poW=.ChJSm
配列,はいれつ,"arrangement, array (programming)","pengaturan, array (pemrograman)",JLPT_1 JLPT,cC<!?;J:<g
破壊,はかい,destruction,pengrusakan,JLPT_1 JLPT,v!Zp^6YAqE
いたわる,いたわる,"to sympathize with, to console, to care for","untuk bersimpati, untuk menghibur, untuk merawat",JLPT_1 JLPT,wcGai|q>xT
一概に,いちがいに,"unconditionally, necessarily","tanpa syarat, tentu saja",JLPT_1 JLPT,hLV>poM3Dq
著しい,いちじるしい,"remarkable, considerable","luar biasa, cukup besar",JLPT_1 JLPT,"kPPz=m,gRR"
一同,いちどう,"all present, all concerned, all of us","semua yang hadir, semua yang berkepentingan, kita semua",JLPT_1 JLPT,O|v*CB_J$V
一部分,いちぶぶん,"a part, a portion","sebagian, sebagian",JLPT_1 JLPT,kC:AyoQ(VZ
一別,いちべつ,parting,perpisahan,JLPT_1 JLPT,P}9Ns5lV8E
一面,いちめん,"one side, the other hand","satu sisi, sisi lain",JLPT_1 JLPT,Nx0OsZUH*E
一目,いちもく,"a glance, a look, a glimpse","sekilas, sekilas, sekilas",JLPT_1 JLPT,saAg*cc00y
一様,いちよう,"uniform, similar, equal","seragam, serupa, setara",JLPT_1 JLPT,4Npj$}s^v
一律,いちりつ,"even, uniform, equal","genap, seragam, setara",JLPT_1 JLPT,s7Bp#3`c^s
一連,いちれん,"a series, a chain, a ream (of paper)","seri, rantai, rim (kertas)",JLPT_1 JLPT,"K`?fU[;],#"
一括,いっかつ,"all together, batch","semuanya, kumpulan",JLPT_1 JLPT,hhovzuJKNB
一気,いっき,"at one push, in one gulp","dalam satu dorongan, dalam satu tegukan",JLPT_1 JLPT,CgBD$%2<51
一挙に,いっきょに,"at a stroke, with a single swoop","dalam satu pukulan, dengan satu gerakan",JLPT_1 JLPT,F:IKX%#S}~
一見,いっけん,"a look, a glimpse, glance; first meeting","sekilas, sekilas, sekilas;",JLPT_1 JLPT,NZ6>sHobC*
一切,いっさい,"without exception, the whole","tanpa kecuali, keseluruhan",JLPT_1 JLPT,v}WLTgJ@1I
一心,いっしん,"one mind, with rapt attention","satu pikiran, dengan perhatian penuh",JLPT_1 JLPT,cClq^_-/LZ
いっそ,いっそ,"rather, sooner, might as well","sebaliknya, lebih cepat, mungkin juga",JLPT_1 JLPT,Ii]&B%6J^H
一変,いっぺん,complete change,perubahan total,JLPT_1 JLPT,ek#.`h}8]>
意図,いと,"intention, aim, design","niat, tujuan, desain",JLPT_1 JLPT,"Nv%*-6B!(,"
営む,いとなむ,"to carry on (e.g., in ceremony), to run a business","untuk melanjutkan (misalnya, dalam upacara), untuk menjalankan bisnis",JLPT_1 JLPT,DwKEu03*|H
挑む,いどむ,to challenge,untuk menantang,JLPT_1 JLPT,c_-t#iEGZZ
稲光,いなびかり,(flash of) lightning,(kilat) petir,JLPT_1 JLPT,c#^JVd1}UB
祈り,いのり,"prayer, supplication","doa, permohonan",JLPT_1 JLPT,Ma]tANx6d6
いびき,いびき,snoring,keruh,JLPT_1 JLPT,C/{&bugX+}
今更,いまさら,"now, again","sekarang, lagi",JLPT_1 JLPT,hj*29Ug#1R
未だ,いまだ,"yet, still","namun, tetap saja",JLPT_1 JLPT,p:dli@Jl!z
移民,いみん,"emigrant, immigrant","emigran, imigran",JLPT_1 JLPT,CLJ[Ns`Z6Z
嫌々,いやいや,"reluctantly, by no means, unwillingly","dengan enggan, sama sekali tidak dengan enggan",JLPT_1 JLPT,QjHKtey?XJ
卑しい,いやしい,"greedy, vulgar, shabby","serakah, vulgar, lusuh",JLPT_1 JLPT,vBh9gD/$!+
いやに,いやに,"awfully, terribly","sangat, sangat",JLPT_1 JLPT,qpdLL_V*P#
いやらしい,いやらしい,"unpleasant, disgusting, indecent","tidak menyenangkan, menjijikkan, tidak senonoh",JLPT_1 JLPT,D<T6@Y-YD4
意欲,いよく,"will, desire, ambition","kemauan, keinginan, ambisi",JLPT_1 JLPT,Fq(`u%{Obm
威力,いりょく,"power, might, authority","kekuasaan, keperkasaan, otoritas",JLPT_1 JLPT,r5er8dT<)9
衣類,いるい,"clothes, clothing, garments","pakaian, pakaian, pakaian",JLPT_1 JLPT,QbNSCWqQ4!
異論,いろん,"different opinion, objection","berbeda pendapat, keberatan",JLPT_1 JLPT,A?E^7mu[K@
印鑑,いんかん,"stamp, seal","stempel, segel",JLPT_1 JLPT,cTR~#z|<0M
陰気,いんき,"gloom, melancholy","suram, melankolis",JLPT_1 JLPT,A-+&-Fy%1r
隠居,いんきょ,retirement; retired person,masa pensiun;,JLPT_1 JLPT,b^vje[Ox#X
インターチェンジ,インターチェンジ,interchange,pertukaran,JLPT_1 JLPT,"rBKXdv$/G,"
インターナショナル,インターナショナル,international,internasional,JLPT_1 JLPT,JmV&U~p0X$
インターフォン,インターフォン,"entry phone, intercom","telepon masuk, interkom",JLPT_1 JLPT,AO3rDw-;8U
インテリ,インテリ,"(abbr.) egghead, intelligentsia","(abbr.) orang bodoh, intelektual",JLPT_1 JLPT,piGc%@]7]l
インフォメーション,インフォメーション,information,informasi,JLPT_1 JLPT,KO4Fli5w!*
インフレ,インフレ,(abbr.) inflation,(singkatan) inflasi,JLPT_1 JLPT,QC}1+m@@J*
受かる,うかる,to pass (examination),lulus (pemeriksaan),JLPT_1 JLPT,gIq*pkmfp{
受け入れ,うけいれ,"receiving, acceptance","menerima, penerimaan",JLPT_1 JLPT,j&5piEC:H:
受け入れる,うけいれる,"to accept, to receive","menerima, menerima",JLPT_1 JLPT,i_JCrJB_9E
受け継ぐ,うけつぐ,"to inherit, to succeed","untuk mewarisi, untuk sukses",JLPT_1 JLPT,x6H#Y*OpNS
受け付ける,うけつける,"to be accepted, to receive (an application)","untuk diterima, untuk menerima (permohonan)",JLPT_1 JLPT,wJiQ/5Nn/x
受け止める,うけとめる,"to catch, to react to, to take","menangkap, bereaksi, mengambil",JLPT_1 JLPT,kQB/rB@6#x
受身,うけみ,"passive, passive voice","pasif, suara pasif",JLPT_1 JLPT,AB05ev+c>K
受持ち,うけもち,"charge (of something), matter in one's charge","muatan (sesuatu), masalah dalam tanggung jawab seseorang",JLPT_1 JLPT,"DiB3?u$z,A"
動き,うごき,"movement, activity, trend","pergerakan, aktivitas, tren",JLPT_1 JLPT,u]mcX[(LyK
埋める,うずめる,"to bury, to fill","untuk mengubur, untuk mengisi",JLPT_1 JLPT,s1}PR|XGjV
嘘つき,うそつき,liar,pembohong,JLPT_1 JLPT,huy&f$4B!!
うたた寝,うたたね,"dozing, napping","tertidur, tidur siang",JLPT_1 JLPT,g>}T9.Ly4K
打ち明ける,うちあける,"to confess, to be open","untuk mengaku, untuk bersikap terbuka",JLPT_1 JLPT,m>OKlxKk@!
打ち切る,うちきる,"to stop, to abort, to discontinue, to close","untuk berhenti, untuk membatalkan, untuk menghentikan, untuk menutup",JLPT_1 JLPT,NY3MFaZc*o
打ち消し,うちけし,"(gram) negation, denial, negative","(gram) negasi, penolakan, negatif",JLPT_1 JLPT,FFlOc.L!8+
打ち込む,うちこむ,"to devote oneself to, to shoot into","untuk mengabdikan diri, untuk menembak",JLPT_1 JLPT,"iV,JA!*tZ)"
団扇,うちわ,fan,penggemar,JLPT_1 JLPT,AXix@CPuvn
内訳,うちわけ,"the items, breakdown, classification","item, rincian, klasifikasi",JLPT_1 JLPT,"kc.tS5mj},"
写し,うつし,"copy, duplicate","salin, duplikat",JLPT_1 JLPT,o]mr>S?=4H
訴え,うったえ,"lawsuit, complaint","gugatan, pengaduan",JLPT_1 JLPT,L0%2@MBXxQ
うっとうしい,うっとうしい,"weary, annoying","lelah, menjengkelkan",JLPT_1 JLPT,D_nkEIxjCi
うつむく,うつむく,"to look downward, to stoop","untuk melihat ke bawah, untuk membungkuk",JLPT_1 JLPT,vZ9f:pDf9{
空ろ,うつろ,"blank, hollow, empty","kosong, kosong, kosong",JLPT_1 JLPT,gT)UMo=-nJ
器,うつわ,"bowl, vessel, container","mangkuk, bejana, wadah",JLPT_1 JLPT,wCFSLHrDCy
腕前,うでまえ,"ability, skill, facility","kemampuan, keterampilan, fasilitas",JLPT_1 JLPT,M#fh/cwlNl
雨天,うてん,rainy weather,cuaca hujan,JLPT_1 JLPT,w*!:re!1<+
促す,うながす,"to urge, to suggest, to demand","untuk mendesak, menyarankan, menuntut",JLPT_1 JLPT,wV^GWyWg_j
うぬぼれ,うぬぼれ,"pretension, conceit, hubris","pretensi, kesombongan, keangkuhan",JLPT_1 JLPT,m]YR4b{=@z
生まれつき,うまれつき,"by nature, by birth, native","secara alami, sejak lahir, asli",JLPT_1 JLPT,vf1rqkwzEV
埋め込む,うめこむ,"to embed, implant","untuk menanamkan, menanamkan",JLPT_1 JLPT,xua#+HlIBN
梅干し,うめぼし,dried plum,prem kering,JLPT_1 JLPT,y[D$6jL9AV
裏返し,うらがえし,"inside out, reverse","dalam ke luar, terbalik",JLPT_1 JLPT,x!`i3g6fj/
売り出し,うりだし,(bargain) sale,(tawar-menawar) penjualan,JLPT_1 JLPT,e#9|l1/ymz
売り出す,うりだす,"to put on sale, to market","untuk dijual, ke pasar",JLPT_1 JLPT,gIddcx*`Ct
潤う,うるおう,to be moist; to profit by,menjadi lembab;,JLPT_1 JLPT,iEM[52wf::
浮気,うわき,"affair, to cheat","perselingkuhan, untuk menipu",JLPT_1 JLPT,niMRrvhuXD
上回る,うわまわる,to exceed,melebihi,JLPT_1 JLPT,xvIWa_An&S
植わる,うわる,to be planted,untuk ditanam,JLPT_1 JLPT,q/mwW_I)&k
運営,うんえい,"management, administration, operation","manajemen, administrasi, operasi",JLPT_1 JLPT,m*%9#Uxp/F
うんざり,うんざり,"tedious, boring, being fed up with","membosankan, membosankan, muak dengan",JLPT_1 JLPT,G<U}3bYTX=
運送,うんそう,"shipping, freight","pengiriman, pengangkutan",JLPT_1 JLPT,DH/^v}5V5H
運賃,うんちん,"freight rates, shipping expenses, (passenger) fare","tarif angkutan, biaya pengiriman, tarif (penumpang).",JLPT_1 JLPT Intermediate_Japanese_Ln.10 Intermediate_Japanese,"OS<,k|.D(5"
云々,うんぬん,"and so on, and so forth","dan seterusnya, dan seterusnya",JLPT_1 JLPT,LiOOViPg]s
運搬,うんぱん,"transport, carriage","transportasi, pengangkutan",JLPT_1 JLPT,KHqZvxZ@6.
運命,うんめい,fate,takdir,JLPT_1 JLPT,l3_#00|#9V
運輸,うんゆ,transportation,angkutan,JLPT_1 JLPT,"M~H0atu}?,"
運用,うんよう,"making use of, application, practical use","pemanfaatan, penerapan, penggunaan praktis",JLPT_1 JLPT,P{!{:>o!_q
エアメール,エアメール,air mail,surat udara,JLPT_1 JLPT,q`%AC;;9Ta
～営,～えい,~ run,~ lari,JLPT_1 JLPT,dP^UCy0C~l
英字,えいじ,English letter (character),Huruf bahasa Inggris (karakter),JLPT_1 JLPT,"J1lN,M8$1h"
映写,えいしゃ,projection,proyeksi,JLPT_1 JLPT,x`Mnz)m&qb
映像,えいぞう,"reflection, image","refleksi, gambar",JLPT_1 JLPT,m?:Se-SQN4
英雄,えいゆう,"hero, great man","pahlawan, pria hebat",JLPT_1 JLPT,lpc:AiI>>Z
液,えき,"liquid, fluid","cair, cair",JLPT_1 JLPT,r(jP%;ZEI5
閲覧,えつらん,"inspection, reference, browse","inspeksi, referensi, jelajahi",JLPT_1 JLPT,hDsmHpZ7Os
獲物,えもの,"game, spoils, trophy","permainan, rampasan, piala",JLPT_1 JLPT,5*sGNpi>A
襟,えり,"neck, collar","leher, kerah",JLPT_1 JLPT,tRB]@ee=lY
エレガント,エレガント,elegant,anggun,JLPT_1 JLPT,efgo>`$5}C
円滑,えんかつ,"harmony, smoothness","harmoni, kehalusan",JLPT_1 JLPT,Kb_Dvgh:lA
縁側,えんがわ,"veranda, porch, balcony, open corridor","beranda, beranda, balkon, koridor terbuka",JLPT_1 JLPT,wyHg^[mZl2
沿岸,えんがん,"coast, shore","pantai, pantai",JLPT_1 JLPT,AovU9kG]Un
婉曲,えんきょく,"euphemistic, indirect, insinuating","eufemistik, tidak langsung, menyindir",JLPT_1 JLPT,G;:<3(vTfF
演出,えんしゅつ,"production (erg. play, direction)","produksi (misalnya permainan, pengarahan)",JLPT_1 JLPT,"wf^,)@RdCb"
エンジニア,エンジニア,engineer,insinyur,JLPT_1 JLPT,B{mLrpXMY9
演じる,えんじる,"to perform, to play (a part), to act","untuk melakukan, memainkan (bagian), bertindak",JLPT_1 JLPT,"w/:3TeD,r|"
演ずる,えんずる,"to perform, to play (a part), to act","untuk melakukan, memainkan (bagian), bertindak",JLPT_1 JLPT,D7;+x/XKhh
沿線,えんせん,along railway line,sepanjang jalur kereta api,JLPT_1 JLPT,ALo8teWhD7
縁談,えんだん,marriage proposal,lamaran pernikahan,JLPT_1 JLPT,noJgGKIj8x
遠方,えんぽう,"long way, distant place","jauh sekali, tempat yang jauh",JLPT_1 JLPT,OzC<9.M=Ar
円満,えんまん,"harmony, peace, smoothness","harmoni, kedamaian, kelancaran",JLPT_1 JLPT,Ct:pLi;{3A
追い込む,おいこむ,"to herd, to corner, to drive","untuk menggembalakan, untuk menyudutkan, untuk mengemudi",JLPT_1 JLPT,AR1qUDM@P)
追い出す,おいだす,"to expel, to drive out","untuk mengusir, mengusir",JLPT_1 JLPT,"riRN3`p,`k"
於いて,おいて,"at, in, on","di, di, di",JLPT_1 JLPT,ijyE>WQ}KT
老いる,おいる,"to age, to grow old","menjadi tua, menjadi tua",JLPT_1 JLPT,Fq*tJ8V7V$
応急,おうきゅう,emergency,keadaan darurat,JLPT_1 JLPT,P7w*v4FZJr
黄金,おうごん,gold,emas,JLPT_1 JLPT,mYt_k*xkZ.
往診,おうしん,"doctor's visit, house call","kunjungan dokter, panggilan rumah",JLPT_1 JLPT,KYeqnnZ=-9
応募,おうぼ,"subscription, application","berlangganan, aplikasi",JLPT_1 JLPT,b[VDDlfAs0
おおい (かん),おおい (かん),hey,Hai,JLPT_1 JLPT,"oI,HaDOI/S"
大方,おおかた,"almost all, majority","hampir semuanya, mayoritas",JLPT_1 JLPT,xJaUka+CN:
大柄,おおがら,"large build, large pattern","bentuk besar, pola besar",JLPT_1 JLPT,"GWS,d=cM(:"
おおげさ,おおげさ,"grandiose, exaggerated","muluk-muluk, berlebihan",JLPT_1 JLPT,oddUsiCw^V
大筋,おおすじ,"outline, summary","garis besar, ringkasan",JLPT_1 JLPT,Hs`P|H+T!]
大空,おおぞら,"heaven, the sky","surga, langit",JLPT_1 JLPT,x&4e(F[|Hd
オートマチック,オートマチック,automatic,otomatis,JLPT_1 JLPT,Ma<]_+LJWL
大幅,おおはば,"full width, large scale, drastic","lebar penuh, skala besar, drastis",JLPT JLPT_1 MediaMissing,c`*FbFL7!*
おおまかな,おおまかな,"rough, approximate","kasar, perkiraan",JLPT_1 JLPT,h|xK)[LK#`
大水,おおみず,flood,banjir,JLPT_1 JLPT,lHnH3YrPE%
公,おおやけ,public,publik,JLPT_1 JLPT,oI.<`;>b`b
犯す,おかす,"to perpetrate, to violate","melakukan, melanggar",JLPT_1 JLPT,r}qWP|]B{j
侵す,おかす,"to invade, to raid, to trespass","untuk menyerang, untuk menyerang, untuk masuk tanpa izin",JLPT_1 JLPT,JP!&.Z9_)1
臆病,おくびょう,"cowardice, timidity","pengecut, takut-takut",JLPT_1 JLPT,DR9F4{>w8i
遅らす,おくらす,"to retard, to delay","untuk memperlambat, untuk menunda",JLPT_1 JLPT,BxX=0Td:Ra
厳か,おごそか,"majestic, dignified","agung, bermartabat",JLPT_1 JLPT,k^}q{Z*:ZU
行い,おこない,"conduct, behavior, action","tingkah laku, tingkah laku, tindakan",JLPT_1 JLPT,EPt}Y|moZw
おごる (ゆうしょくを～),おごる (ゆうしょくを～),to give (someone) a treat,untuk memberi (seseorang) hadiah,JLPT_1 JLPT,nplO^(LG?d
収まる,おさまる,to settle into; to be obtained,untuk menetap;,JLPT_1 JLPT,blHU8/+m@I
納まる,おさまる,to settle into; to be obtained,untuk menetap;,JLPT_1 JLPT,cv8FX+R{$0
治まる,おさまる,"to be at peace, to calm down","untuk menjadi damai, untuk menenangkan diri",JLPT_1 JLPT,vn/~]L;$eG
お産,おさん,(giving) birth,(melahirkan).,JLPT_1 JLPT,euz]Ka!XAe
押し切る,おしきる,to have one's own way,untuk memiliki caranya sendiri,JLPT_1 JLPT,djU<$hJj6~
押し込む,おしこむ,"to push into, to crowd into","untuk mendorong ke dalam, untuk berkerumun ke dalam",JLPT_1 JLPT,xrb|Hb|isj
惜しむ,おしむ,"to be frugal, to value, to regret","untuk berhemat, untuk menghargai, untuk menyesal",JLPT_1 JLPT,eSj?}z3f2/
押し寄せる,おしよせる,"to push aside, to advance on","untuk menyingkirkan, untuk maju",JLPT_1 JLPT,G6S^.J|&^/
雄,おす,male (animal),jantan (hewan),JLPT_1 JLPT,gZ*7YqB0w(
御世辞,おせじ,"flattery, compliment","sanjungan, pujian",JLPT_1 JLPT,d$tF`<~=wO
襲う,おそう,to attack,untuk menyerang,JLPT_1 JLPT,d*HJIF;zrC
遅くとも,おそくとも,at the latest,paling lambat,JLPT_1 JLPT,"p,08OPe)d%"
恐れ,おそれ,"fear, horror","ketakutan, kengerian",JLPT_1 JLPT,mG1{:BxE;
恐れ入る,おそれいる,"to be filled with awe, to feel small","dipenuhi rasa kagum, merasa kecil",JLPT_1 JLPT,o7$@i&/e=j
おだてる,おだてる,to flatter,untuk menyanjung,JLPT_1 JLPT,"c}qANB`J7,"
落ち込む,おちこむ,to get depressed,untuk mengalami depresi,JLPT_1 Genki_Ln.16 JLPT Genki,B0Aq~FM[^o
落ち着き,おちつき,"calm, composure","tenang, ketenangan",JLPT_1 JLPT,"k)L1,/cgqd"
落葉,おちば,fallen leaves,daun-daun berguguran,JLPT_1 JLPT,qPS6$v<zNn
乙,おつ,2nd in rank,peringkat ke-2,JLPT_1 JLPT,"CTIZFIH,kM"
お使い,おつかい,errand,tugas,JLPT_1 JLPT,"Q3Uu~eV;,,"
おっかない,おっかない,"frightening, scary","menakutkan, menakutkan",JLPT_1 JLPT,r<$W[mdg(3
お手上げ,おてあげ,"given in, given up hope","menyerah, putus asa",JLPT_1 JLPT,J({SY<_/!4
おどおど,おどおど,"coweringly, hesitantly","dengan gemetar, ragu-ragu",JLPT_1 JLPT,hFdj&!1iUO
脅す,おどす,"to threaten, to menace","untuk mengancam, untuk mengancam",JLPT_1 JLPT,l9J?^6gNw8
訪れる,おとずれる,to visit,untuk dikunjungi,JLPT_1 JLPT,M;`!*}::|V
お供,おとも,"attendant, companion","petugas, pendamping",JLPT_1 JLPT,x[kh8D~cRx
衰える,おとろえる,"to become weak, to decline","menjadi lemah, menurun",JLPT_1 JLPT,pxXWt`7[Xh
同い年,おないどし,of the same age,pada usia yang sama,JLPT_1 JLPT,uOL4]ka~4C
自ずから,おのずから,"naturally, as a matter of course","tentu saja, sebagai hal yang biasa",JLPT_1 JLPT,CsPmT^E4si
怯える,おびえる,to become frightened,menjadi ketakutan,JLPT_1 JLPT,Bil>aIK.P>
おびただしい,おびただしい,"abundantly, innumerably","berlimpah, tak terhitung jumlahnya",JLPT_1 JLPT,F0E@v8v<tK
脅かす,おびやかす,"to threaten, to coerce","untuk mengancam, untuk memaksa",JLPT_1 JLPT,y}AqB/U_jH
帯びる,おびる,"to bear, to carry, to be entrusted","memikul, memikul, mempercayakan",JLPT_1 JLPT,zXZ(?*QD)1
お袋,おふくろ,mother,ibu,JLPT_1 JLPT,Iky=(#jNrr
覚え,おぼえ,"memory, sense, experience","ingatan, perasaan, pengalaman",JLPT_1 JLPT,z/W-oJ8vaW
おまけ,おまけ,a discount; something additional,diskon;,JLPT_1 JLPT,rsBcP;b`Jp
お宮,おみや,Shinto shrine,kuil Shinto,JLPT_1 JLPT,COvUCQv?BW
おむつ,おむつ,"diaper, nappy","popok, popok",JLPT_1 JLPT,FRkuxmL~/i
思い付き,おもいつき,"plan, idea, suggestion","rencana, ide, saran",JLPT_1 JLPT,gk=p@=>B|;
趣,おもむき,"flavor, appearance, quaint","rasa, penampilan, aneh",JLPT_1 JLPT,o+otz^p(oN
赴く,おもむく,"to go, to proceed","untuk pergi, untuk melanjutkan",JLPT_1 JLPT,E5WffQ+ViL
重んじる,おもんじる,"to respect, to honor, to esteem, to prize","untuk menghormati, untuk menghormati, untuk menghargai, untuk menghargai",JLPT_1 JLPT,"gj_$ok,;mR"
重んずる,おもんずる,"to honor, to respect, to value","untuk menghormati, untuk menghormati, untuk menghargai",JLPT_1 JLPT,c;eXv;e7cc
親父,おやじ,"one's father, old man, one's boss","ayah seseorang, orang tua, atasannya",JLPT_1 JLPT,g;f)J>kju#
及び,および,"and, as well as","dan, serta",JLPT_1 JLPT,"F5z-<*3Tg,"
及ぶ,およぶ,"to reach, to extend","untuk mencapai, untuk memperluas",JLPT_1 JLPT,Lj7$<D<:Dd
折,おり,"chance, occasion","kesempatan, kesempatan",JLPT_1 JLPT,y[AaTw+T{(
檻,おり,"cage, pen, jail cell","kandang, pena, sel penjara",JLPT_1 JLPT,Lj@q6`R`I<
オリエンテーション,オリエンテーション,orientation,orientasi,JLPT_1 JLPT,i;fk@T:&ys
折り返す,おりかえす,"to turn up, to fold back","untuk muncul, untuk melipat kembali",JLPT_1 JLPT,x-(77`TIyH
織物,おりもの,"textile, fabric","tekstil, kain",JLPT_1 JLPT,@6F9JKGsN
俺,おれ,I (ego) (boastful first-person pronoun),I (ego) (kata ganti orang pertama yang sombong),JLPT_1 JLPT,M3v%b}<>}t
愚か,おろか,"foolish, stupid","bodoh, bodoh",JLPT_1 JLPT,Ch>U~}L@[9
おろそか,おろそか,"neglect, negligence, carelessness","kelalaian, kelalaian, kecerobohan",JLPT_1 JLPT,H$%#VMqb~n
おんぶ,おんぶ,carrying on one's back (erg. Baby),menggendong di punggung (misalnya Baby),JLPT_1 JLPT,w[CU60-p%`
オンライン,オンライン,on-line,on line,JLPT_1 JLPT,i=qSrR2s#(
温和,おんわ,"gentle, mild, moderate","lembut, ringan, sedang",JLPT_1 JLPT,II+hgA8I:B
我,が～,ego,ego,JLPT_1 JLPT,KEYq:ht}?d
カーペット,カーペット,carpet,karpet,JLPT_1 JLPT,fn]9l!yDf>
～界,～かい,"world, circle, kingdom","dunia, lingkaran, kerajaan",JLPT_1 JLPT,d]il$5=Qs$
～街,～がい,town,kota,JLPT_1 JLPT,PH:pbBSE|j
改悪,かいあく,"deterioration, changing for the worse","memburuk, berubah menjadi lebih buruk",JLPT_1 JLPT,/C5*Xn=Cv
海運,かいうん,marine transportation,transportasi laut,JLPT_1 JLPT,"CDcOa:,]6U"
外貨,がいか,foreign money,uang asing,JLPT_1 JLPT,P{MzU_0f=F
改革,かいかく,"reform, reformation, innovation","reformasi, reformasi, inovasi",JLPT_1 JLPT,"nxg,|fRPK9"
貝殻,かいがら,shell,kerang,JLPT_1 JLPT,rr4Z^$`(_`
外観,がいかん,"appearance, exterior, facade","penampilan, eksterior, fasad",JLPT_1 JLPT,JF[`}jk]g#
階級,かいきゅう,"class, rank, grade","kelas, pangkat, kelas",JLPT_1 JLPT,G#*h9O@`+|
海峡,かいきょう,channel,saluran,JLPT_1 JLPT,jy18h1NAzv
会見,かいけん,"interview, conference","wawancara, konferensi",JLPT_1 JLPT,umW!}@pgti
介護,かいご,nursing,perawatan,JLPT_1 JLPT,kEe>~$Z:bi
開催,かいさい,"holding a meeting, open an exhibition","mengadakan pertemuan, membuka pameran",JLPT_1 JLPT,%(;Yq~m~L
回収,かいしゅう,"collection, recovery","pengumpulan, pemulihan",JLPT_1 JLPT,j[pPaa[c]=
改修,かいしゅう,"repair, improvement","perbaikan, peningkatan",JLPT_1 JLPT,QiUw+PPipY
怪獣,かいじゅう,monster,raksasa,JLPT_1 JLPT,r8Gl`sM7J8
解除,かいじょ,"cancellation, release, cancel","pembatalan, pelepasan, pembatalan",JLPT_1 JLPT,Mgd/-R9vWQ
外相,がいしょう,Foreign Minister,Menteri Luar Negeri,JLPT_1 JLPT,yrLi>.nXho
害する,がいする,"to harm, to offend","untuk menyakiti, menyinggung",JLPT_1 JLPT,Hi`w1ksG:H
概説,がいせつ,"general statement, outline","pernyataan umum, garis besar",JLPT_1 JLPT,nT]AQT3`Q*
回送,かいそう,forwarding,penerusan,JLPT_1 JLPT,L?pD4!Fpg8
階層,かいそう,"class, level, stratum, hierarchy","kelas, tingkat, strata, hierarki",JLPT_1 JLPT,H^MD?o[__x
開拓,かいたく,"cultivation, pioneer","budidaya, pionir",JLPT_1 JLPT,FypVZrRtNH
会談,かいだん,"conversation, interview","percakapan, wawancara",JLPT_1 JLPT,uN=.m/8Z~3
改定,かいてい,reform,pembaruan,JLPT_1 JLPT,g6THSZ_v^<
改訂,かいてい,revision,revisi,JLPT_1 JLPT,v0XHWw$0B0
ガイド,ガイド,guide,memandu,JLPT_1 JLPT,CvJbP*(I@%
街道,かいどう,highway,jalan raya,JLPT_1 JLPT,N$n&)AJVWA
該当,がいとう,"corresponding, answering to, coming under","sesuai, menjawab, berada di bawah",JLPT_1 JLPT,nkZ}`ld7f?
街頭,がいとう,in the street,di jalan,JLPT_1 JLPT,tQu}Nu#P].
ガイドブック,ガイドブック,guidebook,buku panduan,JLPT_1 JLPT,Eo9u]7eh((
介入,かいにゅう,intervention,intervensi,JLPT_1 JLPT,pZJnTW/Kh#
概念,がいねん,"general idea, concept, notion","gagasan umum, konsep, gagasan",JLPT_1 JLPT,E|SNJ<R/iJ
開発,かいはつ,"development, exploitation","pengembangan, eksploitasi",JLPT_1 JLPT,Kw[.UTN4^R
海抜,かいばつ,height above sea level,ketinggian di atas permukaan laut,JLPT_1 JLPT,jLVxr@vo2y
介抱,かいほう,"nursing, looking after","keperawatan, menjaga",JLPT_1 JLPT,j$OYFEbGs|
解剖,かいぼう,"dissection, autopsy","pembedahan, otopsi",JLPT_1 JLPT,iL)PO8n0NO
外来,がいらい,"(abbr.) imported, outpatient clinic","(abbr.) impor, klinik rawat jalan",JLPT_1 JLPT,~V$m/9|o}
回覧,かいらん,circulation,sirkulasi,JLPT_1 JLPT,E}}4:_!82P
概略,がいりゃく,"outline, summary, gist","garis besar, ringkasan, inti",JLPT_1 JLPT,N)qY<nUP|*
海流,かいりゅう,ocean current,arus laut,JLPT_1 JLPT,xa/eyqaPDe
改良,かいりょう,"improvement, reform","perbaikan, reformasi",JLPT_1 JLPT,"v?jE,5xyr`"
回路,かいろ,circuit (electric),sirkuit (listrik),JLPT_1 JLPT,fdIy<8[a*F
海路,かいろ,sea route,jalur laut,JLPT_1 JLPT,t536M9u42&
省みる,かえりみる,to reflect,untuk mencerminkan,JLPT_1 JLPT,taa>Gm>Nxx
顧みる,かえりみる,"to look back, to turn around, to review","untuk melihat ke belakang, untuk berbalik, untuk meninjau",JLPT_1 JLPT,ho_c78W;*R
顔付き,かおつき,facial expression,raut wajah,JLPT_1 JLPT,k<|EsPF(U~
課外,かがい,extracurricular,ekstrakurikuler,JLPT_1 JLPT,ImdEjfLr)>
掲げる,かかげる,"to hoist, to fly (a sail), to float (a flag)","mengibarkan, menerbangkan (layar), mengapung (bendera)",JLPT_1 JLPT,Q[6r`gY-ir
かかと,かかと,shoe heel,tumit sepatu,JLPT_1 JLPT,F`djJ$owDP
書き取る,かきとる,"to write down, to take dictation","untuk menulis, untuk mengambil dikte",JLPT_1 JLPT,OeW)s:B>?h
掻き回す,かきまわす,"to stir up, to churn, to disturb","untuk mengaduk, mengaduk, mengganggu",JLPT_1 JLPT,"wp9#,9/+Z4"
かく (はじを),かく (はじを),to humiliate oneself,untuk mempermalukan diri sendiri,JLPT_1 JLPT,h*j3Yxxcj{
～画,～かく,~ strokes,~ pukulan,JLPT_1 JLPT,G#l-jHUMTG
学芸,がくげい,"arts and sciences, liberal arts","seni dan sains, seni liberal",JLPT_1 JLPT,xM-CyLgdV}
格差,かくさ,"difference, disparity","perbedaan, disparitas",JLPT_1 JLPT,zvfu/3%U&J
拡散,かくさん,"scattering, diffusion","hamburan, difusi",JLPT_1 JLPT,y__Cg;3rb:
学士,がくし,university graduate,lulusan universitas,JLPT_1 JLPT,Pq<3#+rCX)
各種,かくしゅ,"every kind, all sorts","segala jenis, segala macam",JLPT_1 JLPT,Jb^Vb%.N$q
隔週,かくしゅう,every other week,setiap dua minggu sekali,JLPT_1 JLPT,QbwTj%&$c)
確信,かくしん,"conviction, confidence","keyakinan, keyakinan",JLPT_1 JLPT,zEL{[Q8QNW
革新,かくしん,"reform, innovation","reformasi, inovasi",JLPT_1 JLPT,ti4?AE7Yh@
学説,がくせつ,theory,teori,JLPT_1 JLPT,GlxSp@=1Ze
確定,かくてい,"fixed, decision","tetap, keputusan",JLPT_1 JLPT,"e18p,U0K#7"
カクテル,カクテル,cocktail,koktail,JLPT_1 JLPT,"E($,YP#I6d"
獲得,かくとく,"acquisition, possession","akuisisi, kepemilikan",JLPT_1 JLPT,"B^,*K>>n_|"
楽譜,がくふ,"score (music, sheet music)","skor (musik, lembaran musik)",JLPT_1 JLPT,qMA}9*EjCn
確保,かくほ,"guarantee, insure, secure","menjamin, mengasuransikan, aman",JLPT_1 JLPT,uY<*K%.TG@
革命,かくめい,revolution,revolusi,JLPT_1 JLPT,O;mF68dq6Q
確立,かくりつ,establishment,pembentukan,JLPT_1 JLPT,m(/`$&[BF3
賭,かけ,"betting, gambling, a gamble","taruhan, perjudian, pertaruhan",JLPT_1 JLPT,s:YO~5k/sp
掛～,かけ～,credit,kredit,JLPT_1 JLPT,c#>^nQjhVy
～掛け,～かけ,"rack, hanger","rak, gantungan",JLPT_1 JLPT,"Lr[e?zZ5,<"
崖,がけ,cliff,jurang,JLPT_1 JLPT,lH2H25www/
駆け足,かけあし,"running fast, double time","berlari cepat, dua kali lipat",JLPT_1 JLPT,Nd5EP#88A|
家計,かけい,"household economy, family finances","perekonomian rumah tangga, keuangan keluarga",JLPT_1 JLPT,vh}KbR&s=#
駆けっこ,かけっこ,(foot) race,perlombaan (kaki).,JLPT_1 JLPT,"A8,h2([S[A"
加工,かこう,"manufacturing, processing, treatment","manufaktur, pengolahan, pengobatan",JLPT_1 JLPT,E^@%K2YN]n
化合,かごう,chemical combination,kombinasi kimia,JLPT_1 JLPT,my>j<9l(Hz
かさばる,かさばる,to be bulky,menjadi besar,JLPT_1 JLPT,"nuG,E:/*HK"
かさむ,かさむ,"to pile up, to increase","menumpuk, bertambah",JLPT_1 JLPT,D*tj!&=/|(
箇条書,かじょうがき,"itemized form, itemization","bentuk perincian, perincian",JLPT_1 JLPT,uU[=f*p0xK
頭,かしら,"head, chief","kepala, kepala",JLPT_1 JLPT,qKQ^U]P!d/
微か,かすか,"faint, dim, weak","pingsan, redup, lemah",JLPT_1 JLPT,"iuQ;E47,]H"
霞む,かすむ,"to grow hazy, to be misty","menjadi kabur, menjadi berkabut",JLPT_1 JLPT,Muk^XW#N{G
擦る,かする,"to rub, to chafe","untuk menggosok, untuk menggosok",JLPT_1 JLPT,b*c:1ipqfg
火星,かせい,Mars,Mars,JLPT_1 JLPT,hK6{i6DNme
化石,かせき,"fossil, petrifaction, fossilization","fosil, membatu, fosilisasi",JLPT_1 JLPT,i)2P[%uf@w
河川,かせん,rivers,sungai,JLPT_1 JLPT,j9XYM<zDW5
化繊,かせん,synthetic fibers,serat sintetis,JLPT_1 JLPT,A<4D0W-y5X
過疎,かそ,depopulation,depopulasi,JLPT_1 JLPT,C6FP<#I<*d
片～,かた～,single ~,lajang ~,JLPT_1 JLPT,p/$/VrksK}
片言,かたこと,"broken (in reference to speaking style, e.g., Japanese)","rusak (mengacu pada gaya berbicara, misalnya Jepang)",JLPT_1 JLPT Intermediate_Japanese_Ln.13 Intermediate_Japanese,nEkc_9&ki`
傾ける,かたむける,"to incline, to tilt, to bend","untuk mencondongkan, untuk memiringkan, untuk membungkuk",JLPT_1 JLPT,g+aTq;z^TG
固める,かためる,"to harden, to freeze, to fortify","untuk mengeraskan, membekukan, membentengi",JLPT_1 JLPT,M}jO{cRWN^
傍ら,かたわら,"beside(s, while, nearby","di samping, sementara, di dekatnya",JLPT_1 JLPT,H(u3_23(VR
花壇,かだん,flower bed,hamparan bunga,JLPT_1 JLPT,vyDiG-w#Vb
家畜,かちく,"domestic animals, livestock, cattle","hewan peliharaan, ternak, sapi",JLPT_1 JLPT,sf(M2A{2zC
且つ,かつ,"yet, and","belum, dan",JLPT_1 JLPT,"bxhWiXnmE,"
がっくり,がっくり,heartbroken,patah hati,JLPT_1 JLPT,n#j+;o[:]<
合唱,がっしょう,"chorus, singing in a chorus","paduan suara, bernyanyi dalam paduan suara",JLPT_1 JLPT,"ck-jle>!,g"
がっしり,がっしり,"firmly, solidly, tough","tegas, kokoh, tangguh",JLPT_1 JLPT,Kl0>:WZG~Z
合致,がっち,"agreement, concurrence, conforming to","persetujuan, persetujuan, kesesuaian dengan",JLPT_1 JLPT,Af^(s-@)C7
がっちり,がっちり,"solidly built, tightly","kokoh, rapat",JLPT_1 JLPT,dl.]7IVV60
かつて,かつて,"once, before, formerly","sekali, sebelumnya, dahulu kala",JLPT_1 JLPT,fI;@sLyG_Q
勝手,かって,"kitchen; one's way, selfishness",dapur;,JLPT_1 JLPT,r+VI)d1wQ0
カット,カット,"cut, cutting","potong, potong",JLPT_1 JLPT,Q+NVsyIn!c
活発,かっぱつ,"vigor, active","semangat, aktif",JLPT_1 JLPT,M`7Eo@!%5A
合併,がっぺい,"combination, amalgamation, merger","kombinasi, amalgamasi, merger",JLPT_1 JLPT,h>=`Vc9TZZ
カテゴリー,カテゴリー,category,kategori,JLPT_1 JLPT,JAwB1=<{pF
叶う,かなう,to come true,menjadi kenyataan,JLPT_1 JLPT,E5LD5p#as=
叶える,かなえる,"to grant (request, wish)","untuk mengabulkan (permintaan, keinginan)",JLPT_1 JLPT,x!3$MxvZF0
金槌,かなづち,(iron) hammer,(besi) palu,JLPT_1 JLPT,C7&9nlfhkO
かなわない,かなわない,"be beyond one's power, be unable","berada di luar kemampuan seseorang, tidak mampu",JLPT_1 JLPT,i9$e:WA[rV
加入,かにゅう,"becoming a member, admission","menjadi anggota, penerimaan",JLPT_1 JLPT,"w%]Rn6,Z,X"
予て,かねて,"previously, already, lately","sebelumnya, sudah, akhir-akhir ini",JLPT_1 JLPT,i+&=;*57v}
庇う,かばう,"to protect someone, to&nbsp;&nbsp;cover up for someone","untuk melindungi seseorang, untuk  menutupi seseorang",JLPT_1 JLPT,e-}GY5UR@1
株式,かぶしき,stock,saham,JLPT_1 JLPT,nMsDO&gGxt
かぶれる,かぶれる,to react to; to be influenced by,untuk bereaksi;,JLPT_1 JLPT,C5U+~~@Gnd
花粉,かふん,pollen,serbuk sari,JLPT_1 JLPT,Gm8]&VGB-;
貨幣,かへい,"money, currency, coinage","uang, mata uang, koin",JLPT_1 JLPT,F<$WXw={D<
構える,かまえる,to set up,untuk mengatur,JLPT_1 JLPT,jB<-nj(U&|
過密,かみつ,crowded,penuh sesak,JLPT_1 JLPT,AOD1mkToDl
噛み切る,かみきる,"to bite off, to gnaw through","untuk menggigit, untuk menggerogoti",JLPT_1 JLPT,"hh,VOk`A<;"
カムバック,カムバック,comeback,kembali,JLPT_1 JLPT,HjHeH1>k=t
カメラマン,カメラマン,cameraman,juru kamera,JLPT_1 JLPT,:MlB;<{_:
粥,かゆ,rice porridge,bubur nasi,JLPT_1 JLPT,fFz9w`]5pq
体付き,からだつき,"body build, figure","bentuk tubuh, gambar",JLPT_1 JLPT,D?fkTo{@|E
絡む,からむ,"to entangle, to entwine","untuk menjerat, untuk menjalin",JLPT_1 JLPT,O17r;^Y(oJ
かりに,かりに,"temporarily; if, for argument's sake",untuk sementara;,JLPT_1 JLPT,c$0g$/@+f7
カルテ,カルテ,clinical records (GER: Karte),catatan klinis (GER: Karte),JLPT_1 JLPT,GwQApsAV[E
ガレージ,ガレージ,garage (at house),garasi (di rumah),JLPT_1 JLPT,LKr$xf+m)f
過労,かろう,"overwork, strain","terlalu banyak bekerja, tegang",JLPT_1 JLPT,Dx#E|nd<`@
かろうじて,かろうじて,"barely, narrowly","nyaris, secara sempit",JLPT_1 JLPT,wzpJb%R2eZ
交す,かわす,to exchange,untuk bertukar,JLPT_1 JLPT,ytWMD-K7Sv
代る代る,かわるがわる,alternately,bergantian,JLPT_1 JLPT,Q<D|kTCMFu
簡易,かんい,"simplicity, easiness, quasi-","kesederhanaan, kemudahan, kuasi-",JLPT_1 JLPT,Qdl&|7}97?
灌漑,かんがい,irrigation,irigasi,JLPT_1 JLPT,x3v&{30@Ie
眼科,がんか,ophthalmology,oftalmologi,JLPT_1 JLPT,y$)@b7Z=25
眼球,がんきゅう,eyeball,bola mata,JLPT_1 JLPT,ppa9QzmFoc
玩具,がんぐ,toy,mainan,JLPT_1 JLPT,Fu?U%1UjU`
簡潔,かんけつ,"brevity, concise, simple","singkat, ringkas, sederhana",JLPT_1 JLPT,Ch64u(7Zi6
還元,かんげん,"resolution, reduction, return","resolusi, pengurangan, pengembalian",JLPT_1 JLPT,b1~cd_rb8g
看護,かんご,nursing,perawatan,JLPT_1 JLPT,v]`cby4zI~
漢語,かんご,"Chinese word, Sino-Japanese word","Kata Cina, kata Sino-Jepang",JLPT_1 JLPT,BzS`z3a0wD
頑固,がんこ,"stubbornness, obstinacy","keras kepala, keras kepala",JLPT_1 JLPT,iS7AjV-r.~
勧告,かんこく,"advice, counsel","saran, nasihat",JLPT_1 JLPT,ReTMd+-Cqd
換算,かんさん,"conversion, change, exchange","konversi, perubahan, pertukaran",JLPT_1 JLPT,V_iERi63U
監視,かんし,"observation, guarding, surveillance","pengamatan, penjagaan, pengawasan",JLPT_1 JLPT,xYmgA~gB7D
慣習,かんしゅう,usual (historical) custom,kebiasaan (historis) yang biasa,JLPT_1 JLPT,xb4/I5BD9M
観衆,かんしゅう,"spectators, audience","penonton, penonton",JLPT_1 JLPT,suIg*_}y!}
願書,がんしょ,application form,formulir aplikasi,JLPT_1 JLPT,PJ0db[)2y/
干渉,かんしょう,"interference, intervention","campur tangan, intervensi",JLPT_1 JLPT,FlV}wK<+oD
頑丈,がんじょう,"solid, firm, strong","kokoh, kokoh, kuat",JLPT_1 JLPT,o)b^-Y;KL)
感触,かんしょく,"sense of touch, feeling, sensation","indera peraba, perasaan, sensasi",JLPT_1 JLPT,Ll+!^%W~Bg
肝心,かんじん,"essential, fundamental, crucial","penting, mendasar, krusial",JLPT_1 JLPT,cGezcCU7jN
肝腎,かんじん,"essential, fundamental, crucial","penting, mendasar, krusial",JLPT_1 JLPT,qQm@vZEhuX
関税,かんぜい,"customs, duty, tariff","bea cukai, bea, tarif",JLPT_1 JLPT,J<YhnUzDH9
岩石,がんせき,rock,batu,JLPT_1 JLPT,Fvc~*$ysUp
感染,かんせん,"infection, contagion","infeksi, penularan",JLPT_1 JLPT,yaKv$j-u9~
幹線,かんせん,"main line, trunk line","jalur utama, jalur utama",JLPT_1 JLPT,qnR@^N<xB(
簡素,かんそ,"simplicity, plain","kesederhanaan, polos",JLPT_1 JLPT,jcV8%N9G]T
観点,かんてん,point of view,sudut pandang,JLPT_1 JLPT,sRkkbw!PVn
感度,かんど,"sensitivity, severity (quake)","sensitivitas, keparahan (gempa)",JLPT_1 JLPT,c!Eb1-<+V1
カンニング,カンニング,"cunning, cheat","licik, curang",JLPT_1 JLPT,f{(PYG4OSM
元年,がんねん,first year (of a specific reign),tahun pertama (dari pemerintahan tertentu),JLPT_1 JLPT,hmCuQzSd35
幹部,かんぶ,"management, executive","manajemen, eksekutif",JLPT_1 JLPT,L1KYyf^E^2
完ぺき,かんぺき,"perfection, completeness, flawless","kesempurnaan, kelengkapan, tanpa cela",JLPT_1 JLPT,z+SJefr{>B
勘弁,かんべん,"pardon, forgiveness, forbearance","maaf, pengampunan, kesabaran",JLPT_1 JLPT,"l*Q,*Lu2Mg"
感無量,かんむりょう,"deep feeling, filled with emotion","perasaan yang mendalam, penuh dengan emosi",JLPT_1 JLPT,h`NZ!a[CSf
勧誘,かんゆう,"invitation, canvassing, inducement","undangan, kampanye, bujukan",JLPT_1 Intermediate_Japanese_Ln.5 JLPT Intermediate_Japanese,fyr>KNdC{T
関与,かんよ,"participation, taking part in","partisipasi, mengambil bagian dalam",JLPT_1 JLPT,d<Jle/NX</
寛容,かんよう,"forbearance, tolerance, generosity, involvement","kesabaran, toleransi, kemurahan hati, keterlibatan",JLPT_1 JLPT,f|A2.V0M-n
元来,がんらい,"originally, naturally","awalnya, tentu saja",JLPT_1 JLPT,Cno5E):pRp
観覧,かんらん,viewing,melihat,JLPT_1 JLPT,"A$Cx0<I,I0"
慣例,かんれい,"custom, precedent, of convention","kebiasaan, preseden, konvensi",JLPT_1 JLPT,t0a}a`u9:H
還暦,かんれき,60th birthday,ulang tahun ke-60,JLPT_1 JLPT,4cAN40ulx
貫禄,かんろく,"presence, dignity","kehadiran, martabat",JLPT_1 JLPT,I1]lC*Xh&L
緩和,かんわ,"relief, mitigation","keringanan, mitigasi",JLPT_1 JLPT,"k^:RZ|u,e@"
議案,ぎあん,legislative bill,RUU legislatif,JLPT_1 JLPT,"I,VMbY@&-V"
危害,きがい,"injury, harm, danger","cedera, bahaya, bahaya",JLPT_1 JLPT,F>Z;`xG3Np
企画,きかく,"planning, project","perencanaan, proyek",JLPT_1 Intermediate_Japanese_Ln.14 JLPT Intermediate_Japanese,w*I2LS4{H:
規格,きかく,"standard, norm","standar, norma",JLPT_1 JLPT,"xzs,)in_UO"
着飾る,きかざる,to dress up,untuk berdandan,JLPT_1 JLPT,HoI9}BI#^/
気兼ね,きがね,"hesitance, diffidence, feeling constraint","keragu-raguan, rasa malu, perasaan terkekang",JLPT_1 JLPT,GRlL|p}26%
気軽,きがる,"cheerful, buoyant, lighthearted","ceria, ringan, ringan hati",JLPT_1 JLPT,s;sgdqP}O.
危機,きき,crisis,krisis,JLPT_1 JLPT,C.^&25N@a~
聞き取り,ききとり,listening comprehension,pemahaman mendengarkan,JLPT_1 JLPT,soL?dWfD3o
効き目,ききめ,"effect, virtue, efficacy","efek, kebajikan, kemanjuran",JLPT_1 JLPT,"i,@$ZV_BJi"
帰京,ききょう,returning to Tokyo,kembali ke Tokyo,JLPT_1 JLPT,wzR`J2j)`0
戯曲,ぎきょく,"play, drama","bermain, drama",JLPT_1 JLPT,Dx[W!Tbqvu
基金,ききん,"fund, foundation","dana, yayasan",JLPT_1 JLPT,Jsw14fTONr
喜劇,きげき,"comedy, funny show","komedi, pertunjukan lucu",JLPT_1 JLPT,vo)8mTt@2i
議決,ぎけつ,"resolution, decision, vote","resolusi, keputusan, pemungutan suara",JLPT_1 JLPT,ina$-8>Dz[
棄権,きけん,"abstain from voting, renunciation of a right","abstain dari memilih, penolakan hak",JLPT_1 JLPT,yPr@u5g:%p
既婚,きこん,married,telah menikah,JLPT_1 JLPT,"zec,ws!-1^"
気障,きざ,"affectation, conceit, snobbery","kepura-puraan, kesombongan, keangkuhan",JLPT_1 JLPT,PIJe@Xxivf
記載,きさい,"mention, entry","sebutkan, masuk",JLPT_1 JLPT,"AtF!,w].-2"
兆,きざし,"sign, omen, indication","tanda, pertanda, indikasi",JLPT_1 JLPT,KEdc345jt(
気質,きしつ,"character, trait, temperament","karakter, sifat, temperamen",JLPT_1 JLPT,sH[}/atE{z
期日,きじつ,"fixed date, settlement date","tanggal tetap, tanggal penyelesaian",JLPT_1 JLPT,"v,pIo6nfY,"
きしむ,きしむ,"to jar, to creak, to grate","untuk toples, untuk berderit, untuk memarut",JLPT_1 JLPT,JyV83hu3eM
議事堂,ぎじどう,Diet building,Membangun pola makan,JLPT_1 JLPT,ku.2udaM_
記述,きじゅつ,"describing, descriptor","mendeskripsikan, deskriptor",JLPT_1 JLPT,keg8V#>EyG
気象,きしょう,"weather, climate","cuaca, iklim",JLPT_1 JLPT,i8sg{g&{j*
傷付く,きずつく,"to be hurt, to be wounded, to get injured","terluka, terluka, terluka",JLPT_1 JLPT,g#?]Ssa:Ux
傷付ける,きずつける,"to wound, to hurt someone's feelings","untuk melukai, menyakiti perasaan seseorang",JLPT_1 JLPT,W04_o[&8W
犠牲,ぎせい,sacrifice,pengorbanan,JLPT_1 JLPT,eAtE.H0;PV
汽船,きせん,steamship,kapal uap,JLPT_1 JLPT,"gyZ:?sW,`("
寄贈,きぞう,"donation, presentation","donasi, presentasi",JLPT_1 JLPT,k3nUp@KIzg
偽造,ぎぞう,"forgery, fabrication, counterfeiting","pemalsuan, fabrikasi, pemalsuan",JLPT_1 JLPT,K;j2M?f~?!
貴族,きぞく,"noble, aristocrat","mulia, bangsawan",JLPT_1 JLPT,inVAX<UF+i
議題,ぎだい,"topic of discussion, agenda","topik diskusi, agenda",JLPT_1 JLPT,Q@WjbgZGbs
鍛える,きたえる,"to forge, to train, to discipline","menempa, melatih, mendisiplinkan",JLPT_1 JLPT,G>3/bExrby
気立て,きだて,"good-natured, kind-hearted","baik hati, baik hati",JLPT_1 JLPT,h61-}t=4fL
来る,きたる,"to come, to approach,","datang, mendekat,",JLPT_1 JLPT,s])r!JZ-b4
きちっと,きちっと,"exactly, perfectly","tepatnya, sempurna",JLPT_1 JLPT,D#t!(nebzD
几帳面,きちょうめん,"methodical, punctual, steady","metodis, tepat waktu, mantap",JLPT_1 JLPT,Idj9h;q|%y
きっかり,きっかり,"exactly, precisely","tepatnya, tepatnya",JLPT_1 JLPT,cC(nm-eKo^
きっちり,きっちり,"precisely, tightly","tepatnya, erat",JLPT_1 JLPT,p.hrrI+jm1
きっぱり,きっぱり,"clearly, plainly, distinctly","jelas, jelas, jelas",JLPT_1 JLPT,u>9}K{Kf.I
規定,きてい,"regulation, provisions","peraturan, ketentuan",JLPT_1 JLPT,KTPp;1&S1u
起点,きてん,starting point,titik awal,JLPT_1 JLPT,",M-]_[Vyp"
軌道,きどう,orbit; track,orbit;,JLPT_1 JLPT,P=9KAyqi}b
技能,ぎのう,"technical skill, ability, capacity","keterampilan teknis, kemampuan, kapasitas",JLPT_1 JLPT,waI%d;Y5LY
規範,きはん,"model, standard, example","model, standar, contoh",JLPT_1 JLPT,L8HXSBw0.5
気品,きひん,"grace, elegance","rahmat, keanggunan",JLPT_1 JLPT,cT4)YAkk45
気風,きふう,"character, traits, ethos","karakter, sifat, etos",JLPT_1 JLPT,cU@qu%MT$c
起伏,きふく,undulation,gerak mengombak,JLPT_1 JLPT,DG3WXr]W9o
規模,きぼ,"scale, scope, plan, structure","skala, ruang lingkup, rencana, struktur",JLPT_1 JLPT,vN{{=xfB<k
気まぐれ,きまぐれ,"whim, caprice, uneven temper","tingkah, tingkah, sifat tidak seimbang",JLPT_1 JLPT,EUJagum[Gi
生真面目,きまじめ,"serious, sincerity","serius, tulus",JLPT_1 JLPT,B$#zm{x$(/
期末,きまつ,(end of the season or term),(akhir musim atau semester),JLPT_1 JLPT,rB>aq=EB!L
きまりわるい,きまりわるい,"feeling awkward, being ashamed","merasa canggung, malu",JLPT_1 JLPT,i^-fu~OpOW
記名,きめい,"signature, register","tanda tangan, daftar",JLPT_1 JLPT,LeN-Up#$*/
規約,きやく,"agreement, rules, code","perjanjian, aturan, kode",JLPT_1 JLPT,p:ItXku)R]
脚色,きゃくしょく,"dramatization (e.g., film","dramatisasi (misalnya, film",JLPT_1 JLPT,A3B8`j%szk
逆転,ぎゃくてん,"(sudden) change, reversal, turn-around","(tiba-tiba) perubahan, pembalikan, pembalikan",JLPT_1 JLPT,b}F-L9oFMV
脚本,きゃくほん,scenario,skenario,JLPT_1 JLPT,BqjNB^gQ4E
華奢,きゃしゃ,"delicate, slender","halus, ramping",JLPT_1 JLPT,K{%YNbdXo{
客観,きゃっかん,objective,tujuan,JLPT_1 JLPT,FE+)c7=xm.
キャッチ,キャッチ,catch,menangkap,JLPT_1 JLPT,EE+~Pnl{z$
キャリア,キャリア,"career, career government employee","karir, karir pegawai pemerintah",JLPT_1 JLPT,917%#^`DD
救援,きゅうえん,"relief, rescue, reinforcement","bantuan, penyelamatan, penguatan",JLPT_1 JLPT,"xis(gT,lCH"
休学,きゅうがく,"temporary absence from school, suspension","ketidakhadiran sementara di sekolah, skorsing",JLPT_1 JLPT,peW#H`ri[=
究極,きゅうきょく,"ultimate, final, eventual","pamungkas, final, akhirnya",JLPT_1 JLPT,Ft[`OH9ZtO
窮屈,きゅうくつ,"narrow, tight, formal","sempit, ketat, formal",JLPT_1 JLPT,"HH&,U(vAg`"
球根,きゅうこん,(plant) bulb,(tanaman) bohlam,JLPT_1 JLPT,Q6BKH*&nE1
救済,きゅうさい,"relief, aid, rescue","bantuan, bantuan, penyelamatan",JLPT_1 JLPT,c=d|._&IWr
給仕,きゅうじ,waiter,pelayan,JLPT_1 JLPT,pzoWY8TS(/
給食,きゅうしょく,"school lunch, providing a meal","makan siang di sekolah, menyediakan makanan",JLPT_1 JLPT,zeAtvQ@_)h
休戦,きゅうせん,"truce, armistice","gencatan senjata, gencatan senjata",JLPT_1 JLPT,Q9p5.}YQtg
宮殿,きゅうでん,palace,istana,JLPT_1 JLPT,EOPs=A9D6~
旧知,きゅうち,"old friend, old friendship","teman lama, persahabatan lama",JLPT_1 JLPT,A}I5035vZ1
窮乏,きゅうぼう,poverty,kemiskinan,JLPT_1 JLPT,fEoLTLW@>]
寄与,きよ,"contribution, service","kontribusi, layanan",JLPT_1 JLPT,hYW_RFKwv/
強,きょう,strong,kuat,JLPT_1 JLPT,j5ZhDwA$S
～狂,～きょう,"maniac, fan, freak","maniak, penggemar, aneh",JLPT_1 JLPT,wkNK|ibT&!
驚異,きょうい,"wonder, miracle","heran, keajaiban",JLPT_1 JLPT,I!i(y?o6E:
教科,きょうか,"subject, curriculum","mata pelajaran, kurikulum",JLPT_1 JLPT,M&=I]j0/Y0
協会,きょうかい,"association, society, organization","asosiasi, masyarakat, organisasi",JLPT_1 JLPT,Oz4*Mxo4//
共学,きょうがく,coeducation,pendidikan bersama,JLPT_1 JLPT,eKY($Dr5lQ
共感,きょうかん,"sympathy, response","simpati, tanggapan",JLPT_1 JLPT,w0|w&}3|}:
境遇,きょうぐう,"environment, circumstances","lingkungan, keadaan",JLPT_1 JLPT,dN:;6sg&]2
教訓,きょうくん,"lesson, precept, moral instruction","pelajaran, ajaran, instruksi moral",JLPT_1 JLPT,pOHPj(bnYG
強行,きょうこう,"forcing, enforcement","memaksa, penegakan",JLPT_1 JLPT,tf7&|-V:n8
強硬,きょうこう,"firm, vigorous, stubborn","tegas, kuat, keras kepala",JLPT_1 JLPT,bA*b92)[ZU
教材,きょうざい,teaching materials,bahan ajar,JLPT_1 JLPT,p)!Q@]*y>T
凶作,きょうさく,"bad harvest, poor crop","panen buruk, panen buruk",JLPT_1 JLPT,I`.1X|DPXu
業者,ぎょうしゃ,"trader, merchant","pedagang, pedagang",JLPT_1 JLPT,o&/6(ODjkj
教習,きょうしゅう,"training, instruction","pelatihan, instruksi",JLPT_1 JLPT,H/=&)s/)`t
郷愁,きょうしゅう,"nostalgia, homesickness","nostalgia, rindu kampung halaman",JLPT_1 JLPT,eZKQ^QCO2_
教職,きょうしょく,teaching profession,profesi guru,JLPT_1 JLPT,y`GfZjj}.E
興じる,きょうじる,"to amuse oneself, to make merry","untuk menghibur diri sendiri, untuk bersenang-senang",JLPT_1 JLPT,"Q;m4!,`BN,"
強制,きょうせい,"obligation, compulsion, enforcement","kewajiban, paksaan, penegakan",JLPT_1 JLPT,Hm$>AvE1~h
行政,ぎょうせい,administration,administrasi,JLPT_1 JLPT,r~TWhqKvAt
業績,ぎょうせき,"achievement, work, contribution","prestasi, pekerjaan, kontribusi",JLPT_1 JLPT,Lk<<za38cF
共存,きょうぞん,coexistence,hidup berdampingan,JLPT_1 JLPT,Ij!^n@6%SF
協定,きょうてい,"arrangement, pact, agreement","pengaturan, pakta, persetujuan",JLPT_1 JLPT,K9?Jw]OMOi
郷土,きょうど,homeland,tanah air,JLPT_1 JLPT,Q4`7(5-Vb`
脅迫,きょうはく,"threat, coercion","ancaman, paksaan",JLPT_1 JLPT,k[s}KC9iC{
業務,ぎょうむ,"business, duties, work","bisnis, tugas, pekerjaan",JLPT_1 JLPT,b&$V6PlYM?
共鳴,きょうめい,"resonance, sympathy","resonansi, simpati",JLPT_1 JLPT,kl1yRR~Dbc
郷里,きょうり,"birth-place, home town","tempat lahir, kota asal",JLPT_1 JLPT,J6)+at[SJG
強烈,きょうれつ,"strong, intense, severe","kuat, intens, parah",JLPT_1 JLPT,r]=;%Z2Ns;
共和,きょうわ,"republicanism, cooperation","republikanisme, kerja sama",JLPT_1 JLPT,GU{+)z^)dD
局限,きょくげん,"limit, localize","membatasi, melokalisasi",JLPT_1 JLPT,xsMbwTI.xJ
極端,きょくたん,"extreme, extremity","ekstrim, ekstremitas",JLPT_1 JLPT,P.Mzv1I{9}
居住,きょじゅう,residence,tempat tinggal,JLPT_1 JLPT,m]/OZ*9GsC
拒絶,きょぜつ,"refusal, rejection","penolakan, penolakan",JLPT_1 JLPT,pF/Q.UL^fh
漁船,ぎょせん,fishing boat,perahu nelayan,JLPT_1 JLPT,M@u:oyW>Kw
漁村,ぎょそん,fishing village,desa nelayan,JLPT_1 JLPT,oLHH[@w)KZ
拒否,きょひ,"denial, rejection, refusal","penolakan, penolakan, penolakan",JLPT_1 JLPT,xZG_N4@O9B
許容,きょよう,"permission, pardon","izin, maaf",JLPT_1 JLPT,"m;[9Tjw,qU"
清らか,きよらか,"clean, pure, chaste","bersih, murni, suci",JLPT_1 JLPT,rPKJ~vEwnZ
きらびやか,きらびやか,"gorgeous, gaudy, dazzling","cantik, mencolok, mempesona",JLPT_1 JLPT,t+RU;/m(KM
～きり,～きり,only,hanya,JLPT_1 JLPT,uzRZwLFG-t
義理,ぎり,"debt of gratitude, obligation","hutang budi, kewajiban",JLPT_1 JLPT,so:x7klic}
切替,きりかえ,"exchange, conversion, switchover","pertukaran, konversi, peralihan",JLPT_1 JLPT,B])<#Pn[DB
気流,きりゅう,atmospheric current,arus atmosfer,JLPT_1 JLPT,ph[xS7hP4#
切れ目,きれめ,"break, pause, gap","istirahat, jeda, jeda",JLPT_1 JLPT,"C#,Pog7@LR"
疑惑,ぎわく,"doubt, misgivings, suspicion","keraguan, was-was, kecurigaan",JLPT_1 JLPT,se:RwXAAh
極めて,きわめて,"exceedingly, extremely (written expression)","sangat, sangat (ekspresi tertulis)",JLPT_1 JLPT Intermediate_Japanese_Ln.13 Intermediate_Japanese,EKB18v#}a&
近眼,きんがん,nearsightedness,rabun jauh,JLPT_1 JLPT,dD[Q^z/~(w
緊急,きんきゅう,"urgent, pressing, emergency","mendesak, mendesak, darurat",JLPT_1 JLPT,DgtR0$#5Qg
近郊,きんこう,"suburbs, outskirts","pinggiran kota, pinggiran kota",JLPT_1 JLPT,JfO#&<*3[k
均衡,きんこう,"equilibrium, balance","keseimbangan, keseimbangan",JLPT_1 JLPT,x>zIhBvkg*
禁じる,きんじる,to prohibit,untuk melarang,JLPT_1 JLPT,r7Q>%_(/mr
勤勉,きんべん,"industry, diligence","industri, ketekunan",JLPT_1 JLPT,uYoa=%x]!q
吟味,ぎんみ,"examination, careful investigation","pemeriksaan, penyelidikan yang cermat",JLPT_1 JLPT,p>zee?sO9;
勤務,きんむ,"service, duty, work","pelayanan, tugas, pekerjaan",JLPT_1 JLPT,hhs(k1{TN}
禁物,きんもつ,"taboo, forbidden thing","tabu, hal terlarang",JLPT_1 JLPT,sWH*^U2<+H
勤労,きんろう,"labor, exertion, diligent service","kerja keras, tenaga, pelayanan yang rajin",JLPT_1 JLPT,C^)QBm`a.U
クイズ,クイズ,quiz,kuis,JLPT_1 JLPT,m9+]J[|ov;
食い違う,くいちがう,"to cross each other, to differ","untuk saling bersilangan, untuk berbeda",JLPT_1 JLPT,dlUQZZk[k&
空間,くうかん,"space, room, airspace","ruang, ruangan, wilayah udara",JLPT_1 JLPT,"FOY$+>M@U,"
空腹,くうふく,hunger,kelaparan,JLPT_1 JLPT,"o,>8F>0y;H"
区画,くかく,"division, section, area","divisi, bagian, area",JLPT_1 JLPT,hbtu==:uia
区間,くかん,section,bagian,JLPT_1 JLPT,tS6N_tjG&R
茎,くき,stalk,tangkai,JLPT_1 JLPT,O5c;9[C7}%
区切り,くぎり,"an end, a stop, punctuation","akhir, berhenti, tanda baca",JLPT_1 JLPT,zqK^J|1vVI
くぐる,くぐる,to pass through; to go around,untuk melewati;,JLPT_1 JLPT,"bMchGH<.,G"
くじ (～をひく),くじ (～をひく),"lottery, lot","lotere, banyak",JLPT_1 JLPT,ziu-}:42)#
くじびき,くじびき,"lottery, drawn lot","lotere, undian",JLPT_1 JLPT,t-q[>)aB/{
くすぐったい,くすぐったい,ticklish,geli,JLPT_1 JLPT,P[CLwgoK#I
愚痴,ぐち,"idle complaint, grumble","keluhan kosong, menggerutu",JLPT_1 JLPT,C&*!h9}5ae
口吟む,くちずさむ,to humble,untuk merendahkan hati,JLPT_1 JLPT,v#IdlQfu^;
嘴,くちばし,"beak, bill","paruh, paruh",JLPT_1 JLPT,q5`l.teeRT
朽ちる,くちる,to rot,membusuk,JLPT_1 JLPT,y1>SUYnb]m
覆す,くつがえす,"to overturn, to upset, to overthrow","untuk membalikkan, mengecewakan, menggulingkan",JLPT_1 JLPT,zp<0lkXp[6
くっきり,くっきり,"distinctly, clearly, boldly","dengan jelas, jelas, berani",JLPT_1 JLPT,A%/]?I_gyZ
屈折,くっせつ,"bending, indentation, refraction","pembengkokan, lekukan, pembiasan",JLPT_1 JLPT,0E4`Ur@Ig
ぐっと,ぐっと,"firmly, fast, more","tegas, cepat, lebih banyak lagi",JLPT_1 JLPT,G/n$rvRj#F
首飾り,くびかざり,necklace,kalung,JLPT_1 JLPT,"qFdJV,o7Z~"
首輪,くびわ,"necklace, choker","kalung, kalung",JLPT_1 JLPT,"r$gf,6IuJ/"
組み込む,くみこむ,"to insert, to include, to cut in (printing)","untuk memasukkan, untuk memasukkan, untuk memotong (mencetak)",JLPT_1 JLPT,N5}[0JLW]q
組み合わせる,くみあわせる,"to join together, to combine, to join up","untuk bergabung bersama, untuk menggabungkan, untuk bergabung",JLPT_1 JLPT,qDs6:%T/3U
蔵,くら,"warehouse, cellar","gudang, ruang bawah tanah",JLPT_1 JLPT,C=*)4H{doV
グレー,グレー,"grey, gray","abu-abu, abu-abu",JLPT_1 JLPT,k$7)oghP*m
クレーン,クレーン,crane,derek,JLPT_1 JLPT,C(o|20rT;/
玄人,くろうと,"expert, professional","ahli, profesional",JLPT_1 JLPT,N5@#f;qR7F
黒字,くろじ,balance (figure) in the black,keseimbangan (gambar) dalam warna hitam,JLPT_1 JLPT,cw<1Zd}#`P
軍艦,ぐんかん,"warship, battleship","kapal perang, kapal perang",JLPT_1 JLPT Intermediate_Japanese_Ln.8 Intermediate_Japanese,"j|9,<bl,`k"
軍事,ぐんじ,military affairs,urusan militer,JLPT_1 JLPT,O/|8of/=vE
君主,くんしゅ,"ruler, monarch","penguasa, raja",JLPT_1 JLPT,stPJuiua;x
群集,ぐんしゅう,"(social) group, crowd, mob","kelompok (sosial), kerumunan, massa",JLPT_1 JLPT,p4G>}yfC)@
群衆,ぐんしゅう,"(social) group, crowd, mob","kelompok (sosial), kerumunan, massa",JLPT_1 JLPT,m)#YkIUhBb
軍備,ぐんび,"armaments, military preparations","persenjataan, persiapan militer",JLPT_1 JLPT,Q<54bk-ZNv
軍服,ぐんぷく,military or naval uniform,seragam militer atau angkatan laut,JLPT_1 JLPT,puGrsq&TAP
芸,げい,"art, accomplishment, performance","seni, prestasi, kinerja",JLPT_1 JLPT,zzMBfZ=xQL
経過,けいか,"passage, progress","bagian, kemajuan",JLPT_1 JLPT,ok7SBPZ~(w
軽快,けいかい,"lively, casual, light","hidup, santai, ringan",JLPT_1 JLPT,H^eby;)zOc
警戒,けいかい,"warning, admonition, vigilance","peringatan, teguran, kewaspadaan",JLPT_1 JLPT,IlUsDbGTyB
敬具,けいぐ,Sincerely (used at the end of letter),Hormat kami (digunakan di akhir surat),Intermediate_Japanese_Ln.4 JLPT_1 JLPT Intermediate_Japanese,B!lza1p.0?
軽減,けいげん,"reduction, lessening","pengurangan, pengurangan",JLPT_1 JLPT,IbWZR<kR]W
掲載,けいさい,"appearance (e.g., article in paper)","penampilan (misalnya, artikel di kertas)",JLPT_1 JLPT,bq$YateC|k
傾斜,けいしゃ,"inclination, slope, dip","kemiringan, kemiringan, kemiringan",JLPT_1 JLPT,D&m-*([U$6
形成,けいせい,formation,pembentukan,JLPT_1 JLPT,"Q,O|6gZ,S_"
形勢,けいせい,"condition, situation, prospects","kondisi, situasi, prospek",JLPT_1 JLPT,tT1?SPXi1I
軽率,けいそつ,"thoughtless, careless, hasty","ceroboh, ceroboh, tergesa-gesa",JLPT_1 JLPT,mC$8ZBGBhL
刑罰,けいばつ,"judgment, penalty, punishment","penghakiman, hukuman, hukuman",JLPT_1 JLPT,h!JCwBz@T7
経費,けいひ,"expenses, cost, outlay","pengeluaran, biaya, pengeluaran",JLPT_1 JLPT,dA8rO;1&st
警部,けいぶ,police inspector,inspektur polisi,JLPT_1 JLPT,f~U_eCQcuj
転換,てんかん,"convert, divert","mengkonversi, mengalihkan",JLPT_1 JLPT,wq`yxTWAU4
転居,てんきょ,"moving, changing residence","pindah, berpindah tempat tinggal",JLPT_1 JLPT,fpa)5#xLl3
転勤,てんきん,transfer (to another office of a company),transfer (ke kantor lain di suatu perusahaan),JLPT_1 Intermediate_Japanese_Ln.14 JLPT Intermediate_Japanese,Cj#Grcg7-k
点検,てんけん,"inspection, examination, checking","inspeksi, pemeriksaan, pengecekan",JLPT_1 JLPT,nhsX!aB>^s
電源,でんげん,"source of electricity, power (e.g., button on TV)","sumber listrik, daya (misalnya, tombol di TV)",JLPT_1 JLPT,"O,Y?B?G0AC"
天国,てんごく,"paradise, heaven, Kingdom of Heaven","surga, surga, Kerajaan Surga",JLPT_1 JLPT,y;7l~-6:U2
天才,てんさい,a genius,seorang jenius,JLPT_1 JLPT Intermediate_Japanese_Ln.8 Intermediate_Japanese,M=qf#].n@K
天災,てんさい,"natural calamity, disaster","bencana alam, bencana",JLPT_1 JLPT,AbgU8k(]Fr
展示,てんじ,"exhibition, display","pameran, tampilan",JLPT_1 JLPT,BX?]-7Vf!l
伝説,でんせつ,"tradition, legend, folklore","tradisi, legenda, cerita rakyat",JLPT_1 JLPT Intermediate_Japanese_Ln.8 Intermediate_Japanese,"Rdd+X!dSu,"
点線,てんせん,dotted line,garis putus-putus,JLPT_1 JLPT,"FYT!)Y,6rw"
転じる,てんじる,"to turn, to shift","untuk berbalik, untuk bergeser",JLPT_1 JLPT,gk5Nvk`;hi
転ずる,てんずる,"to turn, to shift","untuk berbalik, untuk bergeser",JLPT_1 JLPT,CI_As5:EDn
天体,てんたい,heavenly body,tubuh surgawi,JLPT_1 JLPT,jiDJT?nAAw
伝達,でんたつ,"transmission (e.g., news, communication, delivery)","transmisi (misalnya, berita, komunikasi, pengiriman)",JLPT_1 JLPT,Fu*Vb?uBII
天地,てんち,"heaven and earth, the universe","langit dan bumi, alam semesta",JLPT_1 JLPT,c+f-ty}$d!
てんで,てんで,"(not) at all, altogether, entirely","(tidak) sama sekali, seluruhnya, seluruhnya",JLPT_1 JLPT,iKsMS;CA<|
転任,てんにん,change of post,perubahan pos,JLPT_1 JLPT,rZvBTuhiHO
展望,てんぼう,"view, outlook, prospect","pandangan, pandangan, prospek",JLPT_1 JLPT,q|(m+;cCHK
伝来,でんらい,"ancestral, hereditary, imported","leluhur, keturunan, impor",JLPT_1 JLPT,"fDUHN*l8c,"
転落,てんらく,"fall, degradation","jatuh, degradasi",JLPT_1 JLPT,Et(iYLp%EH
問い合わせる,といあわせる,"to inquire, to seek information","untuk bertanya, untuk mencari informasi",JLPT_1 JLPT,uvJB[75Tk}
当～,とう～,"Our ~ (e.g., Hotel, plane, etc.)","~ kami (misalnya, Hotel, pesawat, dll.)",JLPT_1 JLPT,Mu?thgozeE
胴,どう,"trunk, body, frame","bagasi, badan, rangka",JLPT_1 JLPT,hDa8pFJqm0
同意,どうい,"agreement, consent; same meaning","persetujuan, persetujuan;",JLPT_1 JLPT,j3r]HMmU>:
動員,どういん,mobilization,mobilisasi,JLPT_1 JLPT,k#:gdO(AW5
同感,どうかん,"agreement, same opinion, same feeling","persetujuan, pendapat yang sama, perasaan yang sama",JLPT_1 JLPT,Bc/Cv&bn2c
陶器,とうき,"pottery, ceramics","tembikar, keramik",JLPT_1 JLPT,E}elXp_wGW
討議,とうぎ,"debate, discussion","perdebatan, diskusi",JLPT_1 JLPT,BjpsxE0AcR
動機,どうき,"motive, incentive","motif, insentif",JLPT_1 JLPT,PXaG&3fRlH
等級,とうきゅう,"grade, class","kelas, kelas",JLPT_1 JLPT,vFpm6[P%2G
同級,どうきゅう,"the same grade, same class","kelas yang sama, kelas yang sama",JLPT_1 JLPT,eqQ2)5CzED
同居,どうきょ,living together,hidup bersama,JLPT_1 JLPT,QKzH>2eq3/
登校,とうこう,attendance (at school),kehadiran (di sekolah),JLPT_1 JLPT,B([>~_d]8F
統合,とうごう,"integration, unification, synthesis","integrasi, unifikasi, sintesis",JLPT_1 JLPT,ji0.^JH`^U
動向,どうこう,"trend, tendency, movement, attitude","tren, kecenderungan, gerakan, sikap",JLPT_1 JLPT,o.}lBa5|<`
投資,とうし,investment,investasi,JLPT_1 JLPT,cy=[{o&!H$
同情,どうじょう,"sympathy, compassion, sympathize","simpati, kasih sayang, simpati",JLPT_1 JLPT,"Mbh,O)Kv:"
道場,どうじょう,"(arch) dojo, hall used for martial arts training, mandala","(lengkungan) dojo, aula yang digunakan untuk latihan pencak silat, mandala",JLPT_1 JLPT,OojlS!TK3i
統制,とうせい,"regulation, control","regulasi, kontrol",JLPT_1 JLPT,K:r_8O#Kk`
当選,とうせん,"being elected, winning the prize","terpilih, memenangkan hadiah",JLPT_1 JLPT,m]O74#<tB:
逃走,とうそう,"flight, desertion, escape","melarikan diri, desersi, melarikan diri",JLPT_1 JLPT,lS-lTa3)4.
統率,とうそつ,"command, generalship, leadership","komando, jenderal, kepemimpinan",JLPT_1 JLPT,xpLjH)jf2X
到達,とうたつ,"reaching, attaining, arrival","mencapai, mencapai, tiba",JLPT_1 JLPT,H#Flm1MG6>
統治,とうち,"rule, reign, governing","memerintah, memerintah, memerintah",JLPT_1 JLPT,F]R4doym8Q
仕切る,しきる,"to partition, to divide, to mark off","untuk mempartisi, membagi, menandai",JLPT_1 JLPT,G!$&r|A6Tu
資金,しきん,"funds, capital","dana, modal",JLPT_1 JLPT,l}_f:.$:^S
軸,じく,"axis, stem, shaft","sumbu, batang, poros",JLPT_1 JLPT,h+9$DC_v-#
しくじる,しくじる,"to fail, to fall through, to blunder","gagal, gagal, melakukan kesalahan",JLPT_1 JLPT,N22-lR<CJ#
仕組,しくみ,"structure, mechanism","struktur, mekanisme",JLPT_1 JLPT,zu6.9a/_f(
死刑,しけい,death penalty,hukuman mati,JLPT_1 JLPT,d38&><SCHm
湿気る,しける,"to be damp, to be moist","menjadi lembab, menjadi lembab",JLPT_1 JLPT,"j<,^YWvyDj"
施行,しこう,"enforcement, operation","penegakan, operasi",JLPT_1 JLPT,MC~*r371(H
思考,しこう,thought,pikiran,JLPT_1 JLPT,G|{{/)+LPZ
志向,しこう,"intention, aim","niat, tujuan",JLPT_1 JLPT,O4`+5c5yv}
嗜好,しこう,"taste, liking, preference","rasa, kesukaan, preferensi",JLPT_1 JLPT,z6!>1ULyhO
事項,じこう,"matter(s), item(s), facts","materi, butir, fakta",JLPT_1 JLPT Intermediate_Japanese_Ln.15 Intermediate_Japanese,p8bdtFtVNT
時刻表,じこくひょう,"timetable, (train) schedule","jadwal, jadwal (kereta api).",JLPT_1 JLPT Intermediate_Japanese_Ln.10 Intermediate_Japanese,Fqowxp!1`}
地獄,じごく,hell,neraka,JLPT_1 JLPT,Dm&QxHR(%1
時差,じさ,time difference,perbedaan waktu,JLPT_1 JLPT,AEdcWK:0]/
自在,じざい,"freely, at will","dengan bebas, sesuka hati",JLPT_1 JLPT,sqc[jw93Mn
視察,しさつ,"inspection, observation","inspeksi, observasi",JLPT_1 JLPT,"B,vh!;ocAA"
資産,しさん,"property, fortune, assets","properti, kekayaan, aset",JLPT_1 JLPT,MI@T>IcVHN
支持,しじ,support,mendukung,JLPT_1 JLPT,oo0YtJF4ck
自主,じしゅ,"independence, autonomy","kemerdekaan, otonomi",JLPT_1 JLPT,ARYI~qJT^l
自首,じしゅ,"surrender, give oneself up","menyerah, menyerahkan diri",JLPT_1 JLPT,qvNf_+tfMc
刺繍,ししゅう,embroidery,sulaman,JLPT_1 JLPT,w_uSABGrgB
市場,しじょう,(the) market (as a concept),() pasar (sebagai sebuah konsep),JLPT_1 JLPT,PAheY`kK%!
辞職,じしょく,resignation,pengunduran diri,JLPT_1 JLPT,pwRmK+}S5n
雫,しずく,drop (of water),setetes (air),JLPT_1 JLPT,q+DG7K-9zr
システム,システム,system,sistem,JLPT_1 JLPT,QzGyU%s_=+
沈める,しずめる,"to sink, to submerge","tenggelam, tenggelam",JLPT_1 JLPT,k#([X{>3G.
施設,しせつ,"establishment, facility","pendirian, fasilitas",JLPT_1 JLPT,NLo.Oj~LZQ
事前,じぜん,"prior, beforehand, in advance","sebelumnya, sebelumnya, sebelumnya",JLPT_1 JLPT,"B`.[5%YoP,"
子息,しそく,(hon.) son,(Yang Mulia) nak,JLPT_1 JLPT,FTUd?vlNr&
持続,じぞく,"continuation, endurance","kelanjutan, daya tahan",JLPT_1 JLPT,z!R.0v{_I+
自尊心,じそんしん,"self-respect, conceit","harga diri, kesombongan",JLPT_1 JLPT,"db,ehs16g5"
慕う,したう,to yearn to adore,ingin sekali memujanya,JLPT_1 JLPT,Kg^oT02U+h
下心,したごころ,"secret intention, motive","niat rahasia, motif",JLPT_1 JLPT,yNAARsc60)
下地,したじ,"groundwork, foundation","landasan, landasan",JLPT_1 JLPT,C0{8:(@F]r
親しむ,したしむ,"to be intimate with, to befriend","untuk menjadi akrab dengan, untuk berteman",JLPT_1 JLPT,]t:px`?.Z
下調べ,したしらべ,preliminary investigation,penyelidikan awal,JLPT_1 JLPT,DxMjJ:J?n9
愛想,あいそう,sociability,keramahan,JLPT JLPT_1,D5/lX+C:0I
間柄,あいだがら,relationship,hubungan,JLPT JLPT_1,r){:>bdZ&g
合間,あいま,interval,selang,JLPT JLPT_1,"JUK537Y{:,"
敢えて,あえて,"dare (to do), venture (to do), challenge (to do)","berani (melakukan), berani (melakukan), menantang (melakukan)",JLPT JLPT_1,s1!E#AVJt2
仰ぐ,あおぐ,"to look up (to), to respect; to ask for","untuk memandang (ke), menghormati;",JLPT JLPT_1,jM1|yl:^{3
垢,あか,"dirt, filth","kotoran, kotoran",JLPT JLPT_1,DBMz)Db=eM
赤字,あかじ,"deficit, go in the red","defisit, masuk ke zona merah",JLPT JLPT_1,HI03WP|@HB
明かす,あかす,to reveal; to stay up,untuk mengungkapkan;,JLPT JLPT_1,KwYk}cvf;4
赤らむ,あからむ,"to become red, to blush","menjadi merah, memerah",JLPT JLPT_1,j<sn*Q2&fX
上がり,あがり,"ascent; income; completion, stop",pendakian;,JLPT JLPT_1,P4)VsPElC3
諦め,あきらめ,"resignation, reconciliation, consolation","pengunduran diri, rekonsiliasi, penghiburan",JLPT JLPT_1,t[6Mba+ksr
アクセル,アクセル,(abbr.) accelerator,(singkatan) akselerator,JLPT JLPT_1,Ne4X+cGeo>
あくどい,あくどい,gaudy vicious,sangat kejam,JLPT JLPT_1,lc&@RDrWR_
顎,あご,chin,dagu,JLPT JLPT_1,Ptm5MS8ifU
憧れ,あこがれ,"yearning, longing, aspiration","kerinduan, kerinduan, cita-cita",Intermediate_Japanese Intermediate_Japanese_Ln.8 JLPT JLPT_1,xBeDF#=-sz
麻,あさ,hemp,rami,JLPT JLPT_1,w(rcEk/VmK
あざ,あざ,"birthmark, bruise","tanda lahir, memar",JLPT JLPT_1,d*;1c9:{uT
浅ましい,あさましい,"shameful, mean, despicable","memalukan, kejam, tercela",JLPT JLPT_1,s)pIL-ZA22
欺く,あざむく,to deceive,untuk menipu,JLPT JLPT_1,A$ma^<[.oV
鮮やか,あざやか,"vivid, clear","jelas, jelas",JLPT JLPT_1,NLW7^$tsZW
嘲笑う,あざわらう,"to sneer at, to ridicule","untuk mencemooh, mengejek",JLPT JLPT_1,JUQ*e7*7@1
悪しからず,あしからず,"don't take me wrong, but..., I'm sorry","jangan salah sangka, tapi..., maafkan aku",JLPT JLPT_1,mzY7to>XD=
味わい,あじわい,"flavor, relish","rasa, nikmati",JLPT JLPT_1,AnF0/M>eGJ
焦る,あせる,"to be in a hurry, to be impatient","menjadi terburu-buru, menjadi tidak sabar",JLPT JLPT_1,CQ6a[yufGz
あせる (こえが～),あせる (こえが～),"to fade, to discolor","memudar, menghitamkan",JLPT JLPT_1,z&GHas=YL$
値,あたい,"value, price, worth","nilai, harga, nilai",JLPT JLPT_1,npzK5/Lv`K
値する,あたいする,"to be worth, to deserve","untuk menjadi layak, untuk layak",JLPT JLPT_1,ft<yLz[qaG
悪化,あっか,"deterioration, worsen","memburuk, memburuk",JLPT JLPT_1,sbr2W2n7MW
扱い,あつかい,"treatment, service","pengobatan, pelayanan",JLPT JLPT_1,mENSd|EXrx
呆気ない,あっけない,"not enough, too quick (short, long, etc.)","tidak cukup, terlalu cepat (pendek, panjang, dll.)",JLPT JLPT_1,Ia5OpTaxp^
あっさり,あっさり,"easily, readily, quickly","dengan mudah, siap, cepat",JLPT JLPT_1,oXkv96df2[
斡旋,あっせん,"kind offices, mediation","kantor yang baik, mediasi",JLPT JLPT_1,e&lS=AStXV
圧倒,あっとう,"overwhelm, overpower","mengalahkan, mengalahkan",JLPT JLPT_1,K|Yu^{#OdF
圧迫,あっぱく,"pressure, coercion, oppression","tekanan, paksaan, penindasan",JLPT JLPT_1,lV=]6c^zXy
あつらえる,あつらえる,"to give an order, to place an order","untuk memberi perintah, untuk memesan",JLPT JLPT_1,w5:fR-]SC?
圧力,あつりょく,"stress, pressure","stres, tekanan",JLPT JLPT_1,MjVQW+>`YR
当て,あて,expectations; depend,harapan;,JLPT JLPT_1,jo;`0^*cS-
～宛,～あて,"for…(e.g., In a letter)","untuk…(misalnya, Dalam surat)",JLPT JLPT_1,FnD29QA$}R
当て字,あてじ,"phonetic-equivalent character, substitute character","karakter setara fonetik, karakter pengganti",JLPT JLPT_1,"Q]8,F~AaiU"
跡継ぎ,あとつぎ,"heir, successor","pewaris, penerus",JLPT JLPT_1,FOSj&QueO&
後回し,あとまわし,"putting off, postponing","menunda, menunda",JLPT JLPT_1,gtJh53r?xb
油絵,あぶらえ,oil painting,lukisan cat minyak,JLPT JLPT_1,D+4-`qnb~N
アプローチ,アプローチ,approach (in golf),pendekatan (dalam golf),JLPT JLPT_1,jEr0e9w(yl
あべこべ,あべこべ,"contrary, opposite, inverse","sebaliknya, berlawanan, terbalik",JLPT JLPT_1,"H,+X<T.gD6"
甘える,あまえる,"to behave like a spoiled child, to fawn on","berperilaku seperti anak manja, suka menjilat",JLPT JLPT_1,Ive+A5(inn
雨具,あまぐ,rain gear,perlengkapan hujan,JLPT JLPT_1,I?IUPpQj*?
甘口,あまくち,sweet flavor,rasa manis,JLPT JLPT_1,RiEI$=-[gq
アマチュア,アマチュア,amateur,amatir,JLPT JLPT_1,cX1.fT!T=M
網,あみ,net,bersih,JLPT JLPT_1,H|d6ZL#<h!
操る,あやつる,"to manipulate, to operate, to pull strings","untuk memanipulasi, mengoperasikan, menarik tali",JLPT JLPT_1,NxyDR}@Pt9
危ぶむ,あやぶむ,"to fear, to have misgivings, to be doubtful","takut, was-was, ragu-ragu",JLPT_1 JLPT,NLhG0QOC$/
あやふや,あやふや,"uncertain, vague, ambiguous","tidak pasti, tidak jelas, ambigu",JLPT_1 JLPT,LTY%:.1iV#
過ち,あやまち,"fault, error, indiscretion","kesalahan, kesalahan, kecerobohan",JLPT_1 JLPT,tiN`@Or{&y
誤る,あやまる,to make a mistake,untuk membuat kesalahan,JLPT_1 JLPT,y69Q^~B7be
歩み,あゆみ,"step, progress, history","langkah, kemajuan, sejarah",JLPT_1 JLPT,d|SHU+C9ln
歩む,あゆむ,to walk,untuk berjalan,JLPT_1 JLPT,wd7~%O7i%s
予め,あらかじめ,"in advance, previously","sebelumnya, sebelumnya",JLPT_1 JLPT,M^Q%nck}}~
荒らす,あらす,to damage; to invade,untuk merusak;,JLPT_1 JLPT,F`n@R=:)nH
争い,あらそい,"dispute, quarrel, conflict","perselisihan, pertengkaran, konflik",JLPT_1 JLPT,iM26j%{^}<
改まる,あらたまる,to be renewed; to be formal,untuk diperbarui;,JLPT_1 JLPT,POJ?~MwZC;
荒っぽい,あらっぽい,"rough, rude","kasar, kasar",JLPT_1 JLPT,"b<,B2X1W>,"
アラブ,アラブ,Arab,Arab,JLPT_1 JLPT,w?fz6N5_8f
霰,あられ,"hail (e.g., falling ice balls)","hujan es (misalnya, bola es yang jatuh)",JLPT_1 JLPT,l3>xH[yiS~
有り様,ありさま,"state, condition","keadaan, kondisi",JLPT_1 JLPT,riAt}Dj+*6
ありのまま,ありのまま,"the truth, as it is, frankly","kebenarannya, apa adanya, sejujurnya",JLPT_1 JLPT,u#p2]kp|]n
ありふれる,ありふれる,"common, ordinary, routine","biasa, biasa, rutin",JLPT_1 JLPT,L>m1Qj9_w`
アルカリ,アルカリ,alkali,alkali,JLPT_1 JLPT,bjn}>(kN_4
アルミ,アルミ,"aluminum (Al, aluminum)","aluminium (Al, aluminium)",JLPT_1 JLPT,hd2y8v&/eK
アワー,アワー,hour,jam,JLPT_1 JLPT,mk~JH>ZLLt
合わす,あわす,"to join together, to face, to unite","untuk bergabung bersama, untuk menghadapi, untuk bersatu",JLPT_1 JLPT,NbeP;-&Q9x
～合せ,～あわせ,in all,secara keseluruhan,JLPT_1 JLPT,txB~izZs$4
アンコール,アンコール,encore,ulangan,JLPT_1 JLPT,Nor`ur!?#f
暗殺,あんさつ,assassination,pembunuhan,JLPT_1 JLPT,k9nuX~0z?!
暗算,あんざん,mental arithmetic,aritmatika mental,JLPT_1 JLPT,iVkFrF?o$Q
暗示,あんじ,"hint, suggestion","petunjuk, saran",JLPT_1 JLPT,v]TQH!b:3E
案じる,あんじる,"to be anxious, to ponder","menjadi cemas, merenung",JLPT_1 JLPT,A+tw-W2up/
安静,あんせい,rest,istirahat,JLPT_1 JLPT,m~/57eSA#(
案の定,あんのじょう,"sure enough, as usual","tentu saja, seperti biasa",JLPT_1 JLPT,hA}d;?>d]S
いい加減,いいかげん,"random, irresponsible","acak, tidak bertanggung jawab",JLPT_1 JLPT,m&1q/@m2Fo
言い訳,いいわけ,"excuse, explanation","alasan, penjelasan",JLPT_1 JLPT,bHn3PYYDDh
イェス,イェス,yes; Jesus,Ya;,JLPT_1 JLPT,JNh+4Yr8ef
家出,いえで,running away from home,melarikan diri dari rumah,JLPT_1 JLPT,Q=S6%hckV-
生かす,いかす,to keep something alive; to make use of,untuk menjaga sesuatu tetap hidup;,JLPT_1 JLPT,I!~Ls+W17l
いかに,いかに,"how, in what way","bagaimana, dengan cara apa",JLPT_1 JLPT,wc[[YL_8xy
いかにも,いかにも,truly (same as 実に (じつに)),sungguh (sama dengan 実に (じつに)),JLPT_1 JLPT Intermediate_Japanese_Ln.13 Intermediate_Japanese,pGTXJh*xKy
異議,いぎ,"objection, dissent, protest","keberatan, perbedaan pendapat, protes",JLPT_1 JLPT,Ipl}wWGO>v
生き甲斐,いきがい,"something one lives for, very important","sesuatu yang dijalani seseorang, sangat penting",JLPT_1 JLPT,q|opo=i1Z%
行き違い,いきちがい,"misunderstanding, disagreement","kesalahpahaman, perselisihan",JLPT_1 JLPT,Kn3O$k3Ndh
意気込む,いきごむ,to be enthusiastic about,untuk menjadi antusias,JLPT_1 JLPT,"uCP,dS?ITJ"
育成,いくせい,"rearing, training, cultivation","membesarkan, melatih, membudidayakan",JLPT_1 JLPT,xgDyhh?MvF
幾多,いくた,"many, numerous","banyak, banyak sekali",JLPT_1 JLPT,sVgAdcK5_K
"(花を〜) 生ける, 活ける",(はなを～) いける,to arrange (flowers),untuk merangkai (bunga),JLPT JLPT_1 MediaMissing,"cEGS[d,K$s"
異見,いけん,"different opinion, objection","berbeda pendapat, keberatan",JLPT_1 JLPT,C`nnyFMEP*
意向,いこう,"intention, idea, inclination","niat, ide, kecenderungan",JLPT_1 JLPT,c<RmCn8fq1
移行,いこう,switching over to,beralih ke,JLPT_1 JLPT,zCUU7WXKx4
いざ,いざ,"now, come (now), crucial moment","sekarang, ayo (sekarang), momen krusial",JLPT_1 JLPT,i:/h1W-xdl
移住,いじゅう,"migration, immigration","migrasi, imigrasi",JLPT_1 JLPT,yfmy@>bgJz
衣装,いしょう,"clothing, costume, outfit","pakaian, kostum, pakaian",JLPT_1 JLPT,JM:)/^6vfs
いじる,いじる,"to touch, to tamper with","untuk menyentuh, untuk merusak",JLPT_1 JLPT,9Nx^_^#j8
異性,いせい,the opposite sex,lawan jenis,JLPT_1 JLPT,c(LysD`~z]
遺跡,いせき,historic ruins,reruntuhan bersejarah,JLPT_1 JLPT,FHxuAULxsj
依存,いぞん,"dependence, dependent, reliance","ketergantungan, ketergantungan, ketergantungan",JLPT_1 JLPT,vHQ}.~FHmp
委託,いたく,"consign (goods (for sale) to a firm), entrust","menyerahkan (barang (untuk dijual) ke perusahaan), menitipkan",JLPT_1 JLPT,"JRy,(Dx:,n"
いたって,いたって,"very much, exceedingly, extremely","sangat, sangat, sangat",JLPT_1 JLPT,%<{<.)4xj
出世,しゅっせ,"promotion, successful career, eminence","promosi, karier sukses, keunggulan",JLPT_1 JLPT,"E,W%,6&bwX"
出題,しゅつだい,proposing a question,mengajukan pertanyaan,JLPT_1 JLPT,s9z]c<[6wR
出動,しゅつどう,"mobilization, action","mobilisasi, tindakan",JLPT_1 JLPT,DVV5Q3:VIK
出費,しゅっぴ,"expenses, disbursements","pengeluaran, pengeluaran",JLPT_1 JLPT,t(JNS{XhuZ
出品,しゅっぴん,"exhibit, display","pameran, tampilan",JLPT_1 JLPT,w}1f=TEQZ|
主導,しゅどう,main leadership,kepemimpinan utama,JLPT_1 JLPT,"d-6;%xC,V("
主任,しゅにん,"person in charge, responsible official","penanggung jawab, pejabat yang bertanggung jawab",JLPT_1 JLPT Intermediate_Japanese_Ln.8 Intermediate_Japanese,P`pi2j!/Zn
首脳,しゅのう,"head, leader","kepala, pemimpin",JLPT_1 JLPT,mH>udydI<)
守備,しゅび,defense,pertahanan,JLPT_1 JLPT,QyYK8_+Gx6
手法,しゅほう,technique,teknik,JLPT_1 JLPT,fWl){e*%x`
樹木,じゅもく,"trees and shrubs, arbor","pohon dan semak, punjung",JLPT_1 JLPT,A6EcuVTEn~
樹立,じゅりつ,"establish, create","menetapkan, menciptakan",JLPT_1 JLPT,<gHQ~x_IM
準急,じゅんきゅう,"local express (train, slower than an express)","ekspres lokal (kereta api, lebih lambat dari ekspres)",JLPT_1 JLPT,s!T{c]d?zv
準じる,じゅんじる,"to follow, to conform, to apply to","untuk mengikuti, untuk menyesuaikan diri, untuk menerapkan",JLPT_1 JLPT,j=V@~uS;G4
～署,～しょ,department,departemen,JLPT_1 JLPT,A<!E3T_0vF
～症,～しょう,disease,penyakit,JLPT_1 JLPT,y^!rJ~5v8t
～証,～しょう,"proof, certificate","bukti, sertifikat",JLPT_1 JLPT,w[XPaJS[}z
～嬢,～じょう,young woman,wanita muda,JLPT_1 JLPT,P&R@B~a4:4
上位,じょうい,"superior, higher order","unggul, tingkat yang lebih tinggi",JLPT_1 JLPT,s<}P@-YNu`
上演,じょうえん,art performance,pertunjukan seni,JLPT_1 JLPT,Ih+PnzSX5U
城下,じょうか,land near the castle,mendarat di dekat kastil,JLPT_1 JLPT,FP&uiV(R^g
消去,しょうきょ,"elimination, erasing","eliminasi, penghapusan",JLPT_1 JLPT,KIr]^O720X
上空,じょうくう,"sky, high-altitude sky, upper air","langit, langit ketinggian, udara atas",JLPT_1 JLPT,AT)AL!}Jds
衝撃,しょうげき,"shock, crash, impact, ballistic","guncangan, tabrakan, benturan, balistik",JLPT_1 JLPT,rK5G)+e65!
証言,しょうげん,"evidence, testimony","bukti, kesaksian",JLPT_1 JLPT,s_3h<=-PI[
証拠,しょうこ,"evidence, proof","bukti, bukti",JLPT_1 JLPT,H}OPDaDiwx
照合,しょうごう,"check, verification","periksa, verifikasi",JLPT_1 JLPT,hlgHN62g|{
詳細,しょうさい,"detail, particulars","detail, khusus",JLPT_1 JLPT,K:oLa1D.!N
上昇,じょうしょう,"rising, ascending, climbing","naik, naik, mendaki",JLPT_1 JLPT,sWkm1|AEBC
昇進,しょうしん,promotion,promosi,JLPT_1 JLPT,d~xF3H=[az
称する,しょうする,"to take the name of, to call oneself","untuk mengambil nama, untuk memanggil diri sendiri",JLPT_1 JLPT,tSb%>:%%!V
情勢,じょうせい,"state of things, condition, situation","keadaan, kondisi, situasi",JLPT_1 JLPT,MJ1D.[x{)c
消息,しょうそく,"news, letter, circumstances","berita, surat, keadaan",JLPT_1 JLPT,u6>otPY%%b
承諾,しょうだく,"consent, agreement","persetujuan, persetujuan",JLPT_1 JLPT,qBKI4V%6RZ
情緒,じょうちょ,"emotion, feeling","emosi, perasaan",JLPT_1 JLPT,k3To8MWJIl
情緒,じょうしょ,"emotion, feeling","emosi, perasaan",JLPT_1 JLPT,tX-.yH%tsu
象徴,しょうちょう,symbol,simbol,JLPT_1 JLPT,Nr_Pr2R$>-
小児科,しょうにか,pediatrics,pediatri,JLPT_1 JLPT,BV(PyO5`Xp
使用人,しようにん,"employee, servant","pegawai, pelayan",JLPT_1 JLPT,LygcFyOci?
情熱,じょうねつ,"passion, enthusiasm, zeal","gairah, antusiasme, semangat",JLPT_1 JLPT,I{iqV8B>VE
譲歩,じょうほ,"concession, conciliation, compromise","konsesi, konsiliasi, kompromi",JLPT_1 JLPT,qTRRmo8`cg
条約,じょうやく,"treaty, pact","perjanjian, pakta",JLPT_1 JLPT Intermediate_Japanese_Ln.8 Intermediate_Japanese,mBj5_YKg@T
勝利,しょうり,"victory, triumph, win","kemenangan, kemenangan, kemenangan",JLPT_1 JLPT,G@C3MHqMp~
上陸,じょうりく,"landing, disembarkation","pendaratan, pendaratan",JLPT_1 JLPT,P?*6mTt|Ou
蒸溜,じょうりゅう,distillation,distilasi,JLPT_1 JLPT,N0wHhg4iZ}
奨励,しょうれい,"encouragement, promotion","dorongan, promosi",JLPT_1 JLPT,m8|HwkmQWl
ショー,ショー,show,menunjukkan,JLPT_1 JLPT,i~@270zDDg
除外,じょがい,"exception, exclusion","pengecualian, pengecualian",JLPT_1 JLPT,An-_sCcDl?
職員,しょくいん,"staff member, personnel","anggota staf, personel",JLPT_1 JLPT,"c/)%MF,^yx"
植民地,しょくみんち,colony,koloni,JLPT_1 JLPT,pqv+nRs.EA
職務,しょくむ,professional duties,tugas profesional,JLPT_1 JLPT,M%7$<MDK;D
諸君,しょくん,"Gentlemen!, Ladies!","Tuan-tuan!, Nyonya-nyonya!",JLPT_1 JLPT,w8&8<Oq8q1
助言,じょげん,"advice, suggestion","saran, saran",JLPT_1 JLPT Intermediate_Japanese Intermediate_Japanese_Ln.11,jgva&{5Yv}
徐行,じょこう,going slowly,berjalan perlahan,JLPT_1 JLPT,1}h4@}[.}
所在,しょざい,whereabouts,dimana,JLPT_1 JLPT,HYCS:(5sD5
所持,しょじ,"possession, owning","kepemilikan, kepemilikan",JLPT_1 JLPT,FFV#Fu]e{M
所属,しょぞく,"attached to, belong to","melekat pada, milik",JLPT_1 JLPT,kcA;O>C=q2
処置,しょち,treatment,perlakuan,JLPT_1 JLPT,oElimwftu&
しょっちゅう,しょっちゅう,"always, constantly","selalu, terus-menerus",JLPT_1 JLPT,qt.$TI&_S;
所定,しょてい,"fixed, prescribed","tetap, ditentukan",JLPT_1 JLPT,lE2*Emk;Hc
所得,しょとく,income,penghasilan,JLPT_1 JLPT,x{~.Tp:rb[
処罰,しょばつ,punishment,hukuman,JLPT_1 JLPT,"gNz:>*,MG$"
初版,しょはん,first edition,edisi pertama,JLPT_1 JLPT,fiRSr!;Y&A
書評,しょひょう,book review,ulasan buku,JLPT_1 JLPT,x:`od~M8;V
処分,しょぶん,"disposal, dealing, punishment","pembuangan, penanganan, hukuman",JLPT_1 JLPT,ob921zNQ/x
庶民,しょみん,"masses, common people","massa, rakyat jelata",JLPT_1 JLPT,m?>)`ISejw
庶務,しょむ,general affairs,urusan umum,JLPT_1 JLPT,ibnBaKrH9N
所有,しょゆう,"one's possessions, ownership","harta milik seseorang, kepemilikan",JLPT_1 JLPT,M/&X&72l%L
調べ,しらべ,"investigation, inspection","penyelidikan, pemeriksaan",JLPT_1 JLPT,K1M}#OQ[$e
自立,じりつ,"independence, self-reliance","kemandirian, kemandirian",JLPT_1 JLPT,AxK*wI27?U
記す,しるす,"to note, to write down","mencatat, menuliskan",JLPT_1 JLPT,IY#:UXg$YC
指令,しれい,"orders, instructions, directive","perintah, instruksi, arahan",JLPT_1 JLPT,f3?Z1%=TF7
～心,～しん,mind of ~,pikiran ~,JLPT_1 JLPT,jQ&{mv~mg}
陣,じん,"battle formation, camp, encampment","formasi pertempuran, perkemahan, perkemahan",JLPT_1 JLPT,P;NE${7wn9
進化,しんか,"evolution, progress","evolusi, kemajuan",JLPT_1 JLPT,N0sG+rp=}d
人格,じんかく,"personality, character","kepribadian, karakter",JLPT_1 JLPT,bv:L&X%{w_
審議,しんぎ,deliberation,pertimbangan,JLPT_1 JLPT,ljmGvuxGK[
新婚,しんこん,newly-wed,pengantin baru,JLPT_1 JLPT,kXZM5E]M1a
審査,しんさ,"judging, inspection, examination","penjurian, inspeksi, pemeriksaan",JLPT_1 JLPT,Aov$8-^cUL
人材,じんざい,man of talent,pria yang berbakat,JLPT_1 JLPT,C?4X*:ZTpD
紳士,しんし,gentleman,pria,JLPT_1 JLPT,x9OmT9u38P
真実,しんじつ,"truth, reality","kebenaran, kenyataan",JLPT_1 JLPT,oVA.}`H~AT
信者,しんじゃ,"believer, devotee","beriman, penyembah",JLPT_1 JLPT,xS[kK:ZdWC
真珠,しんじゅ,pearl,mutiara,JLPT_1 JLPT,AK4RS}QdNe
進出,しんしゅつ,advancement,kemajuan,JLPT_1 Intermediate_Japanese_Ln.14 JLPT Intermediate_Japanese,K-D|x_JFrP
心情,しんじょう,mentality,mentalitas,JLPT_1 JLPT,PHxCA~>U^}
新人,しんじん,"new face, newcomer","wajah baru, pendatang baru",JLPT_1 JLPT,n<1jM&wYZ&
神聖,しんせい,"holiness, sacredness, dignity","kekudusan, kesucian, martabat",JLPT_1 JLPT,N+v0O:SZ6<
親善,しんぜん,friendship,persahabatan,JLPT_1 JLPT,e$!ZsAnYeT
真相,しんそう,"truth, real situation","kebenaran, situasi nyata",JLPT_1 JLPT,"IQ@9>LJ,&M"
迅速,じんそく,"quick, fast, prompt","cepat, cepat, cepat",JLPT_1 JLPT,g^-!|Cie-4
人体,じんたい,human body,tubuh manusia,JLPT_1 JLPT,wqIT;%IHe9
新築,しんちく,"new building, new construction","gedung baru, konstruksi baru",JLPT_1 JLPT,Ozg8V>5l.l
心中,しんじゅう,double suicide,bunuh diri ganda,JLPT_1 JLPT,H1pTQNX=9t
進呈,しんてい,presentation,presentasi,JLPT_1 JLPT,CZ`K3:aqAR
進展,しんてん,"progress, development","kemajuan, perkembangan",JLPT_1 JLPT,b(>k}9=qxl
神殿,しんでん,"temple, sacred place","kuil, tempat suci",JLPT_1 JLPT,y(skY$ucA+
進度,しんど,progress,kemajuan,JLPT_1 JLPT,yu/)M8)V(L
振動,しんどう,"oscillation, vibration","osilasi, getaran",JLPT_1 JLPT,sad?lNEJ3g
新入生,しんにゅうせい,"new student, first-year student, freshman","mahasiswa baru, mahasiswa tahun pertama, mahasiswa baru",JLPT_1 Intermediate_Japanese_Ln.5 JLPT Intermediate_Japanese,x)<B[r6{jj
信任,しんにん,"trust, confidence, credence","kepercayaan, keyakinan, kepercayaan",JLPT_1 JLPT,"hWLnw4y,]t"
神秘,しんぴ,mystery,misteri,JLPT_1 JLPT,"N,Y7P[tIGQ"
辛抱,しんぼう,"patience, endurance","kesabaran, daya tahan",JLPT_1 JLPT,uU~=4Y)qMA
人民,じんみん,"people, public","orang, publik",JLPT_1 JLPT,nAw=2?(bZX
侵略,しんりゃく,"aggression, invasion, raid","agresi, invasi, penyerbuan",JLPT_1 JLPT,hsxv1184OS
診療,しんりょう,medical examination and treatment,pemeriksaan kesehatan dan pengobatan,JLPT_1 JLPT,x1%iVb>rlb
粋,すい,essence,esensi,JLPT_1 JLPT,zsq|f`1Yv
水源,すいげん,source of river,sumber sungai,JLPT_1 JLPT,n/^g6e7/@{
推進,すいしん,"propulsion, driving force","tenaga penggerak, tenaga penggerak",JLPT_1 JLPT,"J08-VaUM,s"
吹奏,すいそう,playing wind instruments,memainkan alat musik tiup,JLPT_1 JLPT,m]6xm=<uJ6
推測,すいそく,"guess, conjecture","tebak, dugaan",JLPT_1 JLPT,zvP)r1F]3S
水田,すいでん,(water-filled) paddy field,(berisi air) sawah,JLPT_1 JLPT,v5ySQN]{G>
推理,すいり,"reasoning, inference, mystery or detective genre","genre penalaran, inferensi, misteri atau detektif",JLPT_1 JLPT,jer`Bu/O84
数詞,すうし,numeral,angka,JLPT_1 JLPT,p</Ez{aJ5+
崇拝,すうはい,"worship, adoration","pemujaan, pemujaan",JLPT_1 JLPT,Hw_TI!gx2(
据え付ける,すえつける,"to install, to equip, to mount","untuk memasang, melengkapi, memasang",JLPT_1 JLPT,BP/>6=lZh5
据える,すえる,"to set, to lay, to place","untuk mengatur, meletakkan, menempatkan",JLPT_1 JLPT,t!g&pW29AZ
すがすがしい,すがすがしい,"fresh, refreshing","segar, menyegarkan",JLPT_1 JLPT,rK/?@VVUlf
救い,すくい,"help, aid, relief","pertolongan, pertolongan, keringanan",JLPT_1 JLPT,qsOm7CX`b8
すくう (みずを～),すくう (みずを～),to scoop,untuk menyendok,JLPT_1 JLPT,iDqa!wq<Tq
健やか,すこやか,"vigorous, healthy, sound","kuat, sehat, sehat",JLPT_1 JLPT,"hH9J*t,rc_"
濯ぐ,すすぐ,"to rinse, to wash out","untuk membilas, untuk mencuci",JLPT_1 JLPT,E0ffUY?7qt
進み,すすみ,progress,kemajuan,JLPT_1 JLPT,p1:(iOmlNJ
裾,すそ,"(trouser) cuff, (skirt) hem, cut edge of a hairdo","Manset (celana panjang), ujung (rok), potongan ujung tatanan rambut",JLPT_1 JLPT,xF_(AQj}lF
スタジオ,スタジオ,studio,studio,JLPT_1 JLPT,ic%[^BEKt/
スチーム,スチーム,steam,uap,JLPT_1 JLPT,nXB;]AdyMC
ストライキ,ストライキ,strike,memukul,JLPT_1 JLPT,nf-SMH*rKm
スト,スト,(abbr.) strike,(singkatan) menyerang,JLPT_1 JLPT,oc==H8k2kf
ストロー,ストロー,straw,jerami,JLPT_1 JLPT,A.~AmwkH4Z
ストロボ,ストロボ,"stroboscope (literally: strobo, strobe lamp, stroboscopic lamp)","stroboscope (harfiah: strobo, lampu strobo, lampu stroboskopik)",JLPT_1 JLPT,rNiv+g8N.Q
すばしこい,すばしこい,"nimble, smart, quick","gesit, pintar, cepat",JLPT_1 JLPT,p[HsSa}_~h
素早い,すばやい,"fast, quick","cepat, cepat",JLPT_1 JLPT,qLzUXrbxxM
ずばり,ずばり,"decisively, unreservedly, frankly","dengan tegas, tanpa syarat, terus terang",JLPT_1 JLPT,zNubn^c5m8
スプリング,スプリング,spring,musim semi,JLPT_1 JLPT,M&<1|Qyfm^
スペース,スペース,space,ruang angkasa,JLPT_1 JLPT,"mfYc5:,T$)"
ずぶぬれ,ずぶぬれ,"soaked, dripping wet","basah kuyup, basah kuyup",JLPT_1 JLPT,O=YLrvca-#
スポーツカー,スポーツカー,sports car,mobil sport,JLPT_1 JLPT,ILQ_{U)ioI
澄ます,すます,"to clear, to make clear, to listen for","menjernihkan, memperjelas, mendengarkan",JLPT_1 JLPT,o+[:%ypXAI
清ます,すます,"to clear, to make clear, to listen for","menjernihkan, memperjelas, mendengarkan",JLPT_1 JLPT,gWgE<)O|pN
済ます,すます,to finish; to settle; to do without,untuk menyelesaikan;,JLPT_1 JLPT,BI9b~SlUc1
すみやか,すみやか,speedy,cepat,JLPT_1 JLPT,MC/)GM9mOK
スラックス,スラックス,slacks,celana panjang,JLPT_1 JLPT,tpKEoAzoEC
ずらっと,ずらっと,"in a line, in a row","dalam satu baris, berturut-turut",JLPT_1 JLPT,GHI-Z0iw2Q
ずるずる,ずるずる,"dragging on, sound of sniffling","berlarut-larut, suara terisak",JLPT_1 JLPT,xPdB)weA$j
ずれ,ずれ,"difference, gap","perbedaan, kesenjangan",JLPT_1 JLPT,ml<Cz:NIm9
すれちがい,すれちがい,chance encounter,pertemuan kebetulan,JLPT_1 JLPT,h}n%.0]G*]
擦れる,すれる,"to rub, to chafe","untuk menggosok, untuk menggosok",JLPT_1 JLPT,y1pczASP(>
すんなり,すんなり,"pass with no objection, slim, slender","lulus tanpa keberatan, langsing, langsing",JLPT_1 JLPT,c{rT9&J2OZ
生育,せいいく,"growth, development, breeding","pertumbuhan, perkembangan, pembiakan",JLPT_1 JLPT,A*eQ]~1bJ/
成育,せいいく,"growth, raising","pertumbuhan, peningkatan",JLPT_1 JLPT,A=.t}i>GW3
成果,せいか,"results, fruits","hasil, buah-buahan",JLPT_1 JLPT,BVYQfcf%9
正解,せいかい,"correct, right answer, solution","benar, jawaban benar, solusi",JLPT_1 JLPT,Lt;.HzCJ&F
正義,せいぎ,"justice, right, righteousness","keadilan, benar, kebenaran",JLPT_1 JLPT,C*lSCCu$Is
生計,せいけい,"livelihood, living","penghidupan, penghidupan",JLPT_1 JLPT,sFe^vK-tW[
政権,せいけん,"(political) administration, political power","administrasi (politik), kekuasaan politik",JLPT_1 JLPT,ySl]BBHxv|
星座,せいざ,constellation,konstelasi,JLPT_1 JLPT,v8-]C(eL~-
制裁,せいさい,"restraint, sanctions, punishment","pengekangan, sanksi, hukuman",JLPT_1 JLPT,"&>5Y-0M,/"
政策,せいさく,"political measures, policy","langkah-langkah politik, kebijakan",JLPT_1 JLPT,"hAD&H|lfX,"
生死,せいし,life and death,hidup dan mati,JLPT_1 JLPT,[jWyFv3NW
静止,せいし,"stillness, repose, standing still","keheningan, istirahat, berdiri diam",JLPT_1 JLPT,o*g2}G_T7@
誠実,せいじつ,"sincere, honest, faithful","tulus, jujur, setia",JLPT_1 JLPT,bL3/~B_@Jx
成熟,せいじゅく,"maturity, ripeness","kematangan, kematangan",JLPT_1 JLPT,mi&AvT*VW%
青春,せいしゅん,"youth, springtime of life, adolescent","masa muda, musim semi kehidupan, remaja",JLPT_1 JLPT,r1RCkb<y|$
清純,せいじゅん,"purity, innocence","kemurnian, kepolosan",JLPT_1 JLPT,ONr5>]A5d|
聖書,せいしょ,Bible,Alkitab,JLPT_1 JLPT,Q@S9S%oEQ1
正常,せいじょう,"normalcy, normality, normal","normal, normal, normal",JLPT_1 JLPT,wA-k/9L$M{
制する,せいする,"to control, to command","untuk mengontrol, untuk memerintah",JLPT_1 JLPT,rf}l5O&Iya
整然,せいぜん,"orderly, regular, well-organized","teratur, teratur, terorganisir dengan baik",JLPT_1 JLPT,PN>H*K1;6z
盛装,せいそう,"be dressed up, wear rich clothes","berdandan, kenakan pakaian mewah",JLPT_1 JLPT,"NT,a6{jkV^"
盛大,せいだい,"grand, prosperous, magnificent","agung, makmur, megah",JLPT_1 JLPT,oA#/^#fynU
清濁,せいだく,"good and evil, purity and impurity","baik dan jahat, kemurnian dan ketidakmurnian",JLPT_1 JLPT,LIBty_QSI!
制定,せいてい,"enactment, establishment, creation","pemberlakuan, pendirian, penciptaan",JLPT_1 JLPT,w/{{PKSO-l
静的,せいてき,static,statis,JLPT_1 JLPT,qS/}NK^[E0
製鉄,せいてつ,iron manufacture,pembuatan besi,JLPT_1 JLPT,q1#~15/jx^
晴天,せいてん,fine weather,cuaca bagus,JLPT_1 JLPT,O`AKp9t/nh
正当,せいとう,"just, due, proper","tepat, tepat, tepat",JLPT_1 JLPT,KYfFW0c&^H
制服,せいふく,uniform,seragam,JLPT_1 JLPT,KjpnwgIuCJ
征服,せいふく,"conquest, subjugation, overcoming","penaklukan, penaklukan, mengatasi",JLPT_1 JLPT,UI+/g3/T<
製法,せいほう,"manufacturing method, recipe, formula","cara pembuatan, resep, formula",JLPT_1 JLPT,r$Viif`6:S
精密,せいみつ,"precise, exact, detailed, minute","tepat, tepat, rinci, menit",JLPT_1 JLPT,k?w!_L!izK
税務署,ぜいむしょ,tax office,kantor pajak,JLPT_1 JLPT,cu&VjhU0YM
制約,せいやく,"limitation, constraints","keterbatasan, kendala",JLPT_1 JLPT,eGs}Rjdjyu
勢力,せいりょく,"influence, power, might, strength","pengaruh, kekuasaan, keperkasaan, kekuatan",JLPT_1 JLPT,jCKk=3Gx//
整列,せいれつ,"stand in a row, form a line","berdiri berjajar, membentuk barisan",JLPT_1 JLPT,K=?{2[EdLY
セール,セール,sale,penjualan,JLPT_1 JLPT,bTb.7j.bY0
急かす,せかす,"to hurry, to urge on","untuk bergegas, untuk mendesak",JLPT_1 JLPT,r25!gS/G>A
伜,せがれ,"son, my son","nak, anakku",JLPT_1 JLPT,CVmDxN*tGx
責務,せきむ,"duty, obligation","tugas, kewajiban",JLPT_1 JLPT,ct_SCVUYk9
セクション,セクション,section,bagian,JLPT_1 JLPT,oE+>)~hYZ>
世辞,せじ,"flattery, compliment","sanjungan, pujian",JLPT_1 JLPT,i2*b#^+2.G
世帯,せたい,household,rumah tangga,JLPT_1 JLPT,M;wkDh)_[-
是正,ぜせい,"correction, revision","koreksi, revisi",JLPT_1 JLPT,r4z<%];90$
世代,せだい,generation,generasi,JLPT_1 JLPT,vXhkxYs)ro
切開,せっかい,"opening up, cutting through","membuka, memotong",JLPT_1 JLPT,j3{#e(JGO?
セックス,セックス,sex,seks,JLPT_1 JLPT,p^XJZeb_m$
切実,せつじつ,"compelling, serious, severe, acute","menarik, serius, parah, akut",JLPT_1 JLPT,"b(%wDAP,4<"
接触,せっしょく,"touch, contact","sentuh, hubungi",JLPT_1 JLPT,euP9o6khjK
接続詞,せつぞくし,conjunction,konjungsi,JLPT_1 JLPT,jxx/dj^^[F
設置,せっち,"establishment, institution","pendirian, institusi",JLPT_1 JLPT,dTa#ev1!lY
折衷,せっちゅう,"compromise, cross, blending, eclecticism","kompromi, silang, pencampuran, eklektisisme",JLPT_1 JLPT,z.Jdo5|UwK
設定,せってい,"establishment, creation","pendirian, penciptaan",JLPT_1 JLPT,EL[q3!y3K%
説得,せっとく,persuasion,bujukan,JLPT_1 JLPT,p@nzS4e%Pe
切ない,せつない,"painful, trying, sad","menyakitkan, mencoba, sedih",JLPT_1 JLPT,Op2N@ZY@PL
絶版,ぜっぱん,out of print,tidak lagi dicetak,JLPT_1 JLPT,wscau>2!!B
設立,せつりつ,"establishment, foundation, institution","pendirian, yayasan, institusi",JLPT_1 JLPT,nV|*LLs6}!
攻め,せめ,"attack, offense","menyerang, menyerang",JLPT_1 JLPT,lp+Bg:0JY+
ゼリー,ゼリー,jelly,jeli,JLPT_1 JLPT,pUMI]4pC]5
セレモニー,セレモニー,ceremony,upacara,JLPT_1 JLPT,ElF~:n|$Dm
世論,せろん,public opinion,opini publik,JLPT_1 JLPT,cn7+uG:k{Q
先,せん,"priority, precedence, previous","prioritas, prioritas, sebelumnya",JLPT_1 JLPT,K[s:+C@-V{
繊維,せんい,"fiber, fiber, textile","serat, serat, tekstil",JLPT_1 JLPT,IoI]vI^@?E
全快,ぜんかい,complete recovery of health,pemulihan kesehatan sepenuhnya,JLPT_1 JLPT,jMG%U5Y*b]
宣教,せんきょう,religious mission,misi keagamaan,JLPT_1 JLPT,t2!m+EN<kt
宣言,せんげん,"declaration, proclamation, announcement","deklarasi, proklamasi, pengumuman",JLPT_1 JLPT,N*Sn3]6F}u
戦災,せんさい,war damage,kerusakan perang,JLPT_1 JLPT,g*>*T{UX8V
専修,せんしゅう,specialization,spesialisasi,JLPT_1 JLPT,iF/[EjL/PH
戦術,せんじゅつ,tactics,taktik,JLPT_1 JLPT,fClOu9u4S.
センス,センス,"sense (for music, style, tact, etc.)","akal (untuk musik, gaya, kebijaksanaan, dll.)",JLPT_1 JLPT,kOf@Kc#S!?
潜水,せんすい,diving,menyelam,JLPT_1 JLPT,kXmApIVn4{
全盛,ぜんせい,height of prosperity,puncak kemakmuran,JLPT_1 JLPT,PA4!?*R&)6
先代,せんだい,"family predecessor, previous age, previous generation","pendahulu keluarga, usia sebelumnya, generasi sebelumnya",JLPT_1 JLPT,A@$Xh`C*#q
先だって,せんだって,"recently, the other day","baru-baru ini, beberapa hari yang lalu",JLPT_1 JLPT,bpeAMs`g=B
先着,せんちゃく,first arrival,kedatangan pertama,JLPT_1 JLPT,s5`[<)lze/
前提,ぜんてい,"preamble, premise, prerequisite","pembukaan, premis, prasyarat",JLPT_1 JLPT,M^(]5)Q28q
先天的,せんてんてき,"inherent, congenital, hereditary","melekat, bawaan, turun-temurun",JLPT_1 JLPT,e8-*cxos*(
前途,ぜんと,"future prospects, outlook, the journey ahead","prospek masa depan, pandangan, perjalanan ke depan",JLPT_1 JLPT,rUv_dSLlLH
戦闘,せんとう,"battle, fight, combat","pertarungan, pertarungan, pertarungan",JLPT_1 JLPT,LE#Z8!)h7>
潜入,せんにゅう,"infiltration, sneaking in","infiltrasi, menyelinap masuk",JLPT_1 JLPT,jwMP<D<nu+
船舶,せんぱく,ship,mengirimkan,JLPT_1 JLPT,yT?Wj-:Bft
全滅,ぜんめつ,annihilation,penghancuran,JLPT_1 JLPT,gs]{cpbeS;
専用,せんよう,"exclusive use, personal use","penggunaan eksklusif, penggunaan pribadi",JLPT_1 JLPT,E|;c&Jmrd8
占領,せんりょう,"occupation, possession, have a room to oneself","pekerjaan, kepemilikan, memiliki ruang untuk diri sendiri",JLPT_1 JLPT,N-V{tXojX`
善良,ぜんりょう,"goodness, excellence, virtue","kebaikan, keunggulan, kebajikan",JLPT_1 JLPT,eGNEV*g</#
戦力,せんりょく,war potential,potensi perang,JLPT_1 JLPT,jsYNJMtfV.
前例,ぜんれい,precedent,preseden,JLPT_1 JLPT,z6IRT7DoRm
相応,そうおう,"suitability, fitness","kesesuaian, kebugaran",JLPT_1 JLPT,Cm`/n`5$^$
総会,そうかい,general meeting,rapat umum,JLPT_1 JLPT,v.Q]y8[=}p
創刊,そうかん,"launching (e.g., newspaper, first issue)","peluncuran (misalnya surat kabar, terbitan pertama)",JLPT_1 JLPT,k7n}7cIr>q
雑木,ぞうき,"various kinds of small trees, assorted trees","berbagai macam pohon kecil, berbagai macam pohon",JLPT_1 JLPT,K-dqvXawa`
早急,そうきゅう,urgent,mendesak,JLPT_1 JLPT,xFEe8[1r^m
早急,さっきゅう,urgent,mendesak,JLPT_1 JLPT,n`GeYo>FBk
増強,ぞうきょう,"reinforce, increase","memperkuat, meningkatkan",JLPT_1 JLPT,"rV,>ZZ=T]Q"
送金,そうきん,"remittance, sending money","pengiriman uang, pengiriman uang",JLPT_1 JLPT,bDXNFraL0R
走行,そうこう,"running a wheeled vehicle (e.g., car, traveling)","menjalankan kendaraan beroda (misalnya mobil, bepergian)",JLPT_1 JLPT,E{T/IqjEfE
総合,そうごう,"synthesis, generalization","sintesis, generalisasi",JLPT_1 JLPT,nY;2hmT##_
捜索,そうさく,"search (esp. for someone or something missing, investigation)","pencarian (khususnya seseorang atau sesuatu yang hilang, penyelidikan)",JLPT_1 JLPT,Q:2J1qwTVc
蔵相,ぞうしょう,Minister of Finance,Menteri Keuangan,JLPT_1 JLPT,fn1-ZB(4T-
装飾,そうしょく,ornament,ornamen,JLPT_1 JLPT,QA)=&Wj6HM
増進,ぞうしん,"promoting, increase, advance","mempromosikan, meningkatkan, memajukan",JLPT_1 JLPT,IZpN7AL;vh
相対,そうたい,relative,relatif,JLPT_1 JLPT,I!n?!w[?BY
壮大,そうだい,"magnificent, grand, majestic","megah, agung, agung",JLPT_1 JLPT,"mVUTF,w/3&"
騒動,そうどう,"strife, riot, rebellion","perselisihan, kerusuhan, pemberontakan",JLPT_1 JLPT,f=viWAh8g@
遭難,そうなん,"disaster, shipwreck, accident","bencana, kapal karam, kecelakaan",JLPT_1 JLPT,E:/^OnBk`
相場,そうば,"market price, speculation, estimation","harga pasar, spekulasi, estimasi",JLPT_1 JLPT,sA7SWg(`IK
装備,そうび,equipment,peralatan,JLPT_1 JLPT,k;e~1ueRAo
創立,そうりつ,"establishment, founding","pendirian, pendirian",JLPT_1 JLPT,jki@VUPP0r
添える,そえる,"to add to, to attach, to accompany","untuk menambah, melampirkan, menemani",JLPT_1 JLPT,"h,nxD[s(P9"
ソース,ソース,source,sumber,JLPT_1 JLPT,tTpwt)2AmK
即座に,そくざに,"immediately, right away","segera, segera",JLPT_1 JLPT,P;B^M<8:(U
促進,そくしん,"promotion, acceleration, encouragement","promosi, akselerasi, dorongan",JLPT_1 JLPT,qh4@1q0m.W
即する,そくする,"to conform to, to agree with, to be adapted to,","untuk menyesuaikan diri, untuk menyetujui, untuk disesuaikan dengan,",JLPT_1 JLPT,t:DoS~nc0!
束縛,そくばく,"restraint, restriction, confinement","pengekangan, pembatasan, pengurungan",JLPT_1 JLPT,l|/yaf0Kt?
側面,そくめん,"side, sidelight, lateral","samping, samping, lateral",JLPT_1 JLPT,g+c1Ex)t~@
損う,そこなう,"to harm, to hurt","untuk menyakiti, menyakiti",JLPT_1 JLPT,lT+Npb!3tv
そこら,そこら,"everywhere, somewhere","di mana-mana, di suatu tempat",JLPT_1 JLPT,sWp/2)qrjX
素材,そざい,"raw materials, subject matter","bahan mentah, materi pelajaran",JLPT_1 JLPT,k+jer~`){}
阻止,そし,"obstruction, check, hindrance","halangan, pemeriksaan, halangan",JLPT_1 JLPT,H_Bg*f2w~u
訴訟,そしょう,"litigation, lawsuit","litigasi, tuntutan hukum",JLPT_1 JLPT,r473?K:c)w
育ち,そだち,"breeding, growth","berkembang biak, pertumbuhan",JLPT_1 JLPT,I7y!o0nH<>
措置,そち,"measure, step","mengukur, langkah",JLPT_1 JLPT,wm=Ne<1R~K
ソックス,ソックス,socks,kaus kaki,JLPT_1 JLPT,bW`v0lIx&{
素っ気無い,そっけない,"cold, short, curt, blunt","dingin, pendek, singkat, tumpul",JLPT_1 JLPT,m@~(NcJuf8
外方,そっぽ,look (or turn) the other way,melihat (atau berbalik) ke arah lain,JLPT_1 JLPT,mx1|xYC`zo
備え付ける,そなえつける,"to provide, to equip, to install","untuk menyediakan, melengkapi, memasang",JLPT_1 JLPT,?a*256zVd
備わる,そなわる,to be furnished with,untuk dilengkapi,JLPT_1 JLPT,f0#k].O9>M
具わる,そなわる,to be furnished with,untuk dilengkapi,JLPT_1 JLPT,hS*=fc5g`d
聳える,そびえる,"to rise, to tower, to soar","untuk bangkit, untuk menara, untuk melambung",JLPT_1 JLPT,N#XbC.4.6E
素朴,そぼく,"simplicity, artlessness, naivety","kesederhanaan, ketidakberdayaan, kenaifan",JLPT_1 JLPT,i)~;{+Y_4I
背く,そむく,"to run counter to, to go against","untuk melawan, melawan",JLPT_1 JLPT,lwG+$Mpa}3
染まる,そまる,to be dyed,untuk diwarnai,JLPT_1 JLPT,D^_/a/#sXJ
染める,そめる,"to dye, to color","untuk mewarnai, mewarnai",JLPT_1 JLPT,"u,7!Dp;dsk"
そらす,そらす,"to bend, to warp","untuk membungkuk, untuk melengkung",JLPT_1 JLPT,O/=U<S;HO[
そり (～にのる),そり (～にのる),"sleigh, sled","kereta luncur, kereta luncur",JLPT_1 JLPT,oD<qmOFt48
反る,そる,"to warp, to be warped, to curve","melengkung, melengkung, melengkung",JLPT_1 JLPT,IJaW-#q2K8
それゆえ,それゆえ,"therefore, for that reason, so","oleh karena itu, karena alasan itu, jadi",JLPT_1 JLPT,fd1U3Eqd0z
ソロ,ソロ,solo,solo,JLPT_1 JLPT,r<H?#?:lfS
揃い,そろい,"set, suit, uniform","set, jas, seragam",JLPT_1 JLPT,d$?[e]vP*A
ぞんざい,ぞんざい,"rude, careless, slovenly","kasar, ceroboh, jorok",JLPT_1 JLPT,IV/~qgGGDy
損失,そんしつ,loss,kehilangan,JLPT_1 JLPT,q}vnE8Gq;U
存続,そんぞく,"duration, continuance","durasi, kontinuitas",JLPT_1 JLPT,k--fc+@]/s
ダース,ダース,dozen,lusin,JLPT_1 JLPT,LJ)2+[0^`@
対応,たいおう,dealing with,berurusan dengan,JLPT_1 JLPT,KZnf.&v={U
大家,たいか,"rich family, distinguished family","keluarga kaya, keluarga terpandang",JLPT_1 JLPT,Nrwns(8SbS
退化,たいか,"degeneration, retrogression","degenerasi, kemunduran",JLPT_1 JLPT,gPs^-F*IXX
大概,たいがい,"in general, mainly","secara umum, terutama",JLPT_1 JLPT,h9/$[pq28V
体格,たいかく,"physique, constitution","fisik, konstitusi",JLPT_1 JLPT,F<F1njV;[$
大金,たいきん,large amount of money,sejumlah besar uang,JLPT_1 JLPT,m_p4U|6#<L
待遇,たいぐう,"treatment, reception","pengobatan, penerimaan",JLPT_1 JLPT,F5l%#d#e`l
対決,たいけつ,"confrontation, showdown","konfrontasi, pertikaian",JLPT_1 JLPT,sKn[*vv=gw
体験,たいけん,personal experience,pengalaman pribadi,JLPT_1 JLPT Intermediate_Japanese_Ln.13 Intermediate_Japanese,o%)Oc|W=Ka
対抗,たいこう,"opposition, antagonism","oposisi, antagonisme",JLPT_1 JLPT,Rd@pS:`}f/
退治,たいじ,extermination,pemusnahan,JLPT_1 JLPT,pC*Xx^dBSu
大衆,たいしゅう,general public,masyarakat umum,JLPT_1 JLPT,nog=kohV~>
対処,たいしょ,"deal with, cope","hadapi, atasi",JLPT_1 JLPT,yMT#3SVsQ>
退職,たいしょく,retirement (from office),pensiun (dari kantor),JLPT_1 JLPT,zj2z79]QG@
題する,だいする,to title,untuk memberi judul,JLPT_1 JLPT,"F)V}e,NP?K"
態勢,たいせい,"attitude, conditions, tendency","sikap, kondisi, kecenderungan",JLPT_1 JLPT,q2.f(w/7&
対談,たいだん,"talk, dialogue","bicara, dialog",JLPT_1 JLPT,F(U~._UF.|
大胆,だいたん,"bold, daring, audacious","berani, berani, berani",JLPT_1 JLPT,NiV/^uCv:g
対等,たいとう,equivalent,setara,JLPT_1 JLPT,e2@L)L#}Hy
台無し,だいなし,"mess, spoiled, (come to) nothing","berantakan, manja, (sampai pada) apa-apa",JLPT_1 JLPT,O<W!7i{%=i
滞納,たいのう,"non-payment, default","non-pembayaran, default",JLPT_1 JLPT,"EVFf,lL5*1"
対比,たいひ,"contrast, comparison","kontras, perbandingan",JLPT_1 JLPT,QS^fJ(5L6U
タイピスト,タイピスト,typist,juru ketik,JLPT_1 JLPT,rgU6t{db}6
大部,たいぶ,"most (e.g., most part, greater, fairly, a good deal, much)","sebagian besar (misalnya, sebagian besar, lebih besar, cukup, banyak, banyak)",JLPT_1 JLPT,M:e6p(bi4/
大便,だいべん,feces,kotoran,JLPT_1 JLPT,bxG(1E~XYm
代弁,だいべん,speak for another,berbicara untuk yang lain,JLPT_1 JLPT,MRN2]i=t=d
待望,たいぼう,"long-expected, waiting","sudah lama diharapkan, menunggu",JLPT_1 JLPT,qE#$km{TWt
台本,だいほん,"libretto, scenario","libretto, skenario",JLPT_1 JLPT,RgJye)6k}y
タイマー,タイマー,timer,pengatur waktu,JLPT_1 JLPT,Jpmdj[Dy-8
怠慢,たいまん,"negligence, carelessness","kelalaian, kecerobohan",JLPT_1 JLPT,o+E(5HE.HE
タイミング,タイミング,timing,waktu,JLPT_1 JLPT,xPwaZgIXR*
タイム,タイム,time,waktu,JLPT_1 JLPT,jbo*<.eMG[
タイムリー,タイムリー,"timely, run-batted-in (baseball), RBI","tepat waktu, run-batted-in (bisbol), RBI",JLPT_1 JLPT,yP9[juCnL[
対面,たいめん,"interview, meeting","wawancara, pertemuan",JLPT_1 JLPT,i`k./6SP4;
代用,だいよう,substitution,substitusi,JLPT_1 JLPT,mu!!VPGcN/
体力,たいりょく,physical strength,kekuatan fisik,JLPT_1 JLPT,k5)wZQr4>y
タイル,タイル,tile,ubin,JLPT_1 JLPT,ATn!+%/EU;
対話,たいわ,"conversation, dialogue","percakapan, dialog",JLPT_1 JLPT,dArvNg;d~A
耐える,たえる,"to endure, to put up with","untuk bertahan, untuk bertahan",JLPT_1 JLPT,fX{nWJ2pLZ
堪える,たえる,"to endure, to put up with","untuk bertahan, untuk bertahan",JLPT_1 JLPT,Lk-i;aQnR+
絶える,たえる,"to die out, to become extinct","untuk mati, menjadi punah",JLPT_1 JLPT,rTE!2k^D@
断える,たえる,"to cease, to become extinct","berhenti, punah",JLPT_1 JLPT,Qs%N8rxgY7
打開,だかい,"solution, breakthrough","solusi, terobosan",JLPT_1 JLPT,mQ|SYI%fP]
焚火,たきび,(open) fire,(terbuka) api,JLPT_1 JLPT,LcA{{ZbodA
妥協,だきょう,"compromise, giving in","kompromi, menyerah",JLPT_1 JLPT,"s%Avc+h,O*"
たくましい,たくましい,"burly, strong, sturdy","kekar, kuat, kokoh",JLPT_1 JLPT,"P8,W5KAJY/"
巧み,たくみ,"skill, cleverness","keterampilan, kepintaran",JLPT_1 JLPT,i]Z*A6(YX(
丈,たけ,"length, height","panjang, tinggi",JLPT_1 JLPT,enuUDdn`y|
打撃,だげき,"blow, damage; batting (baseball)","pukulan, kerusakan;",JLPT_1 JLPT,"t;}gxU%<,g"
妥結,だけつ,agreement,perjanjian,JLPT_1 JLPT,l2ZF^5r/@.
駄作,ださく,poor work,pekerjaan yang buruk,JLPT_1 JLPT,Lw)j7o&?}o
足し算,たしざん,addition,tambahan,JLPT_1 JLPT,iE/CUShX8n
多数決,たすうけつ,majority rule,kekuasaan mayoritas,JLPT_1 JLPT,"OJ~&,3EcJ/"
助け,たすけ,assistance,bantuan,JLPT_1 JLPT,j0*?atjOa+
携わる,たずさわる,"to engage, to involve","untuk terlibat, untuk melibatkan",JLPT_1 JLPT,McI/Z<qse(
漂う,ただよう,"to drift about, to float, to hang in air","melayang, melayang, melayang di udara",JLPT_1 JLPT,bR^R=T^]/Z
立ち去る,たちさる,"to leave, to depart","untuk pergi, berangkat",JLPT_1 JLPT,x4xomzb{(l
立ち寄る,たちよる,"to stop by, to drop in for a short visit","untuk mampir, mampir untuk kunjungan singkat",JLPT_1 JLPT,"i~*^/,u.M%"
抱っこ,だっこ,(child's) hug,pelukan (anak-anak).,JLPT_1 JLPT,u]W;19*#xC
達者,たっしゃ,"skillful, in good health","terampil, dalam keadaan sehat",JLPT_1 JLPT,QMO]Jn&?Ra
脱出,だっしゅつ,escape,melarikan diri,JLPT_1 JLPT,rfK<qkCIf]
脱する,だっする,"to escape from, to get out","untuk melarikan diri, untuk keluar",JLPT_1 JLPT,t;JPYpd=u$
達成,たっせい,achievement,pencapaian,JLPT_1 JLPT,y%qBRcv/jg
脱退,だったい,"secession, withdrawal","pemisahan diri, penarikan diri",JLPT_1 JLPT,ncettC@%js
だったら,だったら,if it's the case,jika itu masalahnya,JLPT_1 JLPT,C/Y!eNd>%+
立て替える,たてかえる,"to pay in advance, to pay for another","untuk membayar di muka, untuk membayar yang lain",JLPT_1 JLPT,kf$XJ8^ry/
建前,たてまえ,position; stance one takes in public; principle,posisi;,JLPT_1 JLPT Intermediate_Japanese_Ln.15 Intermediate_Japanese,L3SqCRekB4
奉る,たてまつる,"to offer, to do respectfully","untuk menawarkan, untuk melakukan dengan hormat",JLPT_1 JLPT,f5~QK@<Z?-
だと,だと,if it's the case,jika itu masalahnya,JLPT_1 JLPT,AdbIr)ODQy
他動詞,たどうし,transitive verb (direct object),kata kerja transitif (objek langsung),JLPT_1 JLPT,k%4*4&yY`0
辿り着く,たどりつく,"to reach, to make it somehow","untuk mencapainya, entah bagaimana caranya",JLPT_1 JLPT,g7HZru1rgh
辿る,たどる,"to follow (road, to pursue (course), to follow up","mengikuti (jalan, mengejar (kursus), menindaklanjuti",JLPT_1 JLPT,wGxS[a6&-W
束ねる,たばねる,"to tie up in a bundle, to control","untuk mengikat dalam satu bundel, untuk mengontrol",JLPT_1 JLPT,f-6#7v|syX
だぶだぶ,だぶだぶ,"loose, baggy","longgar, longgar",JLPT_1 JLPT,gN6($!p`)9
他方,たほう,"another side, on the other hand","sisi lain, di sisi lain",JLPT_1 JLPT,kBVB0U>~W;
多忙,たぼう,busy,sibuk,JLPT_1 JLPT,&tDV5aeSi
給う,たまう,"to receive, to grant","untuk menerima, untuk memberikan",JLPT_1 JLPT,o3qNRs#MmC
魂,たましい,"soul, spirit","jiwa, roh",JLPT_1 JLPT,Lule^<EV8B
溜まり,たまり,"collected things, gathering place, arrears","barang yang dikumpulkan, tempat berkumpul, tunggakan",JLPT_1 JLPT,vn*T!ewBaY
賜る,たまわる,"to grant, to bestow","untuk memberikan, untuk melimpahkan",JLPT_1 JLPT,HP!zs26?IS
保つ,たもつ,"to keep, to preserve, to sustain","untuk menjaga, melestarikan, mempertahankan",JLPT_1 JLPT,gTbXu)j!`=
たやすい,たやすい,"easy, simple, light","mudah, sederhana, ringan",JLPT_1 JLPT,AG]dUK?GLW
多様,たよう,"diversity, variety","keragaman, variasi",JLPT_1 JLPT,vtZOkeWk&x
だるい,だるい,"sluggish, feel heavy (tired), languid","lesu, terasa berat (lelah), lesu",JLPT_1 JLPT Intermediate_Japanese_Ln.12 Intermediate_Japanese,"ssq5O?,bMD"
弛み,たるみ,"slack, slackening","kendur, mengendur",JLPT_1 JLPT,CfA9KvwrNs
弛む,たるむ,"to slacken, to loosen, to relax","untuk mengendur, untuk melonggarkan, untuk bersantai",JLPT_1 JLPT,Q3_&mJpm{q
垂れる,たれる,"to hang, to droop; to drip","untuk menggantung, terkulai;",JLPT_1 JLPT,"dR~s,A!paY"
タレント,タレント,"talent, star, personality","bakat, bintang, kepribadian",JLPT_1 JLPT,lrfU7E]iMP
タワー,タワー,tower,menara,JLPT_1 JLPT,v5:z0AFR9T
単一,たんいつ,"single, simple, sole","tunggal, sederhana, tunggal",JLPT_1 JLPT,h$`k(ir0Rg
短歌,たんか,31-syllable Japanese poem,Puisi Jepang 31 suku kata,JLPT_1 JLPT,Ir#MY^13Ie
担架,たんか,"stretcher, litter","tandu, sampah",JLPT_1 JLPT,HV+tZ)Qo19
短気,たんき,quick temper,cepat marah,JLPT_1 JLPT,"q,u5ZnTUee"
団結,だんけつ,"unity, union, solidarity","persatuan, persatuan, solidaritas",JLPT_1 JLPT,nY!|1{!OCq
探検,たんけん,"exploration, expedition","eksplorasi, ekspedisi",JLPT_1 JLPT,sRi|/nSA`o
断言,だんげん,"assertion, declaration, affirmation","penegasan, deklarasi, penegasan",JLPT_1 JLPT,w+Gv2p_R~h
短縮,たんしゅく,"shortening, abbreviation, reduction","pemendekan, singkatan, pengurangan",JLPT_1 JLPT,"loQag*w7,y"
断然,だんぜん,"firmly, absolutely, definitely","tegas, tentu saja, pasti",JLPT_1 JLPT,i4oX5JR1dF
炭素,たんそ,carbon (C),karbon (C),JLPT_1 JLPT,x^}A~2~z<O
短大,たんだい,junior college,perguruan tinggi junior,JLPT_1 JLPT,q^nCWsg[HX
単調,たんちょう,"monotony, monotone, dullness","monoton, monoton, membosankan",JLPT_1 JLPT,rL$X_?_Pk#
単独,たんどく,"sole, single","tunggal, lajang",JLPT_1 JLPT,esBhRW$7nM
旦那,だんな,"master (of house), husband (informal)","tuan (rumah), suami (informal)",JLPT_1 JLPT,Eg]wBS#KM/
短波,たんぱ,short wave,gelombang pendek,JLPT_1 JLPT,i|6Bns+L;/
蛋白質,たんぱくしつ,protein,protein,JLPT_1 JLPT,Jp^dQ($699
ダンプ,ダンプ,dump truck,truk sampah,JLPT_1 JLPT,Nw}Lm}Btbw
断面,だんめん,cross section,penampang,JLPT_1 JLPT,GKBfUV.8Iw
弾力,だんりょく,"elasticity, flexibility","elastisitas, fleksibilitas",JLPT_1 JLPT,msj@^X&|0|
治安,ちあん,"public order, security","ketertiban umum, keamanan",JLPT_1 JLPT,"BnO,YE-DZD"
チームワーク,チームワーク,teamwork,kerja sama,JLPT_1 JLPT,P=nF6sUVt[
チェンジ,チェンジ,change,mengubah,JLPT_1 JLPT,Dijxw<8QAe
違える,ちがえる,to change,untuk berubah,JLPT_1 JLPT,l%F*x{2Z?s
畜産,ちくさん,animal husbandry,peternakan,JLPT_1 JLPT,JuGLp(:y{X
畜生,ちくしょう,"beast, brute, damn","binatang buas, kasar, sialan",JLPT_1 JLPT,vq_X{4/863
蓄積,ちくせき,"accumulation, accumulate, store","akumulasi, mengakumulasi, menyimpan",JLPT_1 JLPT,Pr<}&RmAQ(
地形,ちけい,"landform, geographical features, topography","bentuk lahan, fitur geografis, topografi",JLPT_1 JLPT,z9e8bk2QkU
知性,ちせい,intelligence,intelijen,JLPT_1 JLPT,O7tGamj6Tf
乳,ちち,"milk, breast, loop","susu, payudara, lingkaran",JLPT_1 JLPT,"l,=LW~Hy+r"
縮まる,ちぢまる,"to be shortened, to be contracted, to shrink","untuk diperpendek, untuk dikontrak, untuk menyusut",JLPT_1 JLPT,wu7wbA:9_;
秩序,ちつじょ,"order, regularity","ketertiban, keteraturan",JLPT_1 JLPT Intermediate_Japanese_Ln.10 Intermediate_Japanese,P)jMU1FkFO
窒息,ちっそく,suffocation,mati lemas,JLPT_1 JLPT,fDBko;}]D
知的,ちてき,intellectual,intelektual,JLPT_1 JLPT,jiAkN.}ZmV
着手,ちゃくしゅ,"embarkation, launch","pemberangkatan, peluncuran",JLPT_1 JLPT,F[_a*7LJN.
着色,ちゃくしょく,"coloring, coloring","mewarnai, mewarnai",JLPT_1 JLPT,N#Q=xWnJKS
着席,ちゃくせき,"sit down, seat","duduk, duduk",JLPT_1 JLPT,MeN__AKyp|
着目,ちゃくもく,attention,Perhatian,JLPT_1 JLPT,wi@WVZX@m|
着陸,ちゃくりく,"landing, touch down","mendarat, mendarat",JLPT_1 JLPT,b|+eNo%pfV
着工,ちゃっこう,start of (construction) work,dimulainya pekerjaan (konstruksi).,JLPT_1 JLPT,Ew6+3{D_ru
茶の間,ちゃのま,living room (Japanese style),ruang tamu (gaya Jepang),JLPT_1 JLPT,N9-wCuA<Rp
茶の湯,ちゃのゆ,tea ceremony,upacara minum teh,JLPT_1 JLPT,ejvH[/WC(/
ちやほや,ちやほや,"pamper, make a fuss of, spoil","memanjakan, membuat keributan, memanjakan",JLPT_1 JLPT,p7xbFu82u*
チャンネル,チャンネル,a channel,sebuah saluran,JLPT_1 JLPT,nV5l[5`h]F
宙返り,ちゅうがえり,"somersault, looping-the-loop","jungkir balik, mengulang-ulang",JLPT_1 JLPT,G#D%$XG0_r
中継,ちゅうけい,"relay, hook-up","estafet, sambungan",JLPT_1 JLPT,MWNEDyrDN$
忠告,ちゅうこく,"advice, warning","saran, peringatan",JLPT_1 JLPT,N9-O04D*/i
中傷,ちゅうしょう,"slander, libel, defamation","fitnah, pencemaran nama baik, pencemaran nama baik",JLPT_1 JLPT,p0CsH{8#JZ
中枢,ちゅうすう,"center, mainstay, nucleus","pusat, andalan, inti",JLPT_1 JLPT,r%Mjj+Ek{5
抽選,ちゅうせん,"lottery, raffle, drawing (of lots)","lotere, undian, pengundian (undi)",JLPT_1 JLPT,0KYkNtfpJ
中断,ちゅうだん,"interruption, suspension, break","interupsi, suspensi, istirahat",JLPT_1 JLPT,w>%6r/va[-
中毒,ちゅうどく,poisoning,peracunan,JLPT_1 JLPT,LzJ=jxfHor
中腹,ちゅうふく,"mountain side, halfway up","sisi gunung, setengah jalan ke atas",JLPT_1 JLPT,tB+gKvvwou
中立,ちゅうりつ,neutrality,kenetralan,JLPT_1 JLPT,PZFB#``%5o
中和,ちゅうわ,"neutralize, counteract","menetralisir, melawan",JLPT_1 JLPT,nyH&P(=%8Y
～著,～ちょ,written by ~,ditulis oleh ~,JLPT_1 JLPT,fQ0a}K7p9f
腸,ちょう,"bowels, intestines","usus, usus",JLPT_1 JLPT,K%kn{5[S%7
蝶,ちょう,butterfly,kupu-kupu,JLPT_1 JLPT,q;0HqmYw1-
超,ちょう,"super-, ultra-, hyper-","super-, ultra-, hiper-",JLPT_1 JLPT,Eiftj43[ej
調印,ちょういん,"signature, sign, sealing","tanda tangan, tanda tangan, penyegelan",JLPT_1 JLPT,+X8b+]_hF
聴覚,ちょうかく,the sense of hearing,indra pendengaran,JLPT_1 JLPT,C>6Ay%IdDe
長官,ちょうかん,"chief, (government) secretary","kepala, sekretaris (pemerintah).",JLPT_1 JLPT,"H,v:QJS0Yi"
聴講,ちょうこう,"lecture attendance, auditing","kehadiran kuliah, audit",JLPT_1 JLPT,dMxJpHdu-m
徴収,ちょうしゅう,"collection, levy","pemungutan, retribusi",JLPT_1 JLPT,LIId5$2fh5
聴診器,ちょうしんき,stethoscope,stetoskop,JLPT_1 JLPT,A2>D_NQ`=%
調停,ちょうてい,"arbitration, conciliation, mediation","arbitrase, konsiliasi, mediasi",JLPT_1 JLPT,zrfL7jNQ@_
重複,ちょうふく,"duplication, repetition, overlapping, redundancy, restoration","duplikasi, pengulangan, tumpang tindih, redundansi, restorasi",JLPT_1 JLPT,yXhchN!{a9
長編,ちょうへん,"long (e.g., novel, film)","panjang (misalnya, novel, film)",JLPT_1 JLPT,u19=nL^X<]
重宝,ちょうほう,"convenient, useful","nyaman, berguna",JLPT_1 JLPT,P`*HZ|)=W)
調理,ちょうり,cooking,memasak,JLPT_1 JLPT,P`dt.f6=&.
調和,ちょうわ,harmony,harmoni,JLPT_1 JLPT,MQV-Mk:gSq
ちょくちょく,ちょくちょく,"often, frequently, now and then, occasionally","sering, sering, kadang-kadang, kadang-kadang",JLPT_1 JLPT,eXEksqIu&w
直面,ちょくめん,confrontation,konfrontasi,JLPT_1 JLPT,Q%puR-vfcY
著書,ちょしょ,"literary work, book","karya sastra, buku",JLPT_1 JLPT,k8We;qzOF?
貯蓄,ちょちく,savings,tabungan,JLPT_1 JLPT,yk~={SS:?P
直感,ちょっかん,"intuition, instinct","intuisi, naluri",JLPT_1 JLPT,QySp}y0;^p
著名,ちょめい,"well-known, noted, celebrated","terkenal, dicatat, dirayakan",JLPT_1 JLPT,X^slZ{jL{
ちらっと,ちらっと,"at a glance, by accident","sekilas, secara tidak sengaja",JLPT_1 JLPT,N3Y^D/sd+D
塵,ちり,"dust, dirt","debu, kotoran",JLPT_1 JLPT,E+SU)Yck+x
塵取り,ちりとり,dustpan,pengki,JLPT_1 JLPT,APKgG.~B~%
賃金,ちんぎん,wages,upah,JLPT_1 JLPT,R~b_`JWOQ
沈殿,ちんでん,"precipitation, deposition, settlement","presipitasi, pengendapan, penyelesaian",JLPT_1 JLPT,G+XQh2h;J
沈没,ちんぼつ,"sinking, foundering","tenggelam, terpuruk",JLPT_1 JLPT,iW4PqKe`G4
沈黙,ちんもく,"silence, reticence","diam, diam",JLPT_1 JLPT,px*6fcGx;&
陳列,ちんれつ,"exhibition, display, show","pameran, pertunjukan, pertunjukan",JLPT_1 JLPT,iwMSM}M#]k
追及,ついきゅう,"investigation, inquiry","investigasi, penyelidikan",JLPT_1 JLPT,noU*13b5O-
追跡,ついせき,pursuit,pengejaran,JLPT_1 JLPT,x&s%FCI5Z$
追放,ついほう,"exile, banishment","pengasingan, pengasingan",JLPT_1 JLPT,wlC&^*I(#k
費やす,ついやす,"to spend, to devote, to waste","untuk dibelanjakan, untuk dicurahkan, untuk disia-siakan",JLPT_1 JLPT,H-?H<E[N4R
墜落,ついらく,"falling, crashing","terjatuh, terhempas",JLPT_1 JLPT,GIlG86j>ft
痛感,つうかん,"feeling keenly, fully realizing","merasa tajam, menyadari sepenuhnya",JLPT_1 JLPT,w#*!ZaG>/&
通常,つうじょう,"common, normal, usual","biasa, biasa, biasa",JLPT_1 JLPT,CK7#B(npW6
痛切,つうせつ,"keen, deep","tajam, dalam",JLPT_1 JLPT,P)gMK#>#mQ
杖,つえ,cane,tebu,JLPT_1 JLPT,E%FRI/LaC<
使い道,つかいみち,use,menggunakan,JLPT_1 JLPT,C.3OB5&{uj
仕える,つかえる,"to serve, to work for","untuk melayani, untuk bekerja",JLPT_1 JLPT,"yJ9cY,O`h("
司る,つかさどる,"to rule, to govern, to administer","untuk memerintah, memerintah, mengelola",JLPT_1 JLPT,N0ki8Oo?OJ
つかの間,つかのま,"moment, brief time,","momen, waktu singkat,",JLPT_1 JLPT,"HjZRq7,M3q"
月並,つきなみ,"conventional, trite, common","konvensional, basi, umum",JLPT_1 JLPT,"s,jIH8HGr)"
継目,つぎめ,"joint, seam","sambungan, jahitan",JLPT_1 JLPT,g`*Hbj}:;n
尽きる,つきる,"to be used up, to be run out","untuk habis, untuk habis",JLPT_1 JLPT,D@MfPrj.$e
尽くす,つくす,"to exhaust, to run out; to devote, to serve","menguras, kehabisan;",JLPT_1 JLPT,du~n(l-y;V
つくづく,つくづく,"completely, really","sepenuhnya, sungguh",JLPT_1 JLPT,sr:&|?%)^o
作り,つくり,"make up, structure, physique","riasan, struktur, fisik",JLPT_1 JLPT,k)o<GJT`g{
造り,つくり,"make up, structure, physique","riasan, struktur, fisik",JLPT_1 JLPT,yc(=JOoe^y
繕う,つくろう,"to mend, to repair","untuk memperbaiki, untuk memperbaiki",JLPT_1 JLPT,rVgUbJ=*17
付け加える,つけくわえる,to add one thing to another,untuk menambahkan satu hal ke hal lain,JLPT_1 JLPT,G(BFo.4q2m
告げる,つげる,to inform,untuk menginformasikan,JLPT_1 JLPT,<m$M~A%1_
つじつま (はなしの～),つじつま (はなしの～),"coherence, consistency","koherensi, konsistensi",JLPT_1 JLPT,jvc[~0R.1u
筒,つつ,"pipe, tube","pipa, tabung",JLPT_1 JLPT,w^XrZ[jgo`
突く,つつく,"to thrust, to strike, to attack; to poke, to nudge, to pick at","untuk mendorong, menyerang, menyerang;",JLPT_1 JLPT,B*u&&$(Hd.
突っ突く,つっつく,to prompt someone,untuk meminta seseorang,JLPT_1 JLPT,"p5=i4N,JuA"
謹む,つつしむ,"to be careful, to be chaste or discreet","untuk berhati-hati, untuk menjadi suci atau bijaksana",JLPT_1 JLPT,gh_.MQ25nu
突っ張る,つっぱる,"to support, to become stiff; to thrust (ones opponent), to stick to (ones opinion), to insist on","untuk mendukung, menjadi kaku;",JLPT_1 JLPT,J%0:#u3#VS
務まる,つとまる,"be equal, be fit","menjadi setara, menjadi bugar",JLPT_1 JLPT,cvC_+6=O[(
勤め先,つとめさき,place of work,tempat kerja,JLPT_1 JLPT,d%0{lsg|M/
努めて,つとめて,"make an effort!, work hard!","berusahalah!, bekerja keras!",JLPT_1 JLPT,ie5f<%K4c(
津波,つなみ,"tsunami, tidal wave","tsunami, gelombang pasang",JLPT_1 JLPT,MNnk0OWf1x
つねる,つねる,to pinch,untuk mencubit,JLPT_1 JLPT,uFreoT2Btm
角,つの,horn,klakson,JLPT_1 JLPT,de#UEAK(5-
募る,つのる,"to invite, to solicit help, participation, etc","untuk mengundang, untuk meminta bantuan, partisipasi, dll",JLPT_1 JLPT,LoJ`r.LWA^
唾,つば,"saliva, spit, sputum","air liur, ludah, dahak",JLPT_1 JLPT,BsP8}KfBI.
呟く,つぶやく,"to mutter, to murmur","bergumam, bergumam",JLPT_1 JLPT,ug.@5E|3HH
つぶら,つぶら,"round, rotund","bulat, bulat",JLPT_1 JLPT,ef4-=?4kR%
つぶる (めを～),つぶる (めを～),to close the eyes,untuk menutup mata,JLPT_1 JLPT,ndE`WwYDbY
壷,つぼ,"jar, pot, vase","toples, pot, vas",JLPT_1 JLPT,C3S8JvZPeU
蕾,つぼみ,"bud, flower bud","kuncup, kuncup bunga",JLPT_1 JLPT,"QMJ,;+-HP?"
連なる,つらなる,"to extend, to stretch out, to stand in a row","untuk memperpanjang, untuk meregangkan, untuk berdiri dalam barisan",JLPT_1 JLPT,mp~Cp%LGWd
貫く,つらぬく,to go through,untuk melewati,JLPT_1 JLPT,j32^3)_a~A
連ねる,つらねる,"to link, to join, to put together","untuk menghubungkan, untuk bergabung, untuk menyatukan",JLPT_1 JLPT,"f,+4Zn,xV["
釣り鐘,つりがね,temple bell (for striking),lonceng kuil (untuk memukul),JLPT_1 JLPT,NCQt3~fkfu
吊り革,つりかわ,strap,mengikat,JLPT_1 JLPT,djH0o!(*c9
手当,てあて,"allowance, compensation; treatment","tunjangan, kompensasi;",JLPT_1 JLPT,"re,MYOrC&P"
定義,ていぎ,definition,definisi,JLPT_1 JLPT,Ju;[Z@>(rL
提供,ていきょう,"offer, program sponsoring","penawaran, sponsor program",JLPT_1 JLPT,nfoi|;u&u/
提携,ていけい,"cooperation, tie-up, joint business","kerjasama, ikatan, bisnis bersama",JLPT_1 JLPT,LK&~}-CW`X
体裁,ていさい,"decency, style, form, appearance","kesopanan, gaya, bentuk, penampilan",JLPT_1 JLPT,Pn+88/;c&{
提示,ていじ,"presentation, exhibit, suggest, citation","presentasi, pameran, saran, kutipan",JLPT_1 JLPT,"ghC1,HWr`q"
ティシュペーパー,ティシュペーパー,tissue,jaringan,JLPT_1 JLPT,E?F_x/Bz#;
定食,ていしょく,"fixed-price lunch, set meal, dinner","makan siang harga tetap, set makanan, makan malam",JLPT_1 JLPT Intermediate_Japanese_Ln.13 Intermediate_Japanese,dh@a8noi3!
訂正,ていせい,"correction, revision","koreksi, revisi",JLPT_1 JLPT,xK_nbbN*:9
停滞,ていたい,"stagnation, tie-up, congestion, retention","stagnasi, pengikatan, kemacetan, retensi",JLPT_1 JLPT,IS{H3A{d1v
邸宅,ていたく,"mansion, residence","rumah besar, tempat tinggal",JLPT_1 JLPT,y<*6&i/ulR
定年,ていねん,retirement age,usia pensiun,JLPT_1 JLPT,L&j?pv3_Qz
堤防,ていぼう,"bank, weir","bank, bendungan",JLPT_1 JLPT,vS/&|1=DC6
手遅れ,ておくれ,being (too); belated treatment,menjadi (juga);,JLPT_1 JLPT,nekju?5ubj
でかい,でかい,huge,sangat besar,JLPT_1 JLPT,Jx@s8-_D#U
手掛かり,てがかり,"hint, clue, key","petunjuk, petunjuk, kunci",JLPT_1 JLPT,tv6_fmP+C^
手掛ける,てがける,"to handle, to manage, to work with","untuk menangani, untuk mengelola, untuk bekerja dengan",JLPT_1 JLPT,b`U6.}VMxH
手数,てかず,"trouble, labor, handling","masalah, tenaga kerja, penanganan",JLPT_1 JLPT,JN-JN1T)fO
手軽,てがる,"easy, simple, cheap","mudah, sederhana, murah",JLPT_1 JLPT,O$[ge5&iL_
適応,てきおう,"adaptation, accommodation, conformity","adaptasi, akomodasi, konformitas",JLPT_1 JLPT,qk3tIV:T3#
適宜,てきぎ,suitability,kesesuaian,JLPT_1 JLPT,jN;;V2!rB&
適性,てきせい,aptitude,bakat,JLPT_1 JLPT,piX3]-NbDU
できもの,できもの,"boil, rash","mendidih, ruam",JLPT_1 JLPT,O_GU07-J5^
手際,てぎわ,"performance, skill, tact","kinerja, keterampilan, kebijaksanaan",JLPT_1 JLPT,bEAk|h>/cN
出くわす,でくわす,"to happen to meet, to come across","kebetulan bertemu, bertemu",JLPT_1 JLPT,Q2(sjkHGlO
手順,てじゅん,"process, procedure, protocol","proses, prosedur, protokol",JLPT_1 JLPT Intermediate_Japanese_Ln.12 Intermediate_Japanese,c1%awvoN<G
手錠,てじょう,"handcuffs, manacles","borgol, borgol",JLPT_1 JLPT,M]H9j1Gt/U
手数,てすう,"trouble, labor, handling","masalah, tenaga kerja, penanganan",JLPT_1 JLPT,f]Aus5bfMZ
デコレーション,デコレーション,decoration,dekorasi,JLPT_1 JLPT,K-]Gk*htnp
手近,てぢか,"near, handy, familiar","dekat, berguna, akrab",JLPT_1 JLPT,I~^!M@4Nmr
てっきり,てっきり,"surely, certainly, beyond doubt","pastinya, tentu saja, tidak diragukan lagi",JLPT_1 JLPT,K?Vg%~I#2j
鉄鋼,てっこう,iron and steel,besi dan baja,JLPT_1 JLPT,rVT@BH(A<O
デッサン,デッサン,rough sketch (FRE: dessin),sketsa kasar (FRE: dessin),JLPT_1 JLPT,E=Z>y*~.3/
徹する,てっする,"to devote oneself, to believe in","untuk mengabdikan diri, untuk percaya",JLPT_1 JLPT,"vaiF^,!jUj"
てっぺん,てっぺん,"top, summit, apex","atas, puncak, puncak",JLPT_1 JLPT,e*DdFUG2(%
鉄棒,てつぼう,"iron rod, crowbar, horizontal bar (gymnastics)","batang besi, linggis, batang mendatar (senam)",JLPT_1 JLPT,r<o!(5nPnk
出直し,でなおし,"adjustment, touch up","penyesuaian, sentuh",JLPT_1 JLPT,PF+k$MO93w
掌,てのひら,the palm,telapak tangan,JLPT_1 JLPT,D(Up6FVIZ(
手配,てはい,"arrangement, search (by police)","pengaturan, penggeledahan (oleh polisi)",JLPT_1 JLPT,J>A}Co`l`L
手筈,てはず,"arrangement, plan, program","pengaturan, rencana, program",JLPT_1 JLPT,O--?RK?-XP
手引,てびき,"guidance, guide, introduction","bimbingan, panduan, pengenalan",JLPT_1 JLPT,J{/gJ9FsV[
手本,てほん,"model, pattern","model, pola",JLPT_1 JLPT,"t|h[1W,pPs"
手回し,てまわし,"preparations, arrangements","persiapan, pengaturan",JLPT_1 JLPT,dy-/j^Gui]
手元,てもと,"(money) on hand or at home, one's purse; usual skill","(uang) di tangan atau di rumah, dompet seseorang;",JLPT_1 JLPT,tu&}1&?g%w
デモンストレーション,デモンストレーション,demonstration,demonstrasi,JLPT_1 JLPT,I55gT%~:[j
照り返す,てりかえす,"to reflect, to throw back light","untuk memantulkan, untuk melemparkan kembali cahaya",JLPT_1 JLPT,kIkT2-(*J3
テレックス,テレックス,"telex, teletypewriter exchange","telex, pertukaran teletypewriter",JLPT_1 JLPT,v1+D>d&5H.
手分け,てわけ,division of labor,pembagian kerja,JLPT_1 JLPT,m#VeALIb8e
天,てん,"heaven, sky","surga, langit",JLPT_1 JLPT,NGMN.ktbZT
田園,でんえん,"country, rural districts","negara, distrik pedesaan",JLPT_1 JLPT,u^Yf4=SXt+
天下,てんか,"the world, whole country","dunia, seluruh negara",JLPT_1 JLPT,c`j(?T6s|2
転回,てんかい,"revolution, rotation","revolusi, rotasi",JLPT_1 JLPT,CdUnq5y&]D
連休,れんきゅう,consecutive holidays,hari libur berturut-turut,JLPT_1 JLPT,v&B%&=.umW
レンジ,レンジ,"range, stove","jangkauan, kompor",JLPT_1 JLPT,"jL!E`UXR^,"
連日,れんじつ,every day,setiap hari,JLPT_1 JLPT,CSkupzR%yX
連帯,れんたい,solidarity,solidaritas,JLPT_1 JLPT,d+1viQ!EW$
レンタカー,レンタカー,rented car,mobil sewaan,JLPT_1 JLPT,LHb}$Ksd`G
連中,れんちゅう,"colleagues, company, a lot","kolega, perusahaan, banyak",JLPT_1 JLPT,fcpKtyDAP?
レントゲン,レントゲン,X-ray (lit: Roentgen),Sinar-X (menyala: Roentgen),JLPT_1 JLPT,GHk0mkE1#{
連邦,れんぽう,"commonwealth, federation of states","persemakmuran, federasi negara bagian",JLPT_1 JLPT,xfk/&QS*u}
連盟,れんめい,"league, union, alliance","liga, persatuan, aliansi",JLPT_1 JLPT,rV)jw]&6Ih
老衰,ろうすい,"senility, senile decay","kepikunan, pembusukan pikun",JLPT_1 JLPT,w1ZJJ7QWeX
朗読,ろうどく,"reading aloud, recitation","membaca dengan suara keras, pembacaan",JLPT_1 JLPT,El2iMtJ(Sl
浪費,ろうひ,"waste, extravagance","pemborosan, pemborosan",JLPT_1 JLPT,u{Vu7w)%?(
労力,ろうりょく,"labor, effort, trouble","kerja, usaha, masalah",JLPT_1 JLPT,qiD=dg1#y~
ロープウエイ,ロープウエイ,"ropeway, aerial tram","kereta gantung, trem udara",JLPT_1 JLPT,pKV@$<+q~Q
ロープ,ロープ,rope,tali,JLPT_1 JLPT,uDO_!v|0Dd
ろくな,ろくな,"satisfactory, decent","memuaskan, layak",JLPT_1 JLPT,s_@NG</ZI-
露骨,ろこつ,"blunt, outspoken; conspicuous; broad, suggestive","blak-blakan, blak-blakan;",JLPT_1 JLPT,okKA1R-|_f
ロマンチック,ロマンチック,romantic,romantis,JLPT_1 JLPT,M?mRP8})iJ
論議,ろんぎ,discussion,diskusi,JLPT_1 JLPT,c_VVnx7{Qw
論理,ろんり,logic,logika,JLPT_1 JLPT,L6>bmEs.Go
惑星,わくせい,planet,planet,JLPT_1 JLPT,i(EF_1YXl@
技,わざ,"art, technique","seni, teknik",JLPT_1 JLPT,BM:PE.Zf/W
わざわざ,わざわざ,"take the trouble (to do), doing something especially rather than incidentally","bersusah payah (melakukan), melakukan sesuatu secara khusus daripada secara kebetulan",JLPT_1 JLPT Intermediate_Japanese_Ln.9 Intermediate_Japanese,t+s8u__g5@
煩わしい,わずらわしい,"burdensome, troublesome, complicated","memberatkan, menyusahkan, rumit",JLPT_1 JLPT Intermediate_Japanese_Ln.15 Intermediate_Japanese,d%nLdUaXBB
渡り鳥,わたりどり,"migratory bird, bird of passage","burung yang bermigrasi, burung peralihan",JLPT_1 JLPT,OW4.0`K.za
ワット,ワット,watt,watt,JLPT_1 JLPT,Cl9:c$w_K0
詫び,わび,apology,permintaan maaf,JLPT_1 JLPT,AUUCTG`g4{
和文,わぶん,"Japanese text, sentence in Japanese","Teks Jepang, kalimat dalam bahasa Jepang",JLPT_1 JLPT,hA!eAFwp%C
藁,わら,straw,jerami,JLPT_1 JLPT,IT5]>S[<%w
～割,～わり,~ percent,~ persen,JLPT_1 JLPT,lrri&x/?!~
割当,わりあて,"allotment, allocation, quota","penjatahan, alokasi, kuota",JLPT_1 JLPT,IlKj$LsL25
割込む,わりこむ,"to cut in, to disturb","untuk memotong, mengganggu",JLPT_1 JLPT,"ItKL,F,rvP"
悪者,わるもの,"bad fellow, rascal","orang jahat, bajingan",JLPT_1 JLPT,zqrlJ[/)nS
我,われ,"me, oneself, self, ego","aku, diri sendiri, diri sendiri, ego",JLPT_1 JLPT,Cj(Z-pN+6@
捗る,はかどる,"to make progress, to move right ahead (with the work), to advance","untuk membuat kemajuan, untuk bergerak maju (dengan pekerjaan), untuk maju",JLPT_1 JLPT,LcVyrW<_Ko
はかない,はかない,"short-lived, momentary, ephemeral","berumur pendek, sesaat, fana",JLPT_1 JLPT,wqukd{`F!4
ばかばかしい,ばかばかしい,stupid,bodoh,JLPT_1 JLPT,PG3w`deiE$
破棄,はき,"revocation, annulment, breaking (e.g., treaty)","pencabutan, pembatalan, pelanggaran (misalnya, perjanjian)",JLPT_1 JLPT,bm7xC^8X(_
剥ぐ,はぐ,"to tear off, to peel off, to rip off","untuk merobek, mengelupas, merobek",JLPT_1 JLPT,D@e1MI=??R
迫害,はくがい,persecution,penganiayaan,JLPT_1 JLPT,ApZ+iCu%0a
薄弱,はくじゃく,"feebleness, weakness, weak","kelemahan, kelemahan, lemah",JLPT_1 JLPT,f:hfy$ygWT
白状,はくじょう,confession,pengakuan,JLPT_1 JLPT,J/Jj0`N>b{
漠然,ばくぜん,"obscure, vague, equivocal","tidak jelas, samar-samar, samar-samar",JLPT_1 JLPT,z<3ukk)iX!
爆弾,ばくだん,bomb,bom,JLPT_1 JLPT,qYU+(QByX-
爆破,ばくは,"blast, explosion, blow up","ledakan, ledakan, ledakan",JLPT_1 JLPT,"m),XrBltSD"
暴露,ばくろ,"disclosure, exposure, revelation","pengungkapan, pemaparan, wahyu",JLPT_1 JLPT,i/U;Q_t$DD
励ます,はげます,"to encourage, to cheer, to raise (the voice)","untuk menyemangati, untuk menghibur, untuk meninggikan (suara)",JLPT_1 JLPT Intermediate_Japanese_Ln.13 Intermediate_Japanese,Ov]Au<DThv
励む,はげむ,"to be zealous, to make an effort","untuk bersemangat, untuk berusaha",JLPT_1 JLPT,eRMmv1gB8h
剥げる,はげる,"to come off, to be worn off, to fade, to discolor","lepas, luntur, pudar, berubah warna",JLPT_1 JLPT,m#-VcH[ruD
化ける,ばける,"to disguise, to take the form of","untuk menyamar, untuk mengambil bentuk",JLPT_1 JLPT,"zsj~iuc<,S"
派遣,はけん,"dispatch, send","kirim, kirim",JLPT_1 JLPT,xZEi_Ueutn
恥,はじ,"shame, embarrassment","malu, malu",JLPT_1 JLPT,H_9U]_^tqP
弾く,はじく,"to play (piano, guitar)","bermain (piano, gitar)",JLPT_1 JLPT,p02dcV&o1#
パジャマ,パジャマ,pajamas,piyama,JLPT_1 JLPT,Ipo@;IW-Nr
恥じらう,はじらう,"to feel shy, to be bashful, to blush","merasa malu, malu, tersipu malu",JLPT_1 JLPT,"D}9,{%uTed"
恥じる,はじる,to feel ashamed,merasa malu,JLPT_1 JLPT,p`-?T7SXQx
橋渡し,はしわたし,"bridge building', mediation","pembangunan jembatan', mediasi",JLPT_1 JLPT,l%|j(`9GzE
弾む,はずむ,"to bounce, to be encouraged, to splurge on","untuk bangkit, untuk didorong, untuk berbelanja secara royal",JLPT_1 JLPT,jr]t()sL{)
破損,はそん,damage,kerusakan,JLPT_1 JLPT,AcKSLKW:yW
叩く,はたく,"to strike, to clap, to dust, to beat","memukul, bertepuk tangan, memukul, memukul",JLPT_1 JLPT,"dWYi~RDgh,"
裸足,はだし,barefoot,bertelanjang kaki,JLPT_1 JLPT,"po~Uf#TR,"
果たす,はたす,"to accomplish, to fulfill, to carry out, to achieve","untuk mencapai, untuk memenuhi, untuk melaksanakan, untuk mencapai",JLPT_1 JLPT,"DK+O{$,$^%"
蜂蜜,はちみつ,honey,Sayang,JLPT_1 JLPT,t2`Wi>Wvpr
パチンコ,パチンコ,pachinko (Japanese pinball),pachinko (pinball Jepang),JLPT_1 JLPT,"N,S-[g<N~X"
罰,ばつ,"punishment, penalty","hukuman, penalti",JLPT_1 JLPT,pak.tgGX7x
発育,はついく,"(physical) growth, development","(fisik) pertumbuhan, perkembangan",JLPT_1 JLPT,r)!<G?/hIO
発芽,はつが,germination,pengecambahan,JLPT_1 JLPT,odw.?IsV+e
発掘,はっくつ,"excavation, exhumation; discovery (e.g., new talent)","penggalian, penggalian;",JLPT_1 JLPT,EM>uH;4cf/
発言,はつげん,"utterance, speech, proposal","ucapan, ucapan, usulan",JLPT_1 JLPT,LH_cLO;>A#
バッジ,バッジ,badge,lencana,JLPT_1 JLPT,yC^3FORnX|
発生,はっせい,"outbreak, spring forth, occurrence","wabah, bermunculan, kejadian",JLPT_1 JLPT,[~75YIE]^
仕立てる,したてる,"to tailor, to make, to prepare","untuk menyesuaikan, membuat, mempersiapkan",JLPT_1 JLPT,c;3A;W&iox
下取り,したどり,"trade in, part exchange","perdagangan masuk, pertukaran sebagian",JLPT_1 JLPT,x00~X}Z@;z
下火,したび,"burning low, waning, declining","terbakar rendah, memudar, menurun",JLPT_1 JLPT,GXttEHji#P
実,じつ,"fruit, good result","buah, hasilnya bagus",JLPT_1 JLPT,"O,>]AbA1/T"
実家,じっか,(one's parents') home,rumah (orang tua seseorang).,JLPT_1 JLPT,m9e#UdET8v
失格,しっかく,"disqualification, elimination, incapacity (legal)","diskualifikasi, eliminasi, ketidakmampuan (legal)",JLPT_1 JLPT,h!}VE0Z-kV
質疑,しつぎ,question,pertanyaan,JLPT_1 JLPT,Mk?<?~7ejy
失脚,しっきゃく,"losing one's standing, being overthrown, falling","kehilangan kedudukan, terguling, terjatuh",JLPT_1 JLPT,dyF+u*87v/
実業家,じつぎょうか,"industrialist, businessman","industrialis, pengusaha",JLPT_1 JLPT,j8A-]Sd~|q
シック,シック,chic,cantik,JLPT_1 JLPT,b].GYST!sM
じっくり,じっくり,"deliberately, carefully","dengan sengaja, hati-hati",JLPT_1 JLPT,OuD=.N_4bL
躾,しつけ,"discipline, training","disiplin, pelatihan",JLPT_1 JLPT,p&pKDPj+ET
躾ける,しつける,"to discipline, to teach manners","mendisiplin, mengajarkan sopan santun",JLPT_1 JLPT,M=EeDC2V^e
実践,じっせん,"practice, put into practice","berlatih, mempraktikkannya",JLPT_1 JLPT,lCEkku)Adc
質素,しっそ,"simplicity, modesty, frugality","kesederhanaan, kesopanan, berhemat",JLPT_1 JLPT,Lg&>>9*&@$
実態,じったい,"truth, fact","kebenaran, fakta",JLPT_1 JLPT,r05!(zrd*p
失調,しっちょう,"lack of harmony, imbalance","kurangnya harmoni, ketidakseimbangan",JLPT_1 JLPT,wL|Xhp<^m}
嫉妬,しっと,jealousy,kecemburuan,JLPT_1 JLPT,"II[T1j,nrR"
実費,じっぴ,"actual expense, cost price","biaya aktual, harga biaya",JLPT_1 JLPT,"Brcf8cxL,]"
指摘,してき,"pointing out, identification","menunjukkan, identifikasi",JLPT_1 JLPT,0XMUSx1~^
自転,じてん,"rotation, spin","rotasi, berputar",JLPT_1 JLPT,eZnBlzL^Oi
助動詞,じょどうし,auxiliary verb,kata kerja bantu,JLPT_1 JLPT,MGBzC/KjZ/
淑やか,しとやか,graceful,anggun,JLPT_1 JLPT,cs-RRQGVDP
萎びる,しなびる,"to shrivel, to fade","menyusut, memudar",JLPT_1 JLPT,n39PUN5yKB
シナリオ,シナリオ,scenario,skenario,JLPT_1 JLPT,mcEC.#phJ/
しなやか,しなやか,"supple, flexible, elastic","lentur, fleksibel, elastis",JLPT_1 JLPT,"llcgEUgd,}"
屎尿,しにょう,human waste,kotoran manusia,JLPT_1 JLPT,L{NJwSJvE1
地主,じぬし,landlord,tuan tanah,JLPT_1 JLPT,P7lP?kfIYU
凌ぐ,しのぐ,"to outdo, to surpass; to endure","untuk mengalahkan, melampaui;",JLPT_1 JLPT,G74MSKaZvn
芝,しば,lawn,halaman rumput,JLPT_1 JLPT,M1OofFOiDR
始発,しはつ,first train,kereta pertama,JLPT_1 JLPT,b5g^3snh;^
耳鼻科,じびか,otolaryngology,THT,JLPT_1 JLPT,M#I&@5u]tl
私物,しぶつ,"private property, personal effects","milik pribadi, barang pribadi",JLPT_1 JLPT,vg>TaiCbc?
しぶとい,しぶとい,"tenacious, stubborn","ulet, keras kepala",JLPT_1 JLPT,mEFQwL`E!]
司法,しほう,administration of justice,administrasi peradilan,JLPT_1 JLPT,^h2%#WFiG
始末,しまつ,disposal; cleaning up afterwards,pembuangan;,JLPT_1 JLPT,xVDH)/d;?h
染みる,しみる,to soak; pierce,untuk berendam;,JLPT_1 JLPT,uv-Quw{L2O
使命,しめい,"mission, errand, message","misi, tugas, pesan",JLPT_1 JLPT,G+Vq)M-:^P
地元,じもと,local,lokal,JLPT_1 JLPT,v:38b>tQ|E
視野,しや,"field of vision, outlook","bidang visi, pandangan",JLPT_1 JLPT,MXdrD7jy4!
弱,じゃく,"delicate, supple","halus, kenyal",JLPT_1 JLPT,nRYFcY_m8}
社交,しゃこう,social life,kehidupan sosial,JLPT_1 JLPT,vg:~]#q8^J
ジャズ,ジャズ,jazz,jazz,JLPT_1 JLPT,A5m[%vwV8S
謝絶,しゃぜつ,refusal,penolakan,JLPT_1 JLPT,MBe{>RfT0i
社宅,しゃたく,company owned house,rumah milik perusahaan,JLPT_1 JLPT,DbP-W*D~|w
若干,じゃっかん,"some, few, number of","beberapa, sedikit, sejumlah",JLPT_1 JLPT,Q(Uny@e~8I
三味線,しゃみせん,three-stringed Japanese guitar,gitar Jepang tiga senar,JLPT_1 JLPT,s_z^^gPG!F
斜面,しゃめん,"slope, slanting surface, bevel","kemiringan, permukaan miring, bevel",JLPT_1 JLPT,x+=N.j3d7a
砂利,じゃり,"gravel, ballast, pebbles","kerikil, pemberat, kerikil",JLPT_1 JLPT,ATQMr:.4bz
洒落る,しゃれる,"to joke, to play on words; stylish","bercanda, bermain kata;",JLPT_1 JLPT,H%!QFip;AM
ジャンパー,ジャンパー,"jacket, jumper","jaket, pelompat",JLPT_1 JLPT,"n,_jvSzMfG"
ジャンプ,ジャンプ,jump,melompat,JLPT_1 JLPT,pw$gcH64r%
ジャンボ,ジャンボ,jumbo,jumbo,JLPT_1 JLPT,uk]{9`9Xq{
ジャンル,ジャンル,genre,genre,JLPT_1 JLPT,c5niOf<?L8
主,しゅ,"owner, master, god","pemilik, tuan, dewa",JLPT_1 JLPT,tZY2oe0@.s
種,しゅ,seed; variety,benih;,JLPT_1 JLPT,rY$n|JRb)Y
私有,しゆう,private ownership,kepemilikan pribadi,JLPT_1 JLPT,jZOSWJzMsO
～宗,～しゅう,sect,sekte,JLPT_1 JLPT,cpa^uYdTpm
収益,しゅうえき,"earnings, proceeds, returns","pendapatan, hasil, pengembalian",JLPT_1 JLPT,u?TiI-~;B#
修学,しゅうがく,learning,sedang belajar,JLPT_1 JLPT,bPtmF5tna#
周期,しゅうき,"cycle, period","siklus, titik",JLPT_1 JLPT,CsG?_1Ru~6
衆議院,しゅうぎいん,"Lower House, House of Representatives","Majelis Rendah, Dewan Perwakilan Rakyat",JLPT_1 JLPT,tTQG>y9]$G
就業,しゅうぎょう,"employment, starting work","pekerjaan, mulai bekerja",JLPT_1 JLPT,cF>5iCVH#I
従業員,じゅうぎょういん,"employee, worker","karyawan, pekerja",JLPT_1 JLPT,e0Gyloi?1+
集計,しゅうけい,"totalization, aggregate","totalisasi, agregat",JLPT_1 JLPT,s4<5~0hL>(
襲撃,しゅうげき,"attack, charge, raid","menyerang, menyerang, menyerbu",JLPT_1 JLPT,ogO5j2R_;R
収支,しゅうし,income and expenditure,pemasukan dan pengeluaran,JLPT_1 JLPT,kLuRkT404Z
終始,しゅうし,from beginning to end; consistent(ly),dari awal sampai akhir;,JLPT_1 JLPT,b9XF3_Vc&-
修士,しゅうし,Masters degree program,Program gelar master,JLPT_1 JLPT,eySOZRKm#K
従事,じゅうじ,"engaging, pursuing, following","terlibat, mengejar, mengikuti",JLPT_1 JLPT,kZT/egI[mV
終日,しゅうじつ,all day,sepanjang hari,JLPT_1 JLPT,AR^6lmvOwg
充実,じゅうじつ,"fullness, perfection","kepenuhan, kesempurnaan",JLPT_1 JLPT,tGa!Bufhy/
収集,しゅうしゅう,"gathering up, collection","berkumpul, mengumpulkan",JLPT_1 JLPT,"g+wGkM,J!."
十字路,じゅうじろ,crossroads,persimpangan,JLPT_1 JLPT,M-P484f.3r
執着,しゅうじゃく,"attachment, adhesion, tenacity","keterikatan, adhesi, keuletan",JLPT_1 JLPT,u`m`$IGAEz
執着,しゅうちゃく,"attachment, adhesion, tenacity","keterikatan, adhesi, keuletan",JLPT_1 JLPT,k5L#!.1c@y
柔軟,じゅうなん,flexible,fleksibel,JLPT_1 JLPT,o$JEWneOMf
重複,じゅうふく,"duplication, repetition, overlapping","duplikasi, pengulangan, tumpang tindih",JLPT_1 JLPT,xsR4^tk;%3
収容,しゅうよう,accommodation; seating; custody,akomodasi;,JLPT_1 JLPT,e@q$+H3N_E
従来,じゅうらい,"up to now, so far, traditional","sampai sekarang, sejauh ini, tradisional",JLPT_1 JLPT,m&r$7kIG&x
守衛,しゅえい,"security guard, doorkeeper","penjaga keamanan, penjaga pintu",JLPT_1 JLPT,e^0%h@~lt8
主演,しゅえん,"starring, playing the leading part","dibintangi, memainkan peran utama",JLPT_1 JLPT,n]D<c|Caow
主観,しゅかん,"subjectivity, subject, ego","subjektivitas, subjek, ego",JLPT_1 JLPT,lW5DbL!{A5
修行,しゅぎょう,"pursuit of knowledge, training, ascetic practice","mengejar pengetahuan, pelatihan, praktik pertapaan",JLPT_1 JLPT,KirESaOr*_
塾,じゅく,after-school (cram) school,sekolah sepulang sekolah (menjejalkan).,JLPT Intermediate_Japanese JLPT_1 Intermediate_Japanese_Ln.5 Genki_Ln.22 Genki,r6*vU;-fx(
祝賀,しゅくが,"celebration, congratulations","perayaan, selamat",JLPT_1 JLPT,wRzD+</l;5
宿命,しゅくめい,"fate, destiny, predestination","takdir, takdir, takdir",JLPT_1 JLPT,BFNKk^{M1j
手芸,しゅげい,handicrafts,kerajinan tangan,JLPT_1 JLPT,QuReZ-t?cb
主権,しゅけん,sovereignty,kedaulatan,JLPT_1 JLPT,bc]8:XVC+v
主催,しゅさい,"organization, sponsorship, to host","organisasi, sponsorship, menjadi tuan rumah",JLPT_1 JLPT,Az?/+|wSuL
取材,しゅざい,"coverage, collecting data","cakupan, pengumpulan data",JLPT_1 JLPT,ALv+C0}[Uy
趣旨,しゅし,"object, meaning","objek, makna",JLPT_1 JLPT,r#aoMGQ7ru
種々,しゅじゅ,variety,variasi,JLPT_1 JLPT,L$zP;w1Dds
主食,しゅしょく,staple food,makanan pokok,JLPT_1 JLPT,Ff{n(i0=[l
主人公,しゅじんこう,protagonist,tokoh utama,JLPT_1 JLPT,Ci-hQYEll
主体,しゅたい,"subject, main constituent","subjek, konstituen utama",JLPT_1 JLPT,"wk,7:5Ulq:"
主題,しゅだい,"subject, theme, motif","subjek, tema, motif",JLPT_1 JLPT,t4<KTH8w{.
出演,しゅつえん,"leading performer, stage appearance","pemain terkemuka, penampilan panggung",JLPT_1 JLPT,B>+JLE{F%w
出血,しゅっけつ,bleeding,perdarahan,JLPT_1 JLPT,jt7Tvjw[T<
出現,しゅつげん,"appearance, arrival","penampilan, kedatangan",JLPT_1 JLPT,et$R3oC-m[
出産,しゅっさん,childbirth,persalinan,JLPT_1 Intermediate_Japanese_Ln.14 JLPT Intermediate_Japanese,CT4;+h>Ai7
出社,しゅっしゃ,come to work,masuk kerja,JLPT_1 JLPT,Gd$MA{t_:M
出生,しゅっしょう,birth,kelahiran,JLPT_1 JLPT,CwJVE%al3B
出生,しゅっせい,birth,kelahiran,JLPT_1 JLPT,cV$*)i2b6%
微量,びりょう,"minuscule amount, extremely small quantity","jumlah yang sangat kecil, jumlah yang sangat kecil",JLPT_1 JLPT,Ix21c!hl+{
昼飯,ひるめし,lunch (mid-day meal),makan siang (makan tengah hari),JLPT_1 JLPT,B4a{kV3{l&
比例,ひれい,proportion,proporsi,JLPT_1 JLPT,u^9gz.!&Uk
疲労,ひろう,"fatigue, weariness","kelelahan, keletihan",JLPT_1 JLPT,m.KXL51O8=
敏感,びんかん,"sensibility, susceptibility, sensitive (to)","kepekaan, kerentanan, peka (terhadap)",JLPT_1 JLPT,i]}jt3Q.(f
貧困,ひんこん,"poverty, lack","kemiskinan, kekurangan",JLPT_1 JLPT,xy9G9E{K5M
品質,ひんしつ,quality,kualitas,JLPT_1 JLPT,v)0nMB=(Mu
貧弱,ひんじゃく,"poor, meager, insubstantial","miskin, sedikit, tidak banyak",JLPT_1 JLPT,"AT#enW$Yd,"
品種,ひんしゅ,"breed, type, variety","berkembang biak, jenis, variasi",JLPT_1 JLPT,K%9{]!|f1(
ヒント,ヒント,hint,petunjuk,JLPT_1 JLPT,l]_+v%b&%R
頻繁,ひんぱん,frequency,frekuensi,JLPT_1 JLPT,D{nW!<u7<*
貧乏,びんぼう,"poverty, destitute, poor","kemiskinan, melarat, miskin",JLPT_1 JLPT,KjBzaYHZW.
ファイト,ファイト,fight,bertarung,JLPT_1 JLPT,"C?{V+<,&x0"
ファイル,ファイル,file; portfolio,mengajukan;,JLPT_1 Genki_Ln.16 JLPT Genki,srC<dgokBJ
ファン,ファン,fan,penggemar,JLPT_1 JLPT,hsy0ORScG&
不意,ふい,"sudden, abrupt, unexpected","tiba-tiba, tiba-tiba, tidak terduga",JLPT_1 JLPT,xgYlO*O}d~
フィルタ,フィルタ,filter,menyaring,JLPT_1 JLPT,jmKbIb6QcW
封,ふう,seal,segel,JLPT_1 JLPT,iHGcq7T#S>
封鎖,ふうさ,"blockade, freezing (funds)","blokade, pembekuan (dana)",JLPT_1 JLPT,Ae_x+Wt0^{
風車,ふうしゃ,windmill,kincir angin,JLPT_1 JLPT,m${YvIujFj
風習,ふうしゅう,custom,kebiasaan,JLPT_1 JLPT,IfkXX^HH}1
風俗,ふうぞく,"manners, customs; sex industry","tata krama, adat istiadat;",JLPT_1 JLPT,e3n120S&QB
ブーツ,ブーツ,boots,sepatu bot,JLPT_1 JLPT,Nihzy$?;~s
風土,ふうど,"natural features, climate","fitur alam, iklim",JLPT_1 JLPT,B(IXgyGNd~
ブーム,ブーム,boom,ledakan,JLPT_1 JLPT,FMQ@X9![T+
フォーム,フォーム,foam; form,busa;,JLPT_1 JLPT,N.>_aoM)4S
部下,ぶか,one's subordinate,bawahan seseorang,JLPT Intermediate_Japanese JLPT_1 Intermediate_Japanese_Ln.9 Genki_Ln.22 Genki,At:l-rSeL9
不可欠,ふかけつ,"indispensable, essential","sangat diperlukan, penting",JLPT_1 JLPT,$D>BzY&Eq
ぶかぶか,ぶかぶか,"too big, baggy","terlalu besar, longgar",JLPT_1 JLPT,M4TQ1zs9*D
不吉,ふきつ,"ominous, sinister, bad luck, ill omen","buruk, menyeramkan, nasib buruk, pertanda buruk",JLPT_1 JLPT,GG4guCQ>St
不況,ふきょう,"recession, depression, slump","resesi, depresi, kemerosotan",JLPT_1 JLPT,NAxBuR@3>.
布巾,ふきん,dish cloth,kain piring,JLPT_1 JLPT,P<Zf%&wJ!m
複合,ふくごう,"composite, complex","komposit, kompleks",JLPT_1 JLPT,p=QT;iGf;n
福祉,ふくし,"welfare, well-being","kesejahteraan, kesejahteraan",JLPT_1 JLPT,b03!@u1#5V
覆面,ふくめん,"mask, veil, disguise","topeng, kerudung, penyamaran",JLPT_1 JLPT,QXg#lB9xS_
膨れる,ふくれる,"to swell (out), to be inflated, to bulge","membengkak (keluar), menggembung, menggembung",JLPT_1 JLPT,"Ie:O+1U,1j"
不景気,ふけいき,"business recession, hard times, depression","resesi bisnis, masa-masa sulit, depresi",JLPT_1 JLPT,"iNdMUnu]F,"
耽る,ふける,"to indulge in, to give oneself up to, to be absorbed in","untuk menuruti, menyerahkan diri, untuk diserap",JLPT_1 JLPT,v[B)O.T7PD
老ける,ふける,to age,menjadi tua,JLPT_1 JLPT,QZ$)s`u+7V
富豪,ふごう,"wealthy person, millionaire","orang kaya, jutawan",JLPT_1 JLPT,de)G:rS8ob
布告,ふこく,"edict, ordinance, proclamation","dekrit, peraturan, proklamasi",JLPT_1 JLPT,m`EP77(8*G
ブザー,ブザー,buzzer,bel,JLPT_1 JLPT,C0kjm{<IuS
負債,ふさい,"debt, liabilities","hutang, kewajiban",JLPT_1 JLPT,qG<ySRudYV
不在,ふざい,absence,ketiadaan,JLPT_1 JLPT,rCM+ktTr!?
ふさわしい,ふさわしい,appropriate,sesuai,JLPT_1 JLPT,j1c*Q9d`L}
不順,ふじゅん,"irregularity, unseasonableness","ketidakteraturan, ketidaksesuaian musim",JLPT_1 JLPT,kwTZda>KFz
負傷,ふしょう,"injury, wound","cedera, luka",JLPT_1 JLPT,o+oZbWGZ`o
侮辱,ぶじょく,"insult, contempt, slight","penghinaan, penghinaan, sedikit",JLPT_1 JLPT,g>J&PTIuaT
不審,ふしん,"suspicious, doubt, infidelity","mencurigakan, keraguan, perselingkuhan",JLPT_1 JLPT,jmIlRt&BUg
不振,ふしん,"dullness, slump, stagnation","kebodohan, kemerosotan, stagnasi",JLPT_1 JLPT,G]_~>elSdu
武装,ぶそう,"arms, armament, armed","senjata, persenjataan, bersenjata",JLPT_1 JLPT,JTlLA8kPQ$
札,ふだ,"token, label; ticket, card; charm, talisman","tanda, label;",JLPT_1 JLPT,P_/*Zy2*:b
負担,ふたん,burden; load,beban;,JLPT_1 Intermediate_Japanese_Ln.14 JLPT Intermediate_Japanese,Gta/;X`Z+t
不調,ふちょう,"bad condition, disorder, slump","kondisi buruk, tidak teratur, terpuruk",JLPT_1 JLPT,j!ymTpYo|(
復活,ふっかつ,"revival (e.g., musical), restoration","kebangkitan (misalnya, musikal), restorasi",JLPT_1 JLPT,Hga}Pqjl1G
物議,ぶつぎ,public discussion (criticism),diskusi publik (kritik),JLPT_1 JLPT,E>jQlZ<@Gi
復旧,ふっきゅう,"restoration, restitution, rehabilitation","restorasi, restitusi, rehabilitasi",JLPT_1 JLPT,v+skQS.kck
復興,ふっこう,"revival, renaissance, reconstruction","kebangkitan, renaisans, rekonstruksi",JLPT_1 JLPT,DSf6z@!#o3
物資,ぶっし,"goods, materials","barang, bahan",JLPT_1 JLPT,wx*<XPsco8
仏像,ぶつぞう,Buddhist image (statue),Gambar Buddha (patung),JLPT_1 JLPT,oCnal+d5Dm
物体,ぶったい,object,obyek,JLPT_1 JLPT,vQK(_s<&_e
沸騰,ふっとう,"boiling, seething","mendidih, mendidih",JLPT_1 JLPT,K!6nK8uJ5*
不当,ふとう,"injustice, impropriety, unfair","ketidakadilan, ketidakpantasan, tidak adil",JLPT_1 JLPT,"AB;-J~^I,j"
不動産,ふどうさん,real estate,real estat,JLPT_1 JLPT,Mv%siEq0S4
無難,ぶなん,"safety, security","keselamatan, keamanan",JLPT_1 JLPT,L:*{h+[3Gh
赴任,ふにん,(proceeding to) new appointment,(melanjutkan ke) pengangkatan baru,JLPT_1 JLPT,oAb.`u!o*I
腐敗,ふはい,"decay, depravity","pembusukan, kebobrokan",JLPT_1 JLPT,M`8*mP*qtg
不評,ふひょう,"bad reputation, disgrace, unpopularity","reputasi buruk, aib, tidak populer",JLPT_1 JLPT,uWKg6kq8N?
不服,ふふく,"dissatisfaction, discontent, disapproval","ketidakpuasan, ketidakpuasan, ketidaksetujuan",JLPT_1 JLPT,efQHJ:1O+%
普遍,ふへん,"universality, ubiquity, omnipresence","universalitas, keberadaan dimana-mana, kemahahadiran",JLPT_1 JLPT,DU4nCA/=D7
踏まえる,ふまえる,"to be based on, to have origin in","untuk dijadikan dasar, untuk berasal dari",JLPT_1 JLPT,FbvWJQ2aYz
踏み込む,ふみこむ,"to step into (someone else's territory, to break into, to raid","untuk masuk ke (wilayah orang lain, untuk masuk ke, untuk menyerang",JLPT_1 JLPT,KsQ]!/u$%%
不明,ふめい,"unknown, ambiguous","tidak diketahui, ambigu",JLPT_1 JLPT,c[|*N}]Ng.
部門,ぶもん,"class, group, category, department, field, branch","kelas, kelompok, kategori, departemen, bidang, cabang",JLPT_1 JLPT,fW<r$/Xexi
扶養,ふよう,"support, maintenance","dukungan, pemeliharaan",JLPT_1 JLPT,c&|r4tzL6g
ふらふら,ふらふら,"unsteady on one's feet, totter, dizzy","kaki tidak stabil, terhuyung-huyung, pusing",JLPT_1 JLPT,cGi)S~zu?F
ぶらぶら,ぶらぶら,"dangle heavily, sway to and fro, stroll idly","menjuntai berat, bergoyang kesana kemari, berjalan santai",JLPT_1 JLPT,"cSlQ|q,LD<"
振り返る,ふりかえる,"to turn head, to turn around, to look back","untuk menoleh, untuk berbalik, untuk melihat ke belakang",JLPT_1 JLPT,i6Y*X-6gv)
振り出し,ふりだし,"outset, starting point, drawing or issuing (draft)","permulaan, titik awal, gambar atau penerbitan (draft)",JLPT_1 JLPT,"A2?E7UEb&,"
不良,ふりょう,"badness, delinquent, failure","keburukan, kenakalan, kegagalan",JLPT_1 JLPT,APww5XImb>
浮力,ふりょく,buoyancy,kemampuan mengapung,JLPT_1 JLPT,DkFrZlvY6D
武力,ぶりょく,"armed might, military power, the sword, force","kekuatan bersenjata, kekuatan militer, pedang, kekuatan",JLPT_1 JLPT,l$;!dayR0#
ブル,ブル,bull,banteng,JLPT_1 JLPT,vCf7eeE})t
震わせる,ふるわせる,"to be shaking, to be trembling","gemetar, gemetar",JLPT_1 JLPT,j:m!@?JEXR
無礼,ぶれい,"impolite, rude","tidak sopan, kasar",JLPT_1 JLPT,hx5Ck[5*mQ
付録,ふろく,"appendix, supplement","lampiran, tambahan",JLPT_1 JLPT,z3>_<:;2Kw
フロント,フロント,front,depan,JLPT_1 JLPT,QB*(L<))Uf
憤慨,ふんがい,"indignation, resentment","kemarahan, kebencian",JLPT_1 JLPT,M|ckH|tS}_
文化財,ぶんかざい,"cultural assets, cultural property","aset budaya, kekayaan budaya",JLPT_1 JLPT,GKrt{zi]?g
分業,ぶんぎょう,"division of labor, specialization, assembly-line production","pembagian kerja, spesialisasi, produksi jalur perakitan",JLPT_1 JLPT,BTtV3{+^[7
文語,ぶんご,"written language, literary language","bahasa tertulis, bahasa sastra",JLPT_1 JLPT,O2yEclYZ/f
分散,ぶんさん,"dispersion, decentralization, variance (statistics)","penyebaran, desentralisasi, varians (statistik)",JLPT_1 JLPT,w2^IG)[nB&
分子,ぶんし,"numerator, molecule","pembilang, molekul",JLPT_1 JLPT,rK-5&@bZ0^
紛失,ふんしつ,losing something,kehilangan sesuatu,JLPT_1 JLPT,j5|sBvq.}8
噴出,ふんしゅつ,"spewing, gushing, spouting","memuntahkan, memancar, menyemburkan",JLPT_1 JLPT,D3z2#~XD*U
文書,ぶんしょ,"document, writing","dokumen, tulisan",JLPT_1 JLPT,bo]+8nZw?m
紛争,ふんそう,"dispute, trouble, strife","perselisihan, masalah, perselisihan",JLPT_1 JLPT,OV3#PrQH78
ふんだん,ふんだん,"plentiful, abundant, lavish","berlimpah, berlimpah, mewah",JLPT_1 JLPT,MwIZm`m=c%
分担,ぶんたん,"apportionment, sharing","pembagian, berbagi",JLPT_1 JLPT,gy+k.s^o1O
奮闘,ふんとう,"hard struggle, strenuous effort","perjuangan yang keras, usaha yang berat",JLPT_1 JLPT,L`X>(7GS~^
分配,ぶんぱい,"division, sharing","pembagian, berbagi",JLPT_1 JLPT,r[[VI2iWnz
分母,ぶんぼ,denominator,penyebut,JLPT_1 JLPT,BM+H~/z91A
粉末,ふんまつ,fine powder,bubuk halus,JLPT_1 JLPT,O?vF%vQ*a#
分離,ぶんり,"separation, detachment, segregation","pemisahan, pelepasan, segregasi",JLPT_1 JLPT,u?^XP3ZSZ)
分裂,ぶんれつ,"split, division, break up","perpecahan, perpecahan, perpecahan",JLPT_1 JLPT,FG95S7^tJT
ペア,ペア,"pair, pear","berpasangan, pir",JLPT_1 JLPT,k=Nb=9qw5N
兵器,へいき,"arms, weapons, ordinance","senjata, senjata, peraturan",JLPT_1 JLPT,wAUL<0|lY_
閉口,へいこう,shut mouth,tutup mulut,JLPT_1 JLPT,g74gm$0hDG
閉鎖,へいさ,"closing, closure, shutdown","penutupan, penutupan, penutupan",JLPT_1 JLPT,m*Y:Rj#(nz
兵士,へいし,soldier,tentara,JLPT_1 JLPT,B3%=Tm.br`
平常,へいじょう,"normal, usual","biasa saja, biasa saja",JLPT_1 JLPT,i$h--6kH#|
平方,へいほう,"square (e.g., meter, square)","persegi (misalnya, meter, persegi)",JLPT_1 JLPT,pZOmk8w#A@
並列,へいれつ,"arrangement, parallel, abreast","susunan, sejajar, sejajar",JLPT_1 JLPT,QDMVtj-X)]
ベース,ベース,"base, bass","dasar, bas",JLPT_1 JLPT,m~Et>&CToA
辟易,へきえき,"wince, shrink back, succumbing to, being frightened","meringis, mundur, mengalah, ketakutan",JLPT_1 JLPT,wo~f0ok]vp
ぺこぺこ,ぺこぺこ,"fawn, be very hungry","coklat kekuningan, jadilah sangat lapar",JLPT_1 JLPT,F.Cz<ZL1y8
ベスト,ベスト,best; vest,terbaik;,JLPT_1 JLPT,kVQ_O=hpyu
ベストセラー,ベストセラー,best-seller,terlaris,JLPT_1 JLPT,"k[DIJ,exg`"
隔たる,へだたる,to be distant,menjadi jauh,JLPT_1 JLPT,b4BPS$[Q>/
縁,へり,edge,tepian,JLPT_1 JLPT,g}BbfTHa#|
へりくだる,へりくだる,to deprecate oneself and praise the listener,untuk mencela diri sendiri dan memuji pendengarnya,JLPT_1 JLPT,fb3Sk}Zmt.
弁解,べんかい,"explanation, justification, excuse","penjelasan, pembenaran, alasan",JLPT_1 JLPT,Eu*5BbIK^d
変革,へんかく,"change, reform(the) Reformation","perubahan, reformasi(the) Reformasi",JLPT_1 JLPT,JH(PT>%qS{
返還,へんかん,"return, restoration","kembali, restorasi",JLPT_1 JLPT,F`|5A?wBp8
便宜,べんぎ,"convenience, accommodation","kenyamanan, akomodasi",JLPT_1 JLPT,uw9O+5v>m#
偏見,へんけん,"prejudice, narrow view","prasangka, pandangan sempit",JLPT_1 JLPT,H5~Io~/)~0
弁護,べんご,"defense, pleading, advocacy","pembelaan, pembelaan, advokasi",JLPT_1 JLPT,rHoP07l#m/
返済,へんさい,repayment,pembayaran kembali,JLPT_1 JLPT,G.5i-maV%u
弁償,べんしょう,"compensation, reparation, reimbursement","kompensasi, reparasi, penggantian biaya",JLPT_1 JLPT,H^-g_F:FjG
変遷,へんせん,"change, transition, vicissitudes","perubahan, transisi, perubahan",JLPT_1 JLPT,qt*X5m;y07
返答,へんとう,reply,membalas,JLPT_1 JLPT,A+kZ]*6U1q
変動,へんどう,"change, fluctuation","perubahan, fluktuasi",JLPT_1 JLPT,"giBey3?e,4"
弁論,べんろん,"discussion, debate, argument","diskusi, debat, argumentasi",JLPT_1 JLPT,A=n2+Ps#LJ
穂,ほ,"ear (of plant), head (of plant)","telinga (tanaman), kepala (tanaman)",JLPT_1 JLPT,c0##(*ojkQ
保育,ほいく,"nursing, nurturing, rearing","merawat, mengasuh, membesarkan",JLPT_1 JLPT,i3iCkIhG8y
ボイコット,ボイコット,boycott,memboikot,JLPT_1 JLPT,mR[e%~Ga7o
ポイント,ポイント,point,titik,JLPT_1 JLPT,J#f7z)[.2}
法案,ほうあん,bill (law),RUU (hukum),JLPT_1 JLPT,G67]H`pE*(
防衛,ぼうえい,"defense, protection, self-defense","pertahanan, perlindungan, pertahanan diri",JLPT_1 JLPT,D~[_4zhU{o
防火,ぼうか,"fire prevention, fire fighting, fire proof","pencegahan kebakaran, pemadaman kebakaran, tahan api",JLPT_1 JLPT,nk53s<H-ud
崩壊,ほうかい,"collapse, decay (physics), crumbling","runtuh, membusuk (fisika), runtuh",JLPT_1 JLPT,"jGI8,H>%=u"
妨害,ぼうがい,"disturbance, obstruction, interference","gangguan, halangan, gangguan",JLPT_1 JLPT,k0?pSKRG!b
法学,ほうがく,"law, jurisprudence","hukum, yurisprudensi",JLPT_1 JLPT,Mp|Wasr2Aa
封建,ほうけん,feudalistic,feodalistik,JLPT_1 JLPT,I3}@<tlawU
豊作,ほうさく,"abundant harvest, bumper crop","panen berlimpah, panen melimpah",JLPT_1 JLPT,DcQa/!NBRf
方策,ほうさく,"plan, policy","rencana, kebijakan",JLPT_1 JLPT,jAYb5%jhb
奉仕,ほうし,"attendance, service","kehadiran, layanan",JLPT_1 JLPT,jl!5Ew9{A&
方式,ほうしき,"form, method, system","bentuk, metode, sistem",JLPT_1 JLPT,JK5hiz`$ai
放射,ほうしゃ,"radiation, emission","radiasi, emisi",JLPT_1 JLPT,s&NZ<R!wMX
放射能,ほうしゃのう,radioactivity,radioaktivitas,JLPT_1 JLPT,gGVwqx%~R]
報酬,ほうしゅう,"remuneration, recompense, reward","imbalan, imbalan, imbalan",JLPT_1 JLPT,f3~#Hf{b;R
放出,ほうしゅつ,"release, emit","lepaskan, keluarkan",JLPT_1 JLPT,sh*BL^`)[I
報じる,ほうじる,"to inform, to report","untuk menginformasikan, untuk melaporkan",JLPT_1 JLPT,JFEJ]`)bZ8
報ずる,ほうずる,"to inform, to report","untuk menginformasikan, untuk melaporkan",JLPT_1 JLPT,"KRvk3^-|,F"
紡績,ぼうせき,spinning,pemintalan,JLPT_1 JLPT,c(WbBZ;AX4
呆然,ぼうぜん,"dumbfounded, overcome with surprise","tercengang, diliputi keterkejutan",JLPT_1 JLPT,"D,29%Cq6kO"
放置,ほうち,"leave as is, leave alone, neglect","biarkan apa adanya, biarkan saja, abaikan",JLPT_1 JLPT,v(CYy#&;?A
膨張,ぼうちょう,"expansion, swelling, increase","ekspansi, pembengkakan, peningkatan",JLPT_1 JLPT,yrEhMT2lD[
法廷,ほうてい,courtroom,ruang sidang,JLPT_1 JLPT,DT=sfW*:r&
報道,ほうどう,"coverage, report","liputan, laporkan",JLPT_1 JLPT,c6C5#ID_tl
冒頭,ぼうとう,"beginning, start, outset","permulaan, permulaan, permulaan",JLPT_1 JLPT,j#7sz+T+0t
暴動,ぼうどう,"insurrection, riot, uprising","pemberontakan, kerusuhan, pemberontakan",JLPT_1 JLPT,z>Vj=5Gt8G
褒美,ほうび,"reward, prize","hadiah, hadiah",JLPT_1 JLPT,p$ZOw#.2V@
暴風,ぼうふう,"storm, windstorm, gale","badai, angin topan, angin kencang",JLPT_1 JLPT,G7m5?HCHEG
葬る,ほうむる,"to bury, to entomb","untuk mengubur, untuk menguburkan",JLPT_1 JLPT,o:m}t1oj2f
放り込む,ほうりこむ,to throw into,untuk melemparkan ke dalam,JLPT_1 JLPT,eWW}rHT.ef
放り出す,ほうりだす,"to throw out, to give up, to abandon","membuang, menyerah, meninggalkan",JLPT_1 JLPT,x@6@j{vH4g
暴力,ぼうりょく,violence,kekerasan,JLPT_1 JLPT,"bBwqHP,dIr"
飽和,ほうわ,saturation,kejenuhan,JLPT_1 JLPT,e-F){8|6>q
ホース,ホース,hose,selang,JLPT_1 JLPT,mR5}X@MWM{
ポーズ,ポーズ,pause,berhenti sebentar,JLPT_1 JLPT,o2eqJ-PY$U
ホール,ホール,hall; hole,aula;,JLPT_1 JLPT,g=V#H+1mJd
保温,ほおん,"retaining warmth, keeping heat in, heat insulation","mempertahankan kehangatan, menjaga panas, insulasi panas",JLPT_1 JLPT,caxU`1c?H}
捕獲,ほかく,"capture, seizure","penangkapan, penyitaan",JLPT_1 JLPT,b>64#LmJ&_
保管,ほかん,"custody, safekeeping, storage","penitipan, penitipan, penyimpanan",JLPT_1 JLPT,dQ*M>yKiW}
補給,ほきゅう,"supply, supplying, replenishment","penyediaan, penyediaan, penambahan",JLPT_1 JLPT,Dc(.H5{&b@
補強,ほきょう,reinforcement,bantuan,JLPT_1 JLPT,J3$|<dn.re
募金,ぼきん,"fund-raising, collection of funds","penggalangan dana, pengumpulan dana",JLPT_1 JLPT,h)Vl=R>l^q
牧師,ぼくし,"pastor, minister, clergyman","pendeta, pendeta, pendeta",JLPT_1 JLPT,pz`YHSooKr
捕鯨,ほげい,whaling,penangkapan ikan paus,JLPT_1 JLPT,x$O*osSX;x
惚ける,ぼける,"to grow senile, to fade","menjadi pikun, memudar",JLPT_1 JLPT,q*FJd;okG=
保険,ほけん,"insurance, guarantee","asuransi, jaminan",JLPT_1 JLPT,Bet5?24idk
母校,ぼこう,alma mater,almamater,JLPT_1 JLPT,qX^1y@?`G[
母国,ぼこく,one's home country (same as 自分の国 (じぶんのくに)),negara asal seseorang (sama dengan 自分の国 (じぶんのくに)),JLPT_1 JLPT Intermediate_Japanese_Ln.15 Intermediate_Japanese,bSW6]:G@H?
誇る,ほこる,"to boast of, to be proud of","untuk dibanggakan, untuk dibanggakan",JLPT_1 JLPT,M-#?~#CKEe
綻びる,ほころびる,"to come apart at the seams, to smile broadly","untuk melepaskan diri, untuk tersenyum lebar",JLPT_1 JLPT,IzpFoG;o+q
干し～,ほし～,dried ~,kering ~,JLPT_1 JLPT,is?TC|:$uN
ポジション,ポジション,position,posisi,JLPT_1 JLPT,PnsJ9Y`/xy
干し物,ほしもの,dried washing (clothes,cucian kering (pakaian,JLPT_1 JLPT,fiEpVY&=zT
保守,ほしゅ,"conservative, maintaining","konservatif, mempertahankan",JLPT_1 JLPT,HeA:gQu%kE
補充,ほじゅう,"supplementation, replenishment, replenishing","suplementasi, pengisian ulang, pengisian ulang",JLPT_1 JLPT,ovQ+M7ILU)
補助,ほじょ,"assistance, support, auxiliary","bantuan, dukungan, tambahan",JLPT_1 JLPT,m?5D3_JP+}
舗装,ほそう,"pavement, road surface","trotoar, permukaan jalan",JLPT_1 JLPT,glr.;x9$x0
補足,ほそく,"supplement, complement","pelengkap, pelengkap",JLPT_1 JLPT,inE4~;vRlL
墓地,ぼち,"cemetery, graveyard","kuburan, kuburan",JLPT_1 JLPT,nNMpx>zT&}
発作,ほっさ,"fit, attack","cocok, serang",JLPT_1 JLPT,J-l0g]=x_p
没収,ぼっしゅう,forfeited,hangus,JLPT_1 JLPT,FTZs|u+c%T
発足,ほっそく,"starting, inauguration","permulaan, peresmian",JLPT_1 JLPT,zOAVt?|e(1
ポット,ポット,pot,pot,JLPT_1 JLPT,eLxlfyvQa!
ほっぺた,ほっぺた,cheek,pipi,JLPT_1 JLPT,Jt@~gSztWD
ぼつぼつ,ぼつぼつ,"gradually, here and there, spots","bertahap, di sana-sini, bercak",JLPT_1 JLPT,jz~OVH6f~Q
没落,ぼつらく,"ruin, fall, collapse","kehancuran, jatuh, runtuh",JLPT_1 JLPT,qo9QqJE?e^
解ける,ほどける,"to come untied, to come apart","untuk melepaskan ikatan, untuk melepaskan diri",JLPT_1 JLPT,DA{v}3+Lp$
施す,ほどこす,"to give, to conduct, to perform","memberi, melakukan, melakukan",JLPT_1 JLPT,gYMa.e[yq>
ほとり,ほとり,vicinity of lake; river,sekitar danau;,JLPT_1 JLPT,h5B>a}=Y4~
ぼやく,ぼやく,"to grumble, to complain","menggerutu, mengeluh",JLPT_1 JLPT,DOH?PxBsC~
ぼやける,ぼやける,"to become dim, to become blurred","menjadi redup, menjadi kabur",JLPT_1 JLPT,"rB,1PHpB=G"
保養,ほよう,"health preservation, recuperation, recreation","pemeliharaan kesehatan, pemulihan, rekreasi",JLPT_1 JLPT,Q#{ir6[3o?
捕虜,ほりょ,prisoner of war,tawanan perang,JLPT_1 JLPT,qxd6jwjQC6
ボルト,ボルト,volt; bolt,volt;,JLPT_1 JLPT,FZLDQ~YD+C
滅びる,ほろびる,"to be ruined, to perish, to be destroyed","untuk dihancurkan, untuk binasa, untuk dihancurkan",JLPT_1 JLPT,"O_YU5EzmO,"
滅ぼす,ほろぼす,"to destroy, to overthrow, to ruin","untuk menghancurkan, untuk menggulingkan, untuk menghancurkan",JLPT_1 JLPT,eOA1)SbQq#
本格,ほんかく,"propriety, full-scale","kepatutan, skala penuh",JLPT_1 JLPT,DzD$oDSZg.
本館,ほんかん,main building,bangunan utama,JLPT_1 JLPT,rO)PGxv/$V
本気,ほんき,"seriousness, truth, sanctity","keseriusan, kebenaran, kesucian",JLPT_1 JLPT,m?pL_oxeK4
本国,ほんごく,one's own country,negaranya sendiri,JLPT_1 JLPT,HviGkp(Y>O
本質,ほんしつ,"essence, true nature, reality","esensi, sifat sejati, realitas",JLPT_1 JLPT,HQcPpLF4DH
本体,ほんたい,"substance, body, trunk","zat, tubuh, batang",JLPT_1 JLPT,"f]jl3TlH~,"
本音,ほんね,"(one's) real intention, motive","niat sebenarnya (seseorang), motif",JLPT_1 JLPT Intermediate_Japanese_Ln.15 Intermediate_Japanese,Li:D?QHH;~
本能,ほんのう,instinct,naluri,JLPT_1 JLPT,LYsP`F`>Yc
本場,ほんば,"home, best place, genuine","rumah, tempat terbaik, asli",JLPT_1 JLPT,L1wT%E>`J`
ポンプ,ポンプ,pump,pompa,JLPT_1 JLPT,iq>r8*xxvq
本文,ほんぶん,"text (of document), body (of letter)","teks (dokumen), badan (surat)",JLPT_1 JLPT,OPcHo]s_IF
本名,ほんみょう,real name,nama asli,JLPT_1 JLPT,tgSVI-BSzp
マーク,マーク,mark,tanda,JLPT_1 JLPT,xSmh(Hx|6s
マイ～,マイ～,"my ~, one's own ~","milikku ~, milikku sendiri ~",JLPT_1 JLPT,M3C.y[*%DG
マイクロフォン,マイクロフォン,microphone,mikropon,JLPT_1 JLPT,"O(^,e1PC5c"
埋蔵,まいぞう,"buried property, treasure trove","properti terkubur, harta karun",JLPT_1 JLPT,x=IBNay?qY
舞う,まう,"to dance, to flutter about, to revolve","menari, berkibar, berputar",JLPT_1 JLPT,E~)$*yPg`;
真上,まうえ,"just above, right overhead","tepat di atas, tepat di atas",JLPT_1 JLPT,d)IsOG^B=)
前売,まえうり,"advance sale, booking","penjualan di muka, pemesanan",JLPT_1 JLPT,bq0PjYAHh(
前置き,まえおき,"preface, introduction","kata pengantar, pendahuluan",JLPT_1 JLPT,w66ywP/&&4
任す,まかす,"to entrust, to leave to a person","untuk mempercayakan, menyerahkan kepada seseorang",JLPT_1 JLPT,p:ILhp([Gw
負かす,まかす,to defeat,untuk mengalahkan,JLPT_1 JLPT,qi|Hx;t;6u
賄う,まかなう,"to give board to, to provide meals, to pay","untuk memberi makan, untuk menyediakan makanan, untuk membayar",JLPT_1 JLPT,z7=~3@j0#5
紛らわしい,まぎらわしい,"confusing, misleading, ambiguous","membingungkan, menyesatkan, ambigu",JLPT_1 JLPT,"h,2f1PppwU"
紛れる,まぎれる,"to be diverted, to slip into","untuk dialihkan, untuk menyelinap ke dalam",JLPT_1 JLPT,d#WX3KXSxZ
真心,まごころ,"sincerity, devotion","ketulusan, pengabdian",JLPT_1 JLPT,D6e()w&]x>
まごつく,まごつく,"to be confused, to be flustered","menjadi bingung, menjadi bingung",JLPT_1 JLPT,f/~oJkW$x!
誠,まこと,"truth, faith, fidelity","kebenaran, iman, kesetiaan",JLPT_1 JLPT,t$vv<u=?i:
誠に,まことに,"indeed, really (very polite), absolutely","memang, sungguh (sangat sopan), tentu saja",JLPT_1 JLPT Genki_Ln.20 Genki,P/8R*Tv!+F
まさしく,まさしく,"surely, no doubt, evidently","tentu saja, tidak diragukan lagi, jelas",JLPT_1 JLPT,zuz5Xe$DuA
勝る,まさる,"to excel, to surpass, to out-rival","untuk unggul, melampaui, mengungguli saingan",JLPT_1 JLPT,t<|1#xSX&T
～増し,～まし,~increase,~ meningkat,JLPT_1 JLPT,z5+QCF_t-U
交える,まじえる,"to mix, to converse with, to cross (swords)","untuk bergaul, untuk berbicara dengan, untuk menyeberang (pedang)",JLPT_1 JLPT,B~3MEZXI+!
真下,ました,"right under, directly below","tepat di bawah, tepat di bawah",JLPT_1 JLPT,Iz;A7a]fD~
まして,まして,"still more, still less (with neg. verb), to say nothing of","masih lebih, masih kurang (dengan kata kerja neg.), belum lagi",JLPT_1 JLPT,PY/0T[blt;
交わる,まじわる,"to cross, to intersect, to mingle with,","untuk menyeberang, untuk berpotongan, untuk berbaur dengan,",JLPT_1 JLPT,mS|?u$Z<><
麻酔,ますい,anesthesia,anestesi,JLPT_1 JLPT,"mw>M%F[]D,"
またがる (うまを～),またがる (うまを～),to straddle,untuk mengangkang,JLPT_1 JLPT,uN3HnTL61M
待ち合わせ,まちあわせ,appointment,janji temu,JLPT_1 JLPT,IyY!Ll1/sj
待ち遠しい,まちどおしい,looking forward to,menantikannya,JLPT_1 JLPT,w+0{4=a9>3
待ち望む,まちのぞむ,"to look anxiously for, to wait eagerly for","untuk mencari dengan cemas, menunggu dengan penuh semangat",JLPT_1 JLPT,CwJO9mIIMV
まちまち,まちまち,"various, different","beragam, berbeda",JLPT_1 JLPT,Ddw`;bcVVc
末期,まっき,"deathbed, hour of death","ranjang kematian, jam kematian",JLPT_1 JLPT,GQt+3/1&iv
真っ二つ,まっぷたつ,in two equal parts,dalam dua bagian yang sama,JLPT_1 JLPT,rhE|8rVnO$
まと,まと,"mark, target","tandai, sasaran",JLPT_1 JLPT,Q*)wm/p9we
纏まり,まとまり,"conclusion, settlement, consistency","kesimpulan, penyelesaian, konsistensi",JLPT_1 JLPT,"z55#c:D.,?"
纏め,まとめ,"settlement, conclusion","penyelesaian, kesimpulan",JLPT_1 JLPT,oa&iF{vs})
免れる,まぬがれる,"to escape from, to be exempted","untuk melarikan diri dari, untuk dikecualikan",JLPT_1 JLPT,s%K15EwNfz
招き,まねき,invitation,undangan,JLPT_1 JLPT,yU~T`=>LDi
瞬き,まばたき,"wink, twinkling (of stars), flicker (of light)","mengedipkan mata, berkelap-kelip (bintang), berkedip (cahaya)",JLPT_1 JLPT,P9XKDg!![C
麻痺,まひ,"paralysis, palsy, numbness","kelumpuhan, kelumpuhan, mati rasa",JLPT_1 JLPT,"E,_FTp$2/<"
～まみれ,～まみれ,"covered with (by, in) ~","ditutupi dengan (oleh, di) ~",JLPT_1 JLPT,"sqX,LlH3-A"
眉,まゆ,eyebrow,alis,JLPT_1 JLPT,s]w/H=It~C
鞠,まり,ball,bola,JLPT_1 JLPT,L0Js7PDQey
丸ごと,まるごと,"in its entirety, whole, wholly","secara keseluruhan, keseluruhan, seluruhnya",JLPT_1 JLPT,oAOL{@?a=y
まるっきり,まるっきり,"completely, perfectly, just as if","sepenuhnya, sempurna, seolah-olah",JLPT_1 JLPT,roz]qfa`JS
丸々,まるまる,completely,sama sekali,JLPT_1 JLPT,eV$3aB(/)x
丸める,まるめる,"to make round, to round off, to roll up","untuk membuat putaran, untuk membulatkan, untuk menggulung",JLPT_1 JLPT,Nd=%r[H=>c
満月,まんげつ,full moon,bulan purnama,JLPT_1 JLPT,dZR3ROGpT$
満場,まんじょう,"unanimous, whole audience","dengan suara bulat, seluruh penonton",JLPT_1 JLPT,ffiOG%*5K_
真ん前,まんまえ,"right in front, under the nose","tepat di depan, di bawah hidung",JLPT_1 JLPT,B[GBnZiI4Z
真ん丸い,まんまるい,perfectly circular,melingkar sempurna,JLPT_1 JLPT,F)+$.BY>]K
真ん円い,まんまるい,perfectly round,bulat sempurna,JLPT_1 JLPT,l73GW43&1I
～味,～み,~ cast (sense of taste),~ pemeran (indra perasa),JLPT_1 JLPT,JZMc!Ve6^U
見合い,みあい,formal marriage interview,wawancara pernikahan formal,JLPT_1 JLPT,dP:cnU(>Lf
見合わせる,みあわせる,to exchange glances; to postpone,untuk bertukar pandang;,JLPT_1 JLPT,o0gE$9N?58
見落とす,みおとす,"to overlook, to fail to notice","untuk mengabaikan, gagal untuk memperhatikan",JLPT_1 JLPT,pxrQq~WN~>
未開,みかい,"savage land, backward region, uncivilized","tanahnya buas, daerahnya terbelakang, tidak beradab",JLPT_1 JLPT,A5z6h|*?{|
味覚,みかく,"taste, palate, sense of taste","rasa, langit-langit, indra perasa",JLPT_1 JLPT,lw?sswB?B?
幹,みき,(tree) trunk,batang (pohon).,JLPT_1 JLPT,l4N|@LrpFp
見苦しい,みぐるしい,"unsightly, ugly","tidak sedap dipandang, jelek",JLPT_1 JLPT,"zoS)q7/,pA"
見込み,みこみ,"prospects, expectation, hope","prospek, harapan, harapan",JLPT_1 JLPT,AJ2+ju9lav
未婚,みこん,unmarried,belum menikah,JLPT_1 JLPT,y~*KiMDApr
未熟,みじゅく,"inexperience, unskilled, immature","kurang pengalaman, tidak terampil, belum dewasa",JLPT_1 JLPT,Mm``I-uL4c
微塵,みじん,"particle, atom","partikel, atom",JLPT_1 JLPT,xr|L`N8dB@
水気,みずけ,"moisture, dampness","kelembapan, kelembapan",JLPT_1 JLPT,"AAG,tXSTs&"
ミスプリント,ミスプリント,misprint,salah cetak,JLPT_1 JLPT,MN~t-y(9f/
みすぼらしい,みすぼらしい,"shabby, seedy","kumuh, kumuh",JLPT_1 JLPT,zZ?|#(.Ue2
ミセス,ミセス,Mrs.,Nyonya.,JLPT_1 JLPT,FN(%bDaCYE
見せびらかす,みせびらかす,"to show off, to flaunt","untuk pamer, untuk memamerkan",JLPT_1 JLPT,vp0up+%&~4
見せ物,みせもの,"show, exhibition","pertunjukan, pameran",JLPT_1 JLPT,Cc24XA|;u.
溝,みぞ,"ditch, drain, gutter, gap","parit, saluran pembuangan, selokan, celah",JLPT_1 JLPT,"k,R(3N{_j9"
満たす,みたす,"to satisfy, to ingratiate, to fill, to fulfill","untuk memuaskan, untuk mengambil hati, untuk mengisi, untuk memenuhi",JLPT_1 JLPT,B44j~=|$C}
乱す,みだす,"to throw out of order, to disarrange, to disturb","untuk membuang keluar dari ketertiban, untuk mengacaukan, mengganggu",JLPT_1 JLPT,C%T3isV/48
乱れる,みだれる,"to get confused, to be disordered, to be disturbed","menjadi bingung, menjadi tidak teratur, menjadi terganggu",JLPT_1 JLPT,KLJg{.X@t^
未知,みち,not yet known,belum diketahui,JLPT_1 JLPT,LJ513rxoTO
身近,みぢか,"near oneself, close to one, familiar","dekat dengan diri sendiri, dekat dengan seseorang, akrab",JLPT_1 JLPT,bkRa/9L=lh
導く,みちびく,"to be guided, to be shown","untuk dibimbing, untuk ditunjukkan",JLPT_1 JLPT,"A,UwJ4E[I_"
密集,みっしゅう,"crowd, close formation, dense","kerumunan, formasi rapat, padat",JLPT_1 JLPT,iiclZ|l}Fq
密接,みっせつ,"connected, close, intimate","terhubung, dekat, intim",JLPT_1 JLPT,o{R4~BmT^x
密度,みつど,density,kepadatan,JLPT_1 JLPT,t`MF+}P~d:
見積もり,みつもり,"estimation, quotation","estimasi, kutipan",JLPT_1 JLPT,KD?@iY>SQH
未定,みてい,"not yet fixed, undecided, pending","belum tetap, belum diputuskan, tertunda",JLPT_1 JLPT,Q}7[YRL|?=
見通し,みとおし,"perspective, unobstructed view, prospect","perspektif, pandangan tanpa halangan, prospek",JLPT_1 JLPT,hHCL?CdIG]
見なす,みなす,"to consider as, to regard","untuk mempertimbangkan sebagai, untuk menganggap",JLPT_1 JLPT,E8w4wKW7Y]
源,みなもと,"source, origin","sumber, asal",JLPT_1 JLPT,zO=gu0Zqs*
見習う,みならう,to follow another's example,untuk mengikuti teladan orang lain,JLPT_1 JLPT,p&yDgKca2!
身なり,みなり,personal appearance,penampilan pribadi,JLPT_1 JLPT,s|<m`9tUtv
峰,みね,"peak, ridge","puncak, punggung bukit",JLPT_1 JLPT,wx-mVJq6fi
身の上,みのうえ,"one's future, one's welfare, one's personal history","masa depan seseorang, kesejahteraannya, sejarah pribadinya",JLPT_1 JLPT,j-p$+}.^ac
見逃す,みのがす,"to miss, to overlook, to leave at large","untuk dilewatkan, untuk diabaikan, untuk dibiarkan bebas",JLPT_1 JLPT,IsG@e1nb*B
身の回り,みのまわり,"one's personal appearance, personal belongings","penampilan pribadi seseorang, barang-barang pribadi",JLPT_1 JLPT,"[(&,B0kXN"
見計らう,みはからう,to choose at one's own discretion,untuk memilih atas kebijaksanaannya sendiri,JLPT_1 JLPT,"z8AN&Zq,!-"
見晴らし,みはらし,view,melihat,JLPT_1 JLPT,h3a00LHX8h
身振り,みぶり,gesture,sikap,JLPT_1 JLPT Intermediate_Japanese Intermediate_Japanese_Ln.11,Lm.Fj=%/7a
脈,みゃく,pulse,detak,JLPT_1 JLPT,C|`|>zxQM+
ミュージック,ミュージック,music,musik,JLPT_1 JLPT,t9mG6QGvsw
未練,みれん,"lingering affection, attachment, regret(s)","kasih sayang yang tersisa, keterikatan, penyesalan",JLPT_1 JLPT,B=cwZ~017_
見渡す,みわたす,"to look out over, to survey (scene), to take an extensive view of","untuk melihat ke luar, untuk mensurvei (adegan), untuk melihat secara luas",JLPT_1 JLPT,x&]mO6(]ee
民宿,みんしゅく,private house providing lodging and meals to tourists,rumah pribadi yang menyediakan penginapan dan makanan untuk wisatawan,JLPT_1 JLPT Intermediate_Japanese_Ln.10 Intermediate_Japanese,yy/1y<3;Yk
民族,みんぞく,"people, race","orang, ras",JLPT_1 JLPT,p>p/|sT6Jg
民俗,みんぞく,folk customs,adat istiadat rakyat,JLPT_1 JLPT,M(tc2N/}z{
無意味,むいみ,"nonsense, no meaning","omong kosong, tidak ada artinya",JLPT_1 JLPT,B9C6%m[4lF
ムード,ムード,mood,suasana hati,JLPT_1 JLPT,JZzdb{.Zc^
無口,むくち,reticence,sikap diam,JLPT_1 JLPT,z:Ts^0TQ4#
婿,むこ,son-in-law,menantu laki-laki,JLPT_1 JLPT,bX1GlIQN8L
無効,むこう,"invalid, no effect, unavailable","tidak valid, tidak berpengaruh, tidak tersedia",JLPT_1 JLPT,EqE:ixA-k+
無言,むごん,silence,kesunyian,JLPT_1 JLPT,fZ{o?TF{7B
無邪気,むじゃき,"innocence, simple-mindedness","kepolosan, pikiran sederhana",JLPT_1 JLPT,L)xB!4E<k?
むしる,むしる,"to pluck, to pick, to tear","memetik, memetik, merobek",JLPT_1 JLPT,.d8S>K-=k
結び,むすび,"ending, conclusion, union","akhir, kesimpulan, penyatuan",JLPT_1 JLPT,d{_<>*~x%J
結び付き,むすびつき,"connection, relation","koneksi, hubungan",JLPT_1 JLPT,"O3KGVopE,2"
結び付く,むすびつく,"to be connected or related, to join together","untuk terhubung atau terkait, untuk bergabung bersama",JLPT_1 JLPT,EMFAQ1Kh)m
結び付ける,むすびつける,"to combine, to join, to tie on, to attach with a knot","untuk menggabungkan, untuk bergabung, untuk mengikat, untuk melampirkan dengan simpul",JLPT_1 JLPT,fRB2/x*X`A
無線,むせん,"wireless, radio","nirkabel, radio",JLPT_1 JLPT,y?)Jdm`O>c
無駄遣い,むだづかい,"waste money on, squander money on","buang-buang uang, buang-buang uang",JLPT_1 JLPT Genki_Ln.22 Genki,"O?A,`d=isH"
無断,むだん,"without permission, without notice","tanpa izin, tanpa pemberitahuan",JLPT_1 JLPT,I$Ua7qpQZH
無知,むち,ignorance,ketidaktahuan,JLPT_1 JLPT,g+^m*mx.<r
無茶,むちゃ,"absurd, unreasonable","tidak masuk akal, tidak masuk akal",JLPT_1 JLPT Intermediate_Japanese_Ln.12 Intermediate_Japanese,AEYrHxjg#f
無茶苦茶,むちゃくちゃ,"confused, jumbled, mixed up, unreasonable","bingung, campur aduk, campur aduk, tidak masuk akal",JLPT_1 JLPT,KCqc4.UxPr
空しい,むなしい,"vacant, futile, vain","kosong, sia-sia, sia-sia",JLPT_1 JLPT,P|:1(IV_+~
無念,むねん,"chagrin, regret","kecewa, penyesalan",JLPT_1 JLPT,b;piP^Vw+j
無能,むのう,"inefficiency, incompetence","inefisiensi, ketidakmampuan",JLPT_1 JLPT,izu(:0$`9@
無闇に,むやみに,"unreasonably, absurdly, at random","tidak masuk akal, tidak masuk akal, secara acak",JLPT_1 JLPT,N)&c#LP7Bq
無用,むよう,"useless, needlessness, unnecessariness","tidak berguna, tidak perlu, tidak perlu",JLPT_1 JLPT,"Oc`U#P0i,-"
斑,むら,"unevenness, inconsistency, irregularity","ketidakrataan, inkonsistensi, ketidakteraturan",JLPT_1 JLPT,ejP4z=)m?O
群がる,むらがる,"to swarm, to gather","berkerumun, berkumpul",JLPT_1 JLPT,vyc%)s7Efv
無論,むろん,"of course, naturally",tentu saja secara alami,JLPT_1 JLPT,I(9V_xrT80
名産,めいさん,noted product,produk yang dicatat,JLPT_1 JLPT,KN>?5r|..h
名称,めいしょう,name,nama,JLPT_1 JLPT,P!9gSFK*GV
命中,めいちゅう,a hit,sebuah pukulan,JLPT_1 JLPT,Qq0/BP{lJ:
明白,めいはく,"obvious, clear","jelas, jelas",JLPT_1 JLPT,g|K4[<><hX
名簿,めいぼ,register of names,daftar nama,JLPT_1 JLPT,xkhYhi]K-$
名誉,めいよ,"honor, credit, prestige","kehormatan, kredit, prestise",JLPT_1 JLPT,PiLIi1%_ER
明瞭,めいりょう,clarity,kejelasan,JLPT_1 JLPT,"s[dks,f=+A"
明朗,めいろう,"bright, clear, cheerful","cerah, jernih, ceria",JLPT_1 JLPT,Kzdx<dR.%]
メーカー,メーカー,manufacturer,pabrikan,JLPT_1 JLPT,r)Eust:VuL
目方,めかた,weight,berat,JLPT_1 JLPT,"unS}*nsB,_"
恵み,めぐみ,blessing,anugerah,JLPT_1 JLPT,gdikXkV`X<
恵む,めぐむ,"to bless, to show mercy to","untuk memberkati, untuk menunjukkan belas kasihan",JLPT_1 JLPT,u_D+Zdxyy/
目覚しい,めざましい,"brilliant, remarkable","brilian, luar biasa",JLPT_1 JLPT,"z8UKuy,l`d"
目覚める,めざめる,to wake up,untuk bangun,JLPT_1 JLPT,~I1tdEiJ_
召す,めす,"to call, to send for, to put on","untuk memanggil, untuk mengirim, untuk memakai",JLPT_1 JLPT,K%!n2|&<A0
雌,めす,female (animal),betina (hewan),JLPT_1 JLPT,EW)C>Dc!w6
目付き,めつき,"look, expression of the eyes, eyes","lihat, ekspresi mata, mata",JLPT_1 JLPT,MWZLbZ@^R+
滅亡,めつぼう,"downfall, collapse, destruction","kejatuhan, keruntuhan, kehancuran",JLPT_1 JLPT,"v,{^w}Wj5u"
メディア,メディア,media,media,JLPT_1 JLPT,A?+IR*&l/Z
目途,めど,"goal, outlook","tujuan, pandangan",JLPT_1 JLPT,iewKY)jVg]
目盛,めもり,"scale, gradations","skala, gradasi",JLPT_1 JLPT,"q0F+,vU3vc"
メロディー,メロディー,melody,melodi,JLPT_1 JLPT,coHp=(F!o=
面会,めんかい,interview,wawancara,JLPT_1 JLPT,QB;1.39?j>
免除,めんじょ,"exemption, exoneration, discharge","pembebasan, pembebasan tuduhan, pembebasan",JLPT_1 JLPT,ro}g@BYFqK
面する,めんする,"to face on, to look out on to","untuk dihadapi, untuk diwaspadai",JLPT_1 JLPT,oK/f+%co{~
面目,めんぼく,"face, honor, reputation","wajah, kehormatan, reputasi",JLPT_1 JLPT,xl=a%LW1Mr
面目,めんもく,"face, honor, reputation","wajah, kehormatan, reputasi",JLPT_1 JLPT,p4D(kkU&Ya
～網,～もう,~ network,~ jaringan,JLPT_1 JLPT,"kks{,EwPh"
設ける,もうける,"to create, to establish","untuk menciptakan, untuk membangun",JLPT_1 JLPT,MQGAfGCn2s
申し入れる,もうしいれる,"to propose, to suggest","untuk mengusulkan, menyarankan",JLPT_1 JLPT,A!/~oWN34l
申込,もうしこみ,"application, request, proposal","lamaran, permohonan, usulan",JLPT_1 JLPT,iTX<OH$n{u
申出,もうしで,"request, claim, report","permintaan, klaim, laporan",JLPT_1 JLPT,"v,YJy~@#5$"
申し出る,もうしでる,"to report to, to tell, to suggest","untuk melaporkan, untuk memberitahu, untuk menyarankan",JLPT_1 JLPT,o$K|y3;=)!
申し分,もうしぶん,"objection, shortcomings","keberatan, kekurangan",JLPT_1 JLPT,GNY9])J3>&
盲点,もうてん,blind spot,titik buta,JLPT_1 JLPT,m.:>Z[agNy
猛烈,もうれつ,"violent, vehement, rage","kekerasan, berapi-api, kemarahan",JLPT_1 JLPT,yLUeQW5(ZA
モーテル,モーテル,motel,motel,JLPT_1 JLPT,mg2c}$GoZg
もがく,もがく,"to struggle, to wriggle, to be impatient","untuk berjuang, menggeliat, menjadi tidak sabar",JLPT_1 JLPT,C7rE2*5O^8
目録,もくろく,"catalogue, catalog, list","katalog, katalog, daftar",JLPT_1 JLPT,uL+agcp`WN
目論見,もくろみ,"a plan, a scheme, intention","rencana, skema, niat",JLPT_1 JLPT,c9iE`D<`%d
模型,もけい,"model, dummy, marquette","model, boneka, marquette",JLPT_1 JLPT,ed!.{WEf4?
模索,もさく,groping (for),meraba-raba (untuk),JLPT_1 JLPT,"B4,c<+ikaa"
もしかして,もしかして,"perhaps, possibly","mungkin, mungkin",JLPT_1 JLPT,w5+%$rMA:M
もしくは,もしくは,"or, otherwise","atau, sebaliknya",JLPT_1 JLPT,f24/]y_t7c
もたらす,もたらす,"to bring, to take, to bring about","untuk membawa, mengambil, mewujudkan",JLPT_1 JLPT,k=cp%Lr}Pw
持ち切り,もちきり,"hot topic, talk of the town","topik hangat, pembicaraan tentang kota",JLPT_1 JLPT,Q~!SFE+j1*
目下,もっか,"at present, now","saat ini, sekarang",JLPT_1 JLPT,J1]`GmmTSp
専ら,もっぱら,"wholly, solely, entirely","seluruhnya, semata-mata, seluruhnya",JLPT_1 JLPT,tu&L<v;Fqv
もてなす,もてなす,"to entertain, to make welcome","untuk menghibur, untuk menyambut",JLPT_1 JLPT,K@A<3)}2cZ
もてる,もてる,"to be well liked, to be popular","untuk disukai, menjadi populer",JLPT_1 JLPT,K^XraA[CV!
モニター,モニター,(computer) monitor,monitor (komputer).,JLPT_1 JLPT,ztCrx#(s0[
物好き,ものずき,(idle) curiosity,(menganggur) rasa ingin tahu,JLPT_1 JLPT,Rb?3(vt:f>
物足りない,ものたりない,"unsatisfied, unsatisfactory","tidak puas, tidak memuaskan",JLPT_1 JLPT,KI9JcrBw_2
もはや,もはや,"already, now","sudah, sekarang",JLPT_1 JLPT,fZ`+BeK9z~
模範,もはん,"model, example","model, contoh",JLPT_1 JLPT,Mau9*C?C72
模倣,もほう,"imitation, copying","imitasi, menyalin",JLPT_1 JLPT,yUL<]q3$8n
もめる,もめる,"to disagree, to dispute","untuk tidak setuju, untuk berselisih",JLPT_1 JLPT,v(j?vVE;el
股,もも,"thigh, femur","paha, tulang paha",JLPT_1 JLPT,G_TQ_^K>(0
腿,もも,"thigh, femur","paha, tulang paha",JLPT_1 JLPT,Fl0F`YIkpg
催す,もよおす,"to hold (a meeting), to give (a dinner)","mengadakan (pertemuan), memberi (makan malam)",JLPT_1 JLPT,qKmEag$Qr@
漏らす,もらす,"to let leak, to reveal","untuk membiarkan bocor, untuk mengungkapkan",JLPT_1 JLPT,k!U%{2y7j|
盛り上がる,もりあがる,"to rouse, to swell, to rise","untuk membangunkan, membengkak, bangkit",JLPT_1 JLPT,g[M=aCpEE[
漏る,もる,"to leak, to run out","bocor, habis",JLPT_1 JLPT,ke69%r#AD.
漏れる,もれる,"to leak out, to escape, to filter out","bocor, keluar, disaring",JLPT_1 JLPT,f:|ir!hLeQ
脆い,もろい,"brittle, fragile, tender-hearted","rapuh, rapuh, berhati lembut",JLPT_1 JLPT,m7?rDT~~db
もろに,もろに,"completely, altogether, bodily","sepenuhnya, seluruhnya, secara jasmani",JLPT_1 JLPT,K3fu7*E_vY
矢,や,arrow,anak panah,JLPT_1 JLPT,uA$qbca=&2
野外,やがい,"fields, outskirts, open air, suburbs","ladang, pinggiran kota, udara terbuka, pinggiran kota",JLPT_1 JLPT,"gD=,$2gpm|"
～薬,～やく,medicine,obat,JLPT_1 JLPT,O.[e|Y6E?j
夜具,やぐ,bedding,seperai,JLPT_1 JLPT,EFUa$D)qGB
役職,やくしょく,"post, managerial position, official position","jabatan, jabatan manajerial, jabatan resmi",JLPT_1 JLPT,o1K=ON/OTS
役場,やくば,town hall,balai kota,JLPT_1 JLPT,g(k9.|^KSZ
やけに,やけに,"sure, very",tentu saja sangat,JLPT_1 JLPT,tyF=qET&O!
屋敷,やしき,mansion,rumah besar,JLPT_1 JLPT,kyE@%cV[?g
養う,やしなう,"to rear, to maintain, to cultivate","memelihara, memelihara, mengolah",JLPT_1 JLPT,neyyq^bU/c
野心,やしん,"ambition, aspiration","ambisi, aspirasi",JLPT_1 JLPT,n<1rbhOoTc
安っぽい,やすっぽい,"cheap-looking, tawdry","terlihat murahan, norak",JLPT_1 JLPT,q./Z7LJ%[7
休める,やすめる,"to rest, to suspend, to give relief","untuk beristirahat, untuk menunda, untuk memberikan kelegaan",JLPT_1 JLPT,JqF3vGaVV
野生,やせい,wild,liar,JLPT_1 JLPT,Fy^pVCXg]$
奴,やつ,"(vulg.) fellow, guy, chap","(vulg.) kawan, kawan, chap",JLPT_1 JLPT,"zof3FA<N,u"
闇,やみ,"darkness, shady, illegal","kegelapan, teduh, ilegal",JLPT_1 JLPT,s|4s:5(PD;
病む,やむ,"to fall ill, to be ill","jatuh sakit, menjadi sakit",JLPT_1 JLPT,H5M2j-I:6B
ややこしい,ややこしい,"puzzling, tangled, complicated, complex","membingungkan, kusut, rumit, rumit",JLPT_1 JLPT,ICemn<#!-X
やりとおす,やりとおす,"to carry through, to achieve, to complete","untuk melaksanakan, untuk mencapai, untuk menyelesaikan",JLPT_1 JLPT,J/n?:UTJiF
やりとげる,やりとげる,to accomplish,untuk mencapai,JLPT_1 JLPT,pEIG3P~OVf
和らげる,やわらげる,"to soften, to moderate, to relieve","untuk melembutkan, untuk memoderasi, untuk meringankan",JLPT_1 JLPT,kl6br!q.AY
ヤング,ヤング,young,muda,JLPT_1 JLPT,"gk{d%L,)K+"
～油,～ゆ,~ oil,~ minyak,JLPT_1 JLPT,QcD#WpcqE6
優位,ゆうい,"predominance, ascendancy, superiority","dominasi, kekuasaan, superioritas",JLPT_1 JLPT,kt30`|;>Vo
憂鬱,ゆううつ,"depression, melancholy","depresi, melankolis",JLPT_1 JLPT,oT|*}x?p{D
有益,ゆうえき,"beneficial, profitable","bermanfaat, menguntungkan",JLPT_1 JLPT,B/K9zqnWV+
優越,ゆうえつ,"supremacy, predominance, being superior to","supremasi, dominasi, lebih unggul",JLPT_1 JLPT,J@3^J2[Dqz
勇敢,ゆうかん,"bravery, heroism, gallantry","keberanian, kepahlawanan, kegagahan",JLPT_1 JLPT,ij|^m_ZF8l
夕暮れ,ゆうぐれ,"evening, (evening) twilight","sore, (sore) senja",JLPT_1 JLPT,xn0Tp1JH0v
融資,ゆうし,"financing, loan","pembiayaan, pinjaman",JLPT_1 JLPT,G&m_H=N/D;
有する,ゆうする,"to own, to be endowed with","untuk dimiliki, untuk diberkahi",JLPT_1 JLPT,vkF;K$-{=^
優勢,ゆうせい,"superiority, superior power, predominance","superioritas, kekuatan superior, dominasi",JLPT_1 JLPT,L0nx>W(-e+
優先,ゆうせん,"preference, priority","preferensi, prioritas",JLPT_1 JLPT,l)|YgL5_SN
誘導,ゆうどう,"guidance, leading, inducement","bimbingan, memimpin, bujukan",JLPT_1 JLPT,uG_U[CknG5
融通,ゆうずう,"adaptability, versatility, finance","kemampuan beradaptasi, keserbagunaan, keuangan",JLPT_1 JLPT,n>A>S2P-0$
優美,ゆうび,"grace, refinement, elegance","rahmat, kehalusan, keanggunan",JLPT_1 JLPT,}Ap|`a2gY
有望,ゆうぼう,"good prospects, full of hope, promising","prospek bagus, penuh harapan, menjanjikan",JLPT_1 JLPT,oFsPf~4K.z
遊牧,ゆうぼく,nomadism,cara hidup pengembara,JLPT_1 JLPT,gJX#eMq!5y
夕焼け,ゆうやけ,sunset,matahari terbenam,JLPT_1 JLPT,H_x[IPS7*X
有力,ゆうりょく,"influence, prominence; potent","pengaruh, keunggulan;",JLPT_1 JLPT,uhNbfXeT%o
幽霊,ゆうれい,"ghost, specter, phantom","hantu, hantu, hantu",JLPT_1 JLPT,d6/M)isa9B
誘惑,ゆうわく,"temptation, allurement, lure","godaan, daya pikat, iming-iming",JLPT_1 JLPT,hy!Cy1YJLH
故,ゆえ,"reason, cause, circumstances","alasan, sebab, keadaan",JLPT_1 JLPT,h8UChh;E+0
歪む,ゆがむ,"to warp, to be crooked, to be distorted","melengkung, bengkok, terdistorsi",JLPT_1 JLPT,O/sWb*b+n=
揺さぶる,ゆさぶる,"to shake, to jolt, to rock, to swing","mengguncang, menyentak, mengayun, mengayun",JLPT_1 JLPT,o>L:}zi#N(
濯ぐ,ゆすぐ,"to rinse, to wash out","untuk membilas, untuk mencuci",JLPT_1 JLPT,z.SPsly;Tq
ゆとり,ゆとり,"reserve, affluence, time (to spare)","cadangan, kemakmuran, waktu (sisa)",JLPT_1 JLPT,NS_6$;R>$L
ユニーク,ユニーク,unique,unik,JLPT_1 JLPT,E5Uv4)V5=f
ユニフォーム,ユニフォーム,uniform,seragam,JLPT_1 JLPT,n$7/R&Ww((
指差す,ゆびさす,to point at,untuk menunjuk,JLPT_1 JLPT,AE`Cr+k?sb
弓,ゆみ,bow,busur,JLPT_1 JLPT,mG05Jx(c4U
揺らぐ,ゆらぐ,"to swing, to sway, to shake","berayun, bergoyang, bergoyang",JLPT_1 JLPT,zGZf|<JX8y
緩む,ゆるむ,"to become loose, to slacken","menjadi longgar, mengendur",JLPT_1 JLPT,m#?_Dh<o@V
緩める,ゆるめる,"to loosen, to slow down","untuk melonggarkan, untuk memperlambat",JLPT_1 JLPT,RfPhr}DF_M
緩やか,ゆるやか,lenient,lunak,JLPT_1 JLPT,"jM`-s,o~rY"
要因,よういん,"primary factor, main cause","faktor utama, penyebab utama",JLPT_1 JLPT,"PDhRFT[0+,"
溶液,ようえき,solution,larutan,JLPT_1 JLPT,"r|,.l+IJQ{"
用件,ようけん,business,bisnis,JLPT_1 JLPT,C-)X0ioICv
養護,ようご,"protection, nursing, protective care","perlindungan, keperawatan, perawatan pelindung",JLPT_1 JLPT,N|{MY>0Lab
用紙,ようし,a form,sebuah formulir,JLPT_1 JLPT Intermediate_Japanese Intermediate_Japanese_Ln.3,bG0P/-5o6f
様式,ようしき,"style, form, pattern","gaya, bentuk, pola",JLPT_1 JLPT,xVY.ZL|vDW
要する,ようする,"to demand, to require, to take","menuntut, meminta, menerima",JLPT_1 JLPT,P^j;$V:Pev
要請,ようせい,"claim, demand, request, application","klaim, permintaan, permintaan, aplikasi",JLPT_1 JLPT,"Dy@,)<4%*N"
様相,ようそう,aspect,aspek,JLPT_1 JLPT,jpni?rjeGN
用品,ようひん,"articles, supplies, parts","barang, persediaan, suku cadang",JLPT_1 JLPT,M7dV_3mZ.d
洋風,ようふう,western style,gaya barat,JLPT_1 JLPT,tBk{]R??>Z
用法,ようほう,"directions, rules of use","petunjuk arah, aturan pakai",JLPT_1 JLPT,NFkcD+Ao.H
要望,ようぼう,"demand for, request","permintaan, permintaan",JLPT_1 JLPT,B{KHwh(BxM
余暇,よか,"leisure, leisure time, spare time","waktu luang, waktu senggang, waktu luang",JLPT_1 JLPT,u`/)9|k2cq
予感,よかん,"presentiment, premonition","firasat, firasat",JLPT_1 JLPT,CdRj.vDXXz
余興,よきょう,"side show, entertainment","pertunjukan sampingan, hiburan",JLPT_1 JLPT,se@{9}ijE~
預金,よきん,"deposit, bank account","deposito, rekening bank",JLPT_1 JLPT,AT=*3Iv8cw
欲,よく,"greed, wants","keserakahan, keinginan",JLPT_1 JLPT,wL1+)L#<Om
抑圧,よくあつ,"restraint, oppression, suppression","pengekangan, penindasan, penindasan",JLPT_1 JLPT,b!*U/^@Y/m
浴室,よくしつ,"bathroom, bath","kamar mandi, mandi",JLPT_1 JLPT,H)~?~hPVN<
抑制,よくせい,"control, restraint, suppression","pengendalian, pengekangan, penindasan",JLPT_1 JLPT,H)Ghd^1QF6
欲深い,よくふかい,greedy,tamak,JLPT_1 JLPT,e?a3SOn$}u
欲望,よくぼう,"desire, appetite","keinginan, nafsu makan",JLPT_1 JLPT Intermediate_Japanese_Ln.13 Intermediate_Japanese,o.og0WiUHF
避ける,よける,"to avoid (physical contact with; to ward off, to avert","untuk menghindari (kontak fisik dengan; untuk menangkal, untuk menghindari",JLPT_1 JLPT,w}V+UOhCI~
予言,よげん,"prediction, promise, prognostication","prediksi, janji, ramalan",JLPT_1 JLPT,H_Z4P-@?E;
横綱,よこづな,sumo grand champion,juara utama sumo,JLPT_1 JLPT,P#D)i6dV;s
汚れ,よごれ,"dirt, filth","kotoran, kotoran",JLPT_1 JLPT,"jq?[h<.nx,"
よし (かん),よし (かん),all right!,Baiklah!,JLPT_1 JLPT,u5UVAmt|+p
良し,よし,all right!,Baiklah!,JLPT_1 JLPT,ze3SZ]}-(^
善し悪し,よしあし,"good or bad, merits or demerits, quality","baik atau buruk, kelebihan atau kekurangan, kualitas",JLPT_1 JLPT,ub0?2]DZCo
余所見,よそみ,"looking away, looking aside","memalingkan muka, melihat ke samping",JLPT_1 JLPT,rQWf8.vXBd
余地,よち,"place, room, margin","tempat, ruangan, margin",JLPT_1 JLPT,cFUuXOAAN@
よって (よりどころ),よって (よりどころ),"therefore, consequently","oleh karena itu, akibatnya",JLPT_1 JLPT,Jty=:!ShWn
与党,よとう,"government party, (ruling) party in power, government","partai pemerintah, partai (yang berkuasa) yang berkuasa, pemerintah",JLPT_1 JLPT,Pjs4V/6-Tk
呼び止める,よびとめる,to flag down,untuk menurunkan bendera,JLPT_1 Intermediate_Japanese_Ln.6 JLPT Intermediate_Japanese,oQ(`IiM1(t
夜更し,よふかし,"staying up late, keeping late hours","begadang, begadang",JLPT_1 JLPT,b2@Q&QWM~Z
夜更け,よふけ,late at night,larut malam,JLPT_1 JLPT,EAa.IIVk2{
余程,よほど,"very, much, to a large extent, quite","sangat, banyak, sebagian besar, cukup",JLPT_1 JLPT,r:W.A5F_=m
読み上げる,よみあげる,"to read out loud (and clearly), to call a roll","untuk membaca dengan suara keras (dan jelas), untuk menyebutkan nama",JLPT_1 JLPT,c2W8@Ns@MB
～寄り,～より,"near to ~ (e.g., North by East)","dekat dengan ~ (misalnya, Utara oleh Timur)",JLPT_1 JLPT,AF4/UYB9T5
寄り掛かる,よりかかる,"to lean against, to recline on, to lean on, to rely on","untuk bersandar, untuk bersandar, untuk bersandar, untuk bersandar",JLPT_1 JLPT,n>&m--dPQu
世論,よろん,public opinion,opini publik,JLPT_1 JLPT,gryKv+N</S
弱る,よわる,"to weaken, to be troubled, to be emaciated","untuk melemah, menjadi bermasalah, menjadi kurus",JLPT_1 JLPT,K>FuuD!+>/
来場,らいじょう,attendance,kehadiran,JLPT_1 JLPT,o#f@&YbcYY
ライス,ライス,rice,beras,JLPT_1 JLPT,q#0OB)RX;*
酪農,らくのう,dairy farming,peternakan sapi perah,JLPT_1 JLPT,ym$h5c;ttT
落下,らっか,"fall, drop, come down","jatuh, jatuh, turun",JLPT_1 JLPT,A7]wCr6wWL
楽観,らっかん,optimism,optimisme,JLPT_1 JLPT,k~>dbLQz-7
ランプ,ランプ,lamp; ramp,lampu;,JLPT_1 JLPT,C!7~*Q0J*S
濫用,らんよう,"abuse, misuse, using to excess","penyalahgunaan, penyalahgunaan, penggunaan berlebihan",JLPT_1 JLPT,CFNU<F}Co&
リード,リード,lead; reed,memimpin;,JLPT_1 JLPT,f;Gy:Z95DB
理屈,りくつ,"theory, reason","teori, alasan",JLPT_1 JLPT,"Mh,Xn3W#yG"
利子,りし,interest (bank),bunga (bank),JLPT_1 JLPT,AEJ.8_NM:H
利潤,りじゅん,"profit, returns","keuntungan, pengembalian",JLPT_1 JLPT,LuA(&F@>8^
理性,りせい,"reason, sense","alasan, akal",JLPT_1 JLPT,hFk%V[}poF
利息,りそく,interest (bank),bunga (bank),JLPT_1 JLPT,jiW}gvaFbu
立体,りったい,solid body,tubuh padat,JLPT_1 JLPT,c$*Ro:kj?0
立方,りっぽう,cube,kubus,JLPT_1 JLPT,f~_S5!(=mz
立法,りっぽう,"legislation, lawmaking","legislasi, pembuatan undang-undang",JLPT_1 JLPT,Ap&ba>BFUP
利点,りてん,"advantage, point in favor","keuntungan, mendukung",JLPT_1 JLPT,tXy6bul-X8
略奪,りゃくだつ,"pillage, looting, robbery","penjarahan, penjarahan, perampokan",JLPT_1 JLPT,gDxp+5=#Xg
略語,りゃくご,"abbreviation, acronym","singkatan, akronim",JLPT_1 JLPT,K>oKmQ]kga
流通,りゅうつう,"circulation of money or goods, distribution","peredaran uang atau barang, pendistribusian",JLPT_1 JLPT,H5O$EOa.I6
領域,りょういき,"area, territory, region","wilayah, wilayah, wilayah",JLPT_1 JLPT,HiA.[31{b|
了解,りょうかい,"comprehension, consent, understanding","pemahaman, persetujuan, pemahaman",JLPT_1 JLPT,kxhJ=)Od=Q
領海,りょうかい,territorial waters,perairan teritorial,JLPT_1 JLPT,MB@]yC;xab
両極,りょうきょく,"both extremities, north and south poles","kedua ekstremitas, kutub utara dan selatan",JLPT_1 JLPT,I]j83bI=8Q
良好,りょうこう,"favorable, satisfactory","menguntungkan, memuaskan",JLPT_1 JLPT,d:q8$rI;Jz
良識,りょうしき,good sense,akal sehat,JLPT_1 JLPT,g^(nW>D*vj
良質,りょうしつ,"good quality, superior quality","kualitas bagus, kualitas unggul",JLPT_1 JLPT,nVu=s-lEz|
了承,りょうしょう,"acknowledgment, understanding","pengakuan, pemahaman",JLPT_1 JLPT,j]m*irzgE:
良心,りょうしん,conscience,hati nurani,JLPT_1 JLPT,I#~pygL#h!
領地,りょうち,territory,wilayah,JLPT_1 JLPT,y}6|eQ/0%E
領土,りょうど,"territory, possession","wilayah, kepemilikan",JLPT_1 JLPT,xYhB+8`@i2
両立,りょうりつ,"compatibility, coexistence, standing together","kecocokan, hidup berdampingan, berdiri bersama",JLPT_1 JLPT,p7by!eTW@3
旅客,りょかく,passenger,penumpang,JLPT_1 JLPT,I8wSM=gOtR
旅券,りょけん,passport,paspor,JLPT_1 JLPT,u/udi_w#M!
履歴,りれき,"personal history, background, log","riwayat pribadi, latar belakang, log",JLPT_1 JLPT,lgw@;Sby)x
理論,りろん,theory,teori,JLPT_1 JLPT,Kkq/Vwo|)`
林業,りんぎょう,forestry,kehutanan,JLPT_1 JLPT,l$qH?E<2YH
類,るい,"kind, class, family","baik hati, kelas, keluarga",JLPT_1 JLPT,o&+Ivn(%oO
類推,るいすい,analogy,analogi,JLPT_1 JLPT,MG!~-T=}_S
類似,るいじ,analogous,sejalan,JLPT_1 JLPT,l=?07xJqV=
ルーズ,ルーズ,loose,longgar,JLPT_1 JLPT,t;l^jLhRxc
冷酷,れいこく,"cruelty, coldheartedness, ruthless","kekejaman, berhati dingin, kejam",JLPT_1 JLPT,Gpei)G)?`V
冷蔵,れいぞう,refrigeration,pendinginan,JLPT_1 JLPT,"IYaX-(,sbM"
冷淡,れいたん,"coolness, indifference","kesejukan, ketidakpedulian",JLPT_1 JLPT,Q5Ez[qRMa0
レース,レース,race; lace,balapan;,JLPT_1 JLPT,kxs-fAUJum
レギュラー,レギュラー,regular,biasa,JLPT_1 JLPT,"f@``;g,,Yd"
レッスン,レッスン,lesson,pelajaran,JLPT_1 JLPT,JfvUf_?9-:
レディー,レディー,lady,wanita,JLPT_1 JLPT,p!9sykDKO0
レバー,レバー,lever; liver,tuas;,JLPT_1 JLPT,Ml*IZFZKKl
恋愛,れんあい,"love, romance","cinta, romansa",JLPT_1 JLPT,"g0Js_zq8,k"
バッテリー,バッテリー,battery,baterai,JLPT_1 JLPT,p?ZvzxPq%b
バット,バット,"bat, vat","kelelawar, tong",JLPT_1 JLPT,Q^}DTOnkl|
発病,はつびょう,"attack, to become sick","menyerang, menjadi sakit",JLPT_1 JLPT,BvVN^85[N;
初耳,はつみみ,something heard for the first time,sesuatu yang terdengar untuk pertama kalinya,JLPT_1 JLPT,DQ%JLcfuZZ
果て,はて,"the end, the extremity, the limit(s)","ujung, ujung, batas",JLPT_1 JLPT,"b57,px8J*K"
果てる,はてる,"to end, to be finished, to be exhausted","untuk mengakhiri, untuk diselesaikan, untuk habis",JLPT_1 JLPT,"bAff*:bf*,"
ばてる,ばてる,"to be exhausted, to be worn out","menjadi lelah, menjadi lelah",JLPT_1 JLPT,r>0SmD(F4h
パトカー,パトカー,patrol car,mobil patroli,JLPT_1 JLPT,"EO|xx2G2G,"
甚だ,はなはだ,"very, greatly, exceedingly","sangat, sangat, sangat",JLPT_1 JLPT,OQgv[Rp`!?
華々しい,はなばなしい,"brilliant, magnificent, spectacular","brilian, luar biasa, spektakuler",JLPT_1 JLPT,v^@Rm/*uYq
花びら,はなびら,(flower) petal,kelopak (bunga).,JLPT_1 JLPT,gVEobi&glz
華やか,はなやか,"brilliant, gorgeous, florid","cemerlang, cantik, kemerahan",JLPT_1 JLPT,b*1sjY=VE6
阻む,はばむ,"to keep someone from doing, to stop, to oppose","untuk mencegah seseorang melakukan, untuk berhenti, untuk menentang",JLPT_1 JLPT,KW0lr0LPyk
浜,はま,"beach, seashore","pantai, pantai laut",JLPT_1 JLPT,gaeewOTy8/
浜辺,はまべ,"beach, foreshore","pantai, tepi pantai",JLPT_1 JLPT,AL_W(0hn&V
はまる,はまる,"to get into, to go into, to fit, to be fit for, to suit","untuk masuk ke dalam, untuk masuk ke dalam, untuk menyesuaikan diri, untuk menyesuaikan diri, untuk menyesuaikan diri",JLPT_1 JLPT,key3o7$aM}
早める,はやめる,"to hasten, to quicken, to accelerate","untuk mempercepat, untuk mempercepat, untuk mempercepat",JLPT_1 JLPT,hS]svbo-ig
腹立ち,はらだち,anger,amarah,JLPT_1 JLPT,p.*AhT>Yg8
原っぱ,はらっぱ,"open field, empty lot, plain","lapangan terbuka, lahan kosong, polos",JLPT_1 JLPT,BF1(%i;>nB
はらはら,はらはら,feel nervous,merasa gugup,JLPT_1 JLPT,m<Y%mFA4zS
ばらまく,ばらまく,"to disseminate, to scatter","untuk menyebarkan, untuk menyebarkan",JLPT_1 JLPT,wmN`A*3CG)
張り紙,はりがみ,"notice, poster","perhatikan, poster",JLPT_1 JLPT,BB7%DI+bc=
遥か,はるか,"far, far-away, distant","jauh, jauh sekali, jauh sekali",JLPT_1 JLPT,fUD7d;W?9R
破裂,はれつ,"explosion, rupture, break off","ledakan, pecah, putus",JLPT_1 JLPT,"b^2,E+JYkn"
腫れる,はれる,"to swell (from inflammation, to become swollen)","membengkak (dari peradangan, menjadi bengkak)",JLPT_1 JLPT,z8C-Q:96;k
繁栄,はんえい,"prospering, prosperity, flourishing","sejahtera, sejahtera, berkembang",JLPT_1 JLPT,nH@_ep+1}j
版画,はんが,art print,cetakan seni,JLPT_1 JLPT,sBPn!C6|$0
ハンガー,ハンガー,(coat) hanger,gantungan (mantel).,JLPT_1 JLPT,HNMn){L;p@
反感,はんかん,"antipathy, revolt, animosity","antipati, pemberontakan, permusuhan",JLPT_1 JLPT,KAT#$^~N=[
反響,はんきょう,"echo, reverberation, repercussion","gema, gema, dampak",JLPT_1 JLPT,(!Sbp/Ryc
パンク,パンク,"puncture, bursting; punk","tusukan, meledak;",JLPT_1 JLPT,LzYO%D<&Ei
反撃,はんげき,"counterattack, counteroffensive, counterblow","serangan balik, serangan balik, serangan balik",JLPT_1 JLPT,BBy/kmWv|!
判決,はんけつ,"judicial decision, judgment, sentence, decree","keputusan pengadilan, keputusan, hukuman, keputusan",JLPT_1 JLPT,K@f^#cZ5Q`
反射,はんしゃ,"reflection, reverberation","refleksi, gaung",JLPT_1 JLPT,LDqIUH^=vr
繁盛,はんじょう,"prosperity, flourishing, thriving","kemakmuran, berkembang, berkembang",JLPT_1 JLPT,oD{V&C=!wS
繁殖,はんしょく,"breed, multiply, propagation","berkembang biak, berkembang biak, berkembang biak",JLPT_1 JLPT,Gps#@ydvak
反する,はんする,"to be inconsistent with, to oppose, to contradict","untuk tidak konsisten dengan, untuk menentang, untuk bertentangan",JLPT_1 JLPT,fVrr[FObH2
判定,はんてい,"judgment, decision, award, verdict","penilaian, keputusan, penghargaan, putusan",JLPT_1 JLPT,l.y^yE`fLF
万人,ばんにん,"all people, everybody, 10000 people","semua orang, semua orang, 10.000 orang",JLPT_1 JLPT,gTmA]f8[{J
晩年,ばんねん,(one's) last years,(seseorang) beberapa tahun terakhir,JLPT_1 JLPT,DKi7Lij}b#
反応,はんのう,"reaction, response","reaksi, respons",JLPT_1 JLPT,tmAeij8aDL
万能,ばんのう,"all-purpose, almighty, omnipotent","serba guna, mahakuasa, mahakuasa",JLPT_1 JLPT,z`.g9zaN?
半端,はんぱ,"fragment, fraction, incompleteness","fragmen, pecahan, ketidaklengkapan",JLPT_1 JLPT,eK}21?Q<uQ
反発,はんぱつ,"repelling, rebound, oppose","memukul mundur, bangkit kembali, menentang",JLPT_1 JLPT,rHA_.Kqp5U
反乱,はんらん,"rebellion, revolt, uprising","pemberontakan, pemberontakan, pemberontakan",JLPT_1 JLPT,"JJB,BD9|0D"
氾濫,はんらん,"overflowing, flood","meluap, banjir",JLPT_1 JLPT,"Im~yS%,7(E"
美,び,beauty,kecantikan,JLPT_1 JLPT,Oi9jkr_JC
ひいては,ひいては,"not only…but also, in addition to, consequently","tidak hanya…tetapi juga, sebagai tambahan, sebagai konsekuensinya",JLPT_1 JLPT,jOz98=%a=I
ビールス,ビールス,virus,virus,JLPT_1 JLPT,k4c<|hYsN{
控室,ひかえしつ,waiting room,ruang tunggu,JLPT_1 JLPT,y&_T~x>Y8R
控える,ひかえる,to hold back; to make notes,untuk menahan;,JLPT_1 JLPT,v:A0($lqMw
悲観,ひかん,"pessimism, disappointment","pesimisme, kekecewaan",JLPT_1 JLPT,b5j5UZJ)]S
引き上げる,ひきあげる,"to withdraw, to leave, to pull out","untuk menarik diri, untuk pergi, untuk menarik keluar",JLPT_1 JLPT,N^;oc:0[e;
率いる,ひきいる,"to lead, to spearhead (a group), to command (troops)","memimpin, menjadi ujung tombak (kelompok), memerintah (pasukan)",JLPT_1 JLPT,puJ9X.qkPt
引き起こす,ひきおこす,to cause,menyebabkan,JLPT_1 JLPT,wH2wMsnzkj
引下げる,ひきさげる,"to pull down, to lower, to reduce, to withdraw","untuk menarik ke bawah, untuk menurunkan, untuk mengurangi, untuk menarik",JLPT_1 JLPT,M7FZ16-#)F
引きずる,ひきずる,"to drag along, to pull, to prolong","untuk menyeret, untuk menarik, untuk memperpanjang",JLPT_1 JLPT,qTp%jki[ap
引取る,ひきとる,to take back; to adopt; to leave,untuk mengambil kembali;,JLPT_1 JLPT,bqG=Sz>mVR
否決,ひけつ,"rejection, negation, voting down","penolakan, negasi, voting down",JLPT_1 JLPT,H=WQ4MO0SN
日頃,ひごろ,"normally, habitually","biasanya, biasanya",JLPT_1 JLPT,y9J%2)~r.v
久しい,ひさしい,"long, long-continued, old (story)","panjang, panjang lanjutan, lama (cerita)",JLPT_1 JLPT,x^qb6Ainn%
悲惨,ひさん,"tragedy, disaster; misery, wretched, pitiful","tragedi, bencana;",JLPT_1 JLPT,dkkS+?oHtT
ビジネス,ビジネス,business,bisnis,JLPT JLPT_1 Genki_Ln.2 Genki_Ln.1 Genki,stJO[>w5pM
比重,ひじゅう,specific gravity,berat jenis,JLPT_1 JLPT,l4}j=7jzb:
美術,びじゅつ,"art, fine arts","seni, seni rupa",JLPT_1 JLPT,",I91nlD38"
秘書,ひしょ,(private) secretary,sekretaris (swasta).,JLPT_1 JLPT,HbDP7]^^wK
微笑,びしょう,smile,senyum,JLPT_1 JLPT,"y,db|5_YaV"
歪む,ひずむ,"to warp, to be distorted","untuk melengkung, terdistorsi",JLPT_1 JLPT,KT[PkhY&vP
密か,ひそか,"secret, private, surreptitious","rahasia, pribadi, sembunyi-sembunyi",JLPT_1 JLPT,jJ5o@8/`~@
浸す,ひたす,"to soak, to dip, to drench","merendam, mencelupkan, membasahi",JLPT_1 JLPT,g_KlG}!uS#
ひたすら,ひたすら,"nothing but, earnestly, intently","tidak lain hanyalah, sungguh-sungguh, sungguh-sungguh",JLPT_1 JLPT,r_F?uM8zZq
左利き,ひだりきき,"left-handedness, sake drinker, left-hander","kidal, peminum sake, kidal",JLPT_1 JLPT,k-sYD9-/$o
引っ掻く,ひっかく,to scratch,untuk menggaruk,JLPT_1 JLPT,E.o[!3b:Nm
必修,ひっしゅう,required (subject),diperlukan (mata pelajaran),JLPT_1 JLPT,v$oSFhOWfe
びっしょり,びっしょり,"wet through, drenched","basah kuyup, basah kuyup",JLPT_1 JLPT,z/^[4xCt0B
必然,ひつぜん,"inevitable, necessary","tak terelakkan, perlu",JLPT_1 JLPT,Q)ow/ypncR
匹敵,ひってき,"comparing with, rival, equal","membandingkan dengan, saingan, setara",JLPT_1 JLPT,JEil[{vK3q
一息,ひといき,"a breath, a pause, an effort","tarikan napas, jeda, usaha",JLPT_1 JLPT,E^BIFQp}ze
人影,ひとかげ,"man's shadow, soul","bayangan manusia, jiwa",JLPT_1 JLPT,lEh{t=A?Px
人柄,ひとがら,"personality, character","kepribadian, karakter",JLPT_1 JLPT,dM5AOlir)Y
人気,ひとけ,sign of life,tanda kehidupan,JLPT_1 JLPT,NG2)}0vQ0h
一頃,ひところ,"once, some time ago","sekali, beberapa waktu yang lalu",JLPT_1 JLPT,g6jcX?>0?e
人質,ひとじち,hostage,sandera,JLPT_1 JLPT,zJcHfH}ajC
一筋,ひとすじ,"a line, earnestly, blindly, straightforwardly","sebuah garis, sungguh-sungguh, membabi buta, lugas",JLPT_1 JLPT,Iw`AaG(p-#
人目,ひとめ,"glimpse, public gaze","sekilas, tatapan publik",JLPT_1 JLPT,I=B$#9HzY_
日取り,ひどり,"fixed date, appointed day","tanggal tetap, hari yang ditentukan",JLPT_1 JLPT,"E,%=}b)+ea"
雛,ひな,"young bird, chick, doll","burung muda, cewek, boneka",JLPT_1 JLPT,x|ru;#K_h[
雛祭,ひなまつり,Girls' (dolls') Festival,Festival Anak Perempuan (boneka).,JLPT_1 JLPT,"ExRH,Fb)`{"
日向,ひなた,"sunny place, in the sun","tempat yang cerah, di bawah sinar matahari",JLPT_1 JLPT,"JkB,TYa,o3"
非難,ひなん,"blame, attack, criticism","menyalahkan, menyerang, mengkritik",JLPT_1 JLPT,Dk(|@/*v__
避難,ひなん,"taking refuge, finding shelter","berlindung, mencari perlindungan",JLPT_1 JLPT,L:}JI$`!GO
日の丸,ひのまる,the Japanese flag,bendera Jepang,JLPT_1 JLPT,t9<.]@%ayT
火花,ひばな,spark,percikan,JLPT_1 JLPT,um|5.IJ}3z
ひび (かべの～),ひび (かべの～),"crack, fissure, flaw","retak, retak, cacat",JLPT_1 JLPT,"y]|C%f,K4~"
悲鳴,ひめい,"shriek, scream","menjerit, menjerit",JLPT_1 JLPT,"iBM$!,wWJ6"
冷やかす,ひやかす,"to banter, to make fun of, to jeer at, to cool, to refrigerate","untuk bercanda, untuk mengolok-olok, untuk mencemooh, untuk mendinginkan, untuk mendinginkan",JLPT_1 JLPT,g|eu{@|Ra<
日焼け,ひやけ,sunburn,terbakar sinar matahari,JLPT_1 JLPT,B*x^zGN+6l
標語,ひょうご,"motto, slogan, catchword","semboyan, semboyan, semboyan",JLPT_1 JLPT,q2-le>_XWl
描写,びょうしゃ,"depiction, description, portrayal","penggambaran, deskripsi, penggambaran",JLPT_1 JLPT,JFYofDRI3{
ひょっと,ひょっと,"possibly, accidentally","mungkin, secara tidak sengaja",JLPT_1 JLPT,H?O[$H2[.i
びら,びら,"handout, leaflet","selebaran, selebaran",JLPT_1 JLPT,t%GemgZ-on
平たい,ひらたい,"flat, even, level","datar, rata, rata",JLPT_1 JLPT,Gv<+$jy(Xp
びり,びり,"last on the list, at the bottom","terakhir dalam daftar, di bagian bawah",JLPT_1 JLPT,"B~`,swB&=7"
比率,ひりつ,"ratio, proportion, percentage","rasio, proporsi, persentase",JLPT_1 JLPT,r*He=~rO@q
