expression,reading,meaning,meaning_indonesia,tags,guid
作法,さほう,"manners, etiquette, propriety","sopan santun, etiket, kesopanan",JLPT JLPT_2 JLPT_3,HYeQ[!t+v+
様々,さまざま,"varied, various","bervariasi, beragam",JLPT JLPT_2 JLPT_3,l>?/o{CjV<
冷ます,さます,"to cool, to let cool","untuk mendinginkan, membiarkan dingin",JLPT JLPT_2 JLPT_3,m(o0n4^}Z$
覚ます,さます,to awaken,untuk membangunkan,JLPT JLPT_2 JLPT_3,t9@aJ[u<UZ
冷める,さめる,"to become cool, to wear off","menjadi keren, memudar",JLPT JLPT_2 JLPT_3,LR.A;82:W|
覚める,さめる,"to wake, to wake up","untuk bangun, untuk bangun",JLPT JLPT_2 JLPT_3,Dob+O4(+<L
左右,さゆう,left and right; influence,kiri dan kanan;,JLPT JLPT_2 JLPT_3,d8br}6f4&T
皿,さら,"plate, dish","piring, piring",JLPT Genki_Ln.14 JLPT_3 JLPT_2 Genki,p*f@mDk_ih
更に,さらに,"furthermore, moreover","lebih jauh lagi, lebih jauh lagi",JLPT JLPT_2 JLPT_3,n=YLy+|9V>
去る,さる,"to leave, to go away","untuk pergi, untuk pergi",JLPT JLPT_2 JLPT_3,q:@^dVE|Ux
猿,さる,monkey,monyet,JLPT JLPT_3 JLPT_2 Genki_Ln.22 Genki,I;FmV}C|Mm
騒ぎ,さわぎ,"uproar, disturbance","keributan, gangguan",JLPT JLPT_2 JLPT_3,"b-,^J/-<a("
参加,さんか,participation,partisipasi,JLPT JLPT_2 JLPT_3,NJ??D?6U!^
参考,さんこう,"reference, consultation","referensi, konsultasi",JLPT JLPT_2 JLPT_3,Han8<B?^r0
賛成,さんせい,"approval, agreement","persetujuan, persetujuan",JLPT JLPT_2 JLPT_3,"emfZ/!E,?["
酸性,さんせい,acidity,keasaman,JLPT JLPT_2 JLPT_3,geVhjMXt@#
酸素,さんそ,oxygen,oksigen,JLPT JLPT_2 JLPT_3,DM##q[%RFu
氏,し,"family name, lineage","nama keluarga, garis keturunan",JLPT JLPT_2 JLPT_3,LAOK_nHPS/
詩,し,poem; poetry,puisi;,JLPT Intermediate_Japanese JLPT_3 JLPT_2 Intermediate_Japanese_Ln.13,PI;rr><.*1
幸せ,しあわせ,"happiness, blessing","kebahagiaan, berkah",JLPT JLPT_2 JLPT_3,MYpn~@*11o
ジーンズ,ジーンズ,jeans,jeans,JLPT JLPT_3 JLPT_2 Genki_Ln.2 Genki,o3hhzYEH)l
ジェット機,ジェットき,jet plane,pesawat jet,JLPT JLPT_2 JLPT_3,fS!]EX&j7m
四角,しかく,square,persegi,JLPT JLPT_2 JLPT_3,J[L(f7xE~B
直に,じかに,"immediately, readily, directly","segera, siap, secara langsung",JLPT JLPT_2 JLPT_3,"Gui,0]IdY5"
しかも,しかも,"moreover, furthermore, besides, plus","apalagi, lebih jauh lagi, selain itu, ditambah",JLPT Intermediate_Japanese JLPT_3 JLPT_2 Intermediate_Japanese_Ln.9 Intermediate_Japanese_Ln.2,NW!O~u6B#]
四季,しき,four seasons,empat musim,JLPT JLPT_2 JLPT_3,j=w0weSQi)
直,じき,"immediately, soon, shortly","segera, segera, segera",JLPT JLPT_2 JLPT_3,wd?tx<3Bac
時期,じき,"time, season, period","waktu, musim, periode",JLPT JLPT_2 JLPT_3,DJ<W>Fb$j>
支給,しきゅう,"payment, allowance","pembayaran, tunjangan",JLPT JLPT_2 JLPT_3,MpCDrKuR@c
至急,しきゅう,"urgent, pressing","mendesak, mendesak",JLPT JLPT_2 JLPT_3,"K+,ttKQ<dz"
しきりに,しきりに,"frequently, repeatedly, eagerly","sering, berulang kali, dengan penuh semangat",JLPT JLPT_2 JLPT_3,E|Rw@W(/Em
刺激,しげき,"stimulus, impetus, incentive","stimulus, dorongan, insentif",JLPT JLPT_2 JLPT_3,PD*^rLK60i
資源,しげん,resources,sumber daya,JLPT JLPT_2 JLPT_3,m(PG+T&|gr
事件,じけん,"event, affair, incident","peristiwa, perselingkuhan, kejadian",JLPT JLPT_2 JLPT_3,MbFCnlA+g8
時刻,じこく,"time, hour","waktu, jam",JLPT JLPT_2 JLPT_3,"oN.E,s)Z}n"
自殺,じさつ,suicide,bunuh diri,JLPT JLPT_2 JLPT_3,y#JDw}f8E1
事実,じじつ,"fact, truth, reality","fakta, kebenaran, kenyataan",JLPT JLPT_2 JLPT_3,qUB-Jtt?i`
支出,ししゅつ,"expenditure, expenses","pengeluaran, pengeluaran",JLPT JLPT_2 JLPT_3,PrmuroD(_w
事情,じじょう,"circumstances, situation, reasons","keadaan, situasi, alasan",JLPT JLPT_2 JLPT_3,B&D.VmCJRe
詩人,しじん,poet,penyair,JLPT JLPT_2 JLPT_3,J|*bb(L^Qr
自身,じしん,oneself,diri,JLPT Intermediate_Japanese JLPT_3 JLPT_2 Intermediate_Japanese_Ln.14,Mms_kL$qBA
沈む,しずむ,to sink; to feel depressed,tenggelam;,JLPT JLPT_2 JLPT_3,v(wY-5e=dv
自然,しぜん,"nature, spontaneous","alam, spontan",JLPT JLPT_2 JLPT_3,K#D]Lme)]J
思想,しそう,"thought, idea","pikiran, ide",JLPT JLPT_2 JLPT_3,"udM,dvR}EZ"
舌,した,tongue,lidah,JLPT JLPT_2 JLPT_3,i22E-x*lSS
次第,しだい,order; circumstances; immediate(ly),memesan;,JLPT JLPT_2 JLPT_3,m7IQESq>:Z
従う,したがう,"to abide (by the rules), to obey","untuk mematuhi (menurut aturan), untuk mematuhi",JLPT JLPT_2 JLPT_3,jQOK[Z2G2a
したがって,したがって,"therefore, consequently","oleh karena itu, akibatnya",JLPT JLPT_2 JLPT_3,zE+XZL-yO%
親しい,したしい,"intimate, close (e.g., friend)","intim, dekat (misalnya, teman)",JLPT JLPT_2 JLPT_3,JLb1]#eUH.
質,しつ,"quality, nature (of person)","kualitas, sifat (orang)",JLPT JLPT_2 JLPT_3,i9bGgE8&)u
失業,しつぎょう,unemployment,pengangguran,JLPT JLPT_2 JLPT_3,L*e(K1S8y>
湿気,しっけ,"moisture, humidity, dampness","kelembapan, kelembapan, kelembapan",JLPT JLPT_2 JLPT_3,mI:_~nX$Y!
実験,じっけん,lab work; experiment,pekerjaan laboratorium;,JLPT Intermediate_Japanese JLPT_3 JLPT_2 Intermediate_Japanese_Ln.5,hmPfhao45;
実現,じつげん,"implementation, materialization, realization","implementasi, perwujudan, realisasi",JLPT JLPT_2 JLPT_3,fGH.>rJnym
実行,じっこう,"practice, execution (e.g., program), realization","latihan, pelaksanaan (misalnya, program), realisasi",JLPT JLPT_2 JLPT_3,O_Qp[P4rQP
実際,じっさい,in fact; in actuality,nyatanya;,JLPT Intermediate_Japanese JLPT_3 JLPT_2 Intermediate_Japanese_Ln.15,"B6Z:.Y11k,"
実施,じっし,"enforcement, carry out, operation","penegakan, pelaksanaan, pengoperasian",JLPT JLPT_2 JLPT_3,dXLqmB^MiP
湿度,しつど,humidity,kelembaban,JLPT JLPT_2 JLPT_3,lZGX2R~;Bn
じっと,じっと,"patiently, quietly","dengan sabar, dengan tenang",JLPT JLPT_2 JLPT_3,Nkvz[eNt`n
実に,じつに,"indeed, truly, surely","memang, sungguh, pasti",JLPT JLPT_2 JLPT_3,I|OQWMaQog
実は,じつは,actually; in fact,Sebenarnya;,JLPT Intermediate_Japanese JLPT_3 JLPT_2 Intermediate_Japanese_Ln.1,s#X::H+4<F
失望,しつぼう,"disappointment, despair","kekecewaan, keputusasaan",JLPT JLPT_2 JLPT_3,mi8g|r~Txf
実力,じつりょく,ability; force,kemampuan;,JLPT JLPT_2 JLPT_3,F5g81kES4+
支店,してん,branch store (office),toko cabang (kantor),JLPT JLPT_3 JLPT_2 Genki_Ln.20 Genki,h*O$^StSa>
指導,しどう,"leadership, guidance, coaching","kepemimpinan, bimbingan, pembinaan",JLPT JLPT_2 JLPT_3,AKsjeKTYcK
自動,じどう,"automatic, self-motion","otomatis, gerak sendiri",JLPT JLPT_2 JLPT_3,O4.zUw/o_S
児童,じどう,"children, juvenile","anak-anak, remaja",JLPT JLPT_2 JLPT_3,"e,|tEbv]Zq"
品,しな,"thing, article, goods","benda, barang, barang",JLPT JLPT_2 JLPT_3,bDnAvhtlH7
支配,しはい,"rule, control, direction","aturan, kontrol, arah",JLPT JLPT_2 JLPT_3,GJx2Cizi1x
芝居,しばい,"play, drama","bermain, drama",JLPT JLPT_2 JLPT_3,gtSlTkyCFW
しばしば,しばしば,"often, again and again, frequently","sering, lagi dan lagi, sering",JLPT JLPT_2 JLPT_3,oKzAa``eqH
芝生,しばふ,lawn,halaman rumput,JLPT JLPT_2 JLPT_3,"wbx:,PABM*"
支払,しはらい,payment,pembayaran,JLPT JLPT_2 JLPT_3,Ev?:EQ7Ks`
支払う,しはらう,to pay,untuk membayar,JLPT JLPT_2 JLPT_3,"ND2,<K].}x"
死亡,しぼう,death,kematian,JLPT JLPT_2 JLPT_3,zYjIN3r3C
資本,しほん,"funds, capital","dana, modal",JLPT JLPT_2 JLPT_3,K]eJp4bmn-
姉妹,しまい,sisters,saudara perempuan,JLPT JLPT_2 JLPT_3,D=K+>4{9gs
しまった (かん),しまった (かん),Damn it!,Brengsek!,JLPT JLPT_2 JLPT_3,lG^NNUo)xn
自慢,じまん,"pride, boast","kebanggaan, membanggakan",JLPT JLPT_2 JLPT_3,I/xy:2]J/|
地味,じみ,"quiet, plain, conservative","tenang, polos, konservatif",JLPT JLPT_2 JLPT_3,o(yU(Vt?_.
示す,しめす,"to show, to indicate","untuk menunjukkan, untuk menunjukkan",JLPT JLPT_2 JLPT_3,Jd8*LeirRj
占める,しめる,to take up; to account for,untuk mengambil;,JLPT Intermediate_Japanese JLPT_3 JLPT_2 Intermediate_Japanese_Ln.14,r`M6Y4!/$F
湿る,しめる,"to be wet, to be damp","menjadi basah, menjadi lembap",JLPT JLPT_2 JLPT_3,uFiSD0nBbH
下,しも,"under, below, beneath","di bawah, di bawah, di bawah",JLPT JLPT_2 JLPT_3,"NEdu]f-jA,"
霜,しも,frost,embun beku,JLPT JLPT_2 JLPT_3,r%B(k2*%-2
借金,しゃっきん,"debt, loan, liabilities","hutang, pinjaman, kewajiban",JLPT JLPT_2 JLPT_3,HTrhI~ql4k
しゃべる,しゃべる,"to talk, to chat, to chatter (same as 話す (はなす))","berbicara, mengobrol, mengobrol (sama seperti 話す ​​(はなす))",JLPT Intermediate_Japanese JLPT_3 JLPT_2 Intermediate_Japanese_Ln.8,xm(;YK[sEF
週,しゅう,week,pekan,JLPT JLPT_2 JLPT_3,"x+o,UuIX0t"
州,しゅう,"state, province","negara bagian, provinsi",JLPT JLPT_2 JLPT_3,"P_~2Qd-Z,0"
銃,じゅう,gun,pistol,JLPT JLPT_2 JLPT_3,g}R=q_AV`]
周囲,しゅうい,"surroundings, circumference, environs","lingkungan sekitar, keliling, lingkungan sekitar",JLPT JLPT_2 JLPT_3,k;vO#x`Yq;
収穫,しゅうかく,"harvest, crop, ingathering","memanen, memanen, mengumpulkan",JLPT JLPT_2 JLPT_3,Q1;gC;3=ME
宗教,しゅうきょう,religion,agama,JLPT Intermediate_Japanese JLPT_3 JLPT_2 Intermediate_Japanese_Ln.3,h2}ja7i^zZ
重視,じゅうし,"importance, stress","penting, stres",JLPT JLPT_2 JLPT_3,p)R=DLs-/X
就職,しゅうしょく,finding employment,mencari pekerjaan,JLPT JLPT_2 JLPT_3,G#y*V:{2Bq
ジュース,ジュース,"juice, soft drink; deuce","jus, minuman ringan;",JLPT Genki_Ln.12 JLPT_3 JLPT_2 Genki,w1Xid7|yfz
修正,しゅうせい,"amendment, correction","amandemen, koreksi",JLPT JLPT_2 JLPT_3,gUKGu[G9oC
重体,じゅうたい,"seriously ill, critical state","sakit parah, keadaan kritis",JLPT JLPT_2 JLPT_3,"F]Ml+g6],&"
渋滞,じゅうたい,"congestion (e.g., traffic), delay","kemacetan (misalnya lalu lintas), penundaan",JLPT JLPT_2 JLPT_3,f6HLmc1`E?
重大,じゅうだい,"serious, important","serius, penting",JLPT JLPT_2 JLPT_3,bRTiuj?[St
住宅,じゅうたく,"resident, housing","penduduk, perumahan",JLPT JLPT_2 JLPT_3,"bO,.P:9Wr8"
集団,しゅうだん,"group, mass","kelompok, massa",JLPT JLPT_2 JLPT_3,O[N$vC_)x(
集中,しゅうちゅう,"concentration, focusing the mind","konsentrasi, memfokuskan pikiran",JLPT JLPT_2 JLPT_3,z{<Xu{#h*c
収入,しゅうにゅう,"income, revenue","pendapatan, pendapatan",JLPT Intermediate_Japanese JLPT_3 JLPT_2 Intermediate_Japanese_Ln.14,Ow2ez*OE$v
住民,じゅうみん,"inhabitants, residents","penduduk, penduduk",JLPT JLPT_2 JLPT_3,M3~&[?-]c=
重要,じゅうよう,"important, essential","penting, penting",JLPT JLPT_2 JLPT_3,d;5d4|x2m2
修理,しゅうり,"repairing, mending","memperbaiki, memperbaiki",JLPT JLPT_2 JLPT_3,i2Z^HI-&!g
主義,しゅぎ,"doctrine, cause, principle","doktrin, sebab, prinsip",JLPT JLPT_2 JLPT_3,mm(7ICuhH@
宿泊,しゅくはく,lodging,penginapan,JLPT JLPT_2 JLPT_3,sJf/S8qo)G
手術,しゅじゅつ,surgical operation,operasi bedah,JLPT JLPT_2 JLPT_3,O=U-eHfq4I
首相,しゅしょう,Prime Minister,Perdana Menteri,JLPT JLPT_2 JLPT_3,"h%Bt%?=g9,"
手段,しゅだん,"means, way, measure","artinya, cara, mengukur",JLPT JLPT_2 JLPT_3,cG]JN2+6BK
主張,しゅちょう,"claim, insistence, assertion","klaim, desakan, penegasan",JLPT JLPT_2 JLPT_3,PQKr-g-1[?
出場,しゅつじょう,participation,partisipasi,JLPT JLPT_2 JLPT_3,u|Gl.@-_{b
出身,しゅっしん,come from,berasal dari,JLPT JLPT_2 JLPT_3,E~$fFKz?VN
出版,しゅっぱん,publication,publikasi,JLPT JLPT_2 JLPT_3,pHGL?y?[mQ
首都,しゅと,capital city,ibu kota,JLPT JLPT_2 JLPT_3,"pV,3~,Z87["
主婦,しゅふ,housewife,ibu rumah tangga,JLPT Intermediate_Japanese JLPT_3 JLPT_2 Intermediate_Japanese_Ln.8 Genki_Ln.1 Genki,cu7/mz5_+B
主要,しゅよう,"chief, main","ketua, utama",JLPT JLPT_2 JLPT_3,e/wz>k>*.!
需要,じゅよう,demand,tuntutan,JLPT JLPT_2 JLPT_3,wIb;!:/d[S
種類,しゅるい,"variety, kind","variasi, baik hati",JLPT JLPT_2 JLPT_3,yLzP_}wHk~
順,じゅん,"order, turn","pesan, putar",JLPT JLPT_2 JLPT_3,j(7}!qj-R?
瞬間,しゅんかん,"moment, second","saat, kedua",JLPT JLPT_2 JLPT_3,w74BNqe`C[
順調,じゅんちょう,doing well,baik-baik saja,JLPT JLPT_2 JLPT_3,QTXqs`sU2C
順番,じゅんばん,"turn (in line), order of things","giliran (dalam antrean), urutan hal",JLPT JLPT_2 JLPT_3,"B3?=*++0m,"
使用,しよう,"use (same as 使うこと (つかうこと)), application, employment, utilization","penggunaan (sama dengan 使うこと (つかうこと)), penerapan, pekerjaan, pemanfaatan",JLPT Intermediate_Japanese JLPT_3 JLPT_2 Intermediate_Japanese_Ln.11,"fv),c7#%~v"
小,しょう,small,kecil,JLPT JLPT_2 JLPT_3,He3e1#-/kV
章,しょう,"chapter, section; medal","bab, bagian;",JLPT JLPT_2 JLPT_3,Cp$qz7LRQ1
賞,しょう,"prize, award","hadiah, penghargaan",JLPT JLPT_2 JLPT_3,ixda5oQQ=r
上,じょう,first volume; superior quality; governmental,jilid pertama;,JLPT JLPT_2 JLPT_3,bjtdx{-WQ5
障害,しょうがい,"obstacle, impediment","hambatan, halangan",JLPT JLPT_2 JLPT_3,lN`%jCJ3Cv
奨学金,しょうがくきん,scholarship,beasiswa,Genki_Ln.16 JLPT JLPT_3 JLPT_2 Genki,Q-*B#$A6L:
乗客,じょうきゃく,passenger,penumpang,JLPT JLPT_2 JLPT_3,F?2lxj<[^L
上京,じょうきょう,proceeding to the capital (Tokyo),melanjutkan ke ibukota (Tokyo),JLPT JLPT_2 JLPT_3,EmcG8c7y3D
状況,じょうきょう,"state of affairs, situation","keadaan, situasi",JLPT JLPT_2 JLPT_3,eJ+`w-qU@C
条件,じょうけん,"conditions, terms","syarat, syarat",JLPT JLPT_2 JLPT_3,PesF@2hHde
正午,しょうご,"noon, mid-day","siang, tengah hari",JLPT JLPT_2 JLPT_3,i0$lSUJ-1J
正直,しょうじき,"honesty, integrity, frankness","kejujuran, integritas, kejujuran",JLPT JLPT_2 JLPT_3,l~d^29Cn=%
常識,じょうしき,common sense,kewajaran,JLPT JLPT_2 JLPT_3,b?[*`UKS8R
少女,しょうじょ,young girl,gadis muda,JLPT JLPT_2 JLPT_3,lN;?Tr6q{x
少々,しょうしょう,a little; short (time) (formal for 少し (すこし)),sedikit;,JLPT Intermediate_Japanese JLPT_3 JLPT_2 Intermediate_Japanese_Ln.8 Genki_Ln.20 Genki,Ievwu]EUfz
症状,しょうじょう,"symptoms, condition","gejala, kondisi",JLPT Intermediate_Japanese JLPT_3 JLPT_2 Intermediate_Japanese_Ln.12,v+Eb}=L(fE
生じる,しょうじる,"to occur, to arise, to be generated","terjadi, muncul, dihasilkan",JLPT JLPT_2 JLPT_3,"F/qG4,c8v/"
状態,じょうたい,"condition, situation","kondisi, situasi",JLPT JLPT_2 JLPT_3,u!E?FPG-@p
上達,じょうたつ,"improvement, advance","perbaikan, kemajuan",JLPT JLPT_2 JLPT_3,Cc{1AI[wlm
冗談,じょうだん,a joke,sebuah lelucon,JLPT Intermediate_Japanese JLPT_3 JLPT_2 Intermediate_Japanese_Ln.10,CllWuV2>%{
上等,じょうとう,"first class, very good","kelas satu, sangat bagus",JLPT JLPT_2 JLPT_3,tjn_MUpJQp
衝突,しょうとつ,"collision, conflict","tabrakan, konflik",JLPT JLPT_2 JLPT_3,D@=pGn%86P
商人,しょうにん,"trader, shopkeeper, merchant","pedagang, penjaga toko, saudagar",JLPT JLPT_2 JLPT_3,MlJB*>A^h!
承認,しょうにん,"recognition, approval","pengakuan, persetujuan",JLPT JLPT_2 JLPT_3,"N==,~orf~["
少年,しょうねん,"boys, juveniles","anak laki-laki, remaja",JLPT JLPT_2 JLPT_3,p6fQoD5WK;
商売,しょうばい,"trade, business, commerce","perdagangan, bisnis, perdagangan",JLPT JLPT_2 JLPT_3,"LoHl,.u1Y|"
消費,しょうひ,"consumption, expenditure","konsumsi, pengeluaran",JLPT JLPT_2 JLPT_3,r7nT91%)]@
商品,しょうひん,"commodity, merchandise","komoditas, barang dagangan",JLPT JLPT_2 JLPT_3,w+UOx&@[sL
賞品,しょうひん,"prize, trophy","hadiah, piala",JLPT JLPT_2 JLPT_3,M}I~*8Gv<&
消防,しょうぼう,"fire fighting, fire department","pemadaman kebakaran, pemadam kebakaran",JLPT JLPT_2 JLPT_3,u20O%VZ|ID
情報,じょうほう,"information, (military) intelligence","informasi, intelijen (militer).",JLPT Intermediate_Japanese JLPT_3 JLPT_2 Intermediate_Japanese_Ln.3,cpG:I1X!x-
証明,しょうめい,"proof, verification","bukti, verifikasi",JLPT JLPT_2 JLPT_3,l8;-B$4N!G
省略,しょうりゃく,"omission, abbreviation, abridgment","penghilangan, singkatan, ringkasan",JLPT JLPT_2 JLPT_3,jp1y&-#kyn
女王,じょおう,queen,ratu,JLPT JLPT_2 JLPT_3,furG^[#|I<
職,しょく,employment,pekerjaan,JLPT JLPT_2 JLPT_3,"hJY}5,Qu8j"
職業,しょくぎょう,"occupation, business","pekerjaan, bisnis",JLPT JLPT_2 JLPT_3,tU=ntM)WP{
食卓,しょくたく,dining table,meja makan,JLPT JLPT_2 JLPT_3,o})uu+vtqN
食品,しょくひん,foodstuff,bahan makanan,JLPT JLPT_2 JLPT_3,iU(>r<G;@0
植物,しょくぶつ,"plant, vegetation","tanaman, tumbuh-tumbuhan",JLPT JLPT_2 JLPT_3,mpdopLG{vR
食物,しょくもつ,"food, foodstuff","makanan, bahan makanan",JLPT JLPT_2 JLPT_3,KrMVp?T5YJ
食欲,しょくよく,appetite (for food),nafsu makan (untuk makanan),JLPT Intermediate_Japanese JLPT_3 JLPT_2 Intermediate_Japanese_Ln.12,qt1GC>c)@^
食料,しょくりょう,food,makanan,JLPT JLPT_2 JLPT_3,"k76m(C.Z,~"
食糧,しょくりょう,"provisions, rations","ketentuan, ransum",JLPT JLPT_2 JLPT_3,"e~`&J:],P}"
書斎,しょさい,"study, den","belajar, ruang kerja",JLPT JLPT_2 JLPT_3,z(Zi=4k7-t
女子,じょし,"woman, girl","wanita, gadis",JLPT JLPT_2 JLPT_3,y}`qNApt9R
助手,じょしゅ,"helper, assistant","pembantu, asisten",JLPT JLPT_2 JLPT_3,F9rI>UKU}`
徐々に,じょじょに,"slowly, little by little","perlahan, sedikit demi sedikit",JLPT JLPT_2 JLPT_3,Ik@-$!%)*d
署名,しょめい,signature,tanda tangan,JLPT JLPT_2 JLPT_3,"C)w4*u^eJ,"
書物,しょもつ,books,buku,JLPT JLPT_2 JLPT_3,dsq%HW0O`l
女優,じょゆう,actress,aktris,JLPT JLPT_2 JLPT_3,g6/0nLbYEk
処理,しょり,"processing, treatment, disposition","pengolahan, pengobatan, disposisi",JLPT JLPT_2 JLPT_3,"n-}WPF,.CB"
書類,しょるい,"documents, official papers","dokumen, surat resmi",JLPT Intermediate_Japanese JLPT_3 JLPT_2 Intermediate_Japanese_Ln.14 Genki_Ln.22 Genki,Ehj{.OHy`#
知らせ,しらせ,notice,melihat,JLPT JLPT_2 JLPT_3,tE;LJdiq{b
尻,しり,"buttocks, bottom","bokong, bawah",JLPT JLPT_2 JLPT_3,Cp-T01W>>7
知合い,しりあい,acquaintance,kenalan,JLPT JLPT_2 JLPT_3,Jz(h+XVbH4
印,しるし,mark; symbol; evidence,tanda;,JLPT JLPT_2 JLPT_3,F?8:NFp=(i
城,しろ,castle,kastil,JLPT JLPT_2 JLPT_3,GnhkX+7b^.
進学,しんがく,going on to university,melanjutkan ke universitas,JLPT JLPT_2 JLPT_3,p#!GLXFzk~
神経,しんけい,"nerve, sensitivity","saraf, sensitivitas",JLPT JLPT_2 JLPT_3,"mz&,NqxuZ0"
真剣,しんけん,"seriousness, earnestness","keseriusan, kesungguhan",JLPT JLPT_2 JLPT_3,PuRLKa9@q(
信仰,しんこう,"(religious) faith, belief","(agama) iman, keyakinan",JLPT JLPT_2 JLPT_3,g~oH1SUq[>
信号,しんごう,"traffic lights, signal, semaphore","lampu lalu lintas, sinyal, semaphore",JLPT JLPT_3 JLPT_2 Genki_Ln.20 Genki,z?zKX+/#?f
人工,じんこう,"artificial, man made, human work,","buatan, buatan manusia, hasil karya manusia,",JLPT JLPT_2 JLPT_3,zQ3t>E=&2U
深刻,しんこく,serious,serius,JLPT JLPT_2 JLPT_3,Kel_M-JGRX
診察,しんさつ,medical examination (of a patient),pemeriksaan kesehatan (pada pasien),JLPT Intermediate_Japanese JLPT_3 JLPT_2 Intermediate_Japanese_Ln.12,Mx*u-x#R2}
人種,じんしゅ,race (of people),ras (orang),JLPT JLPT_2 JLPT_3,Mm&n`P$vPl
信じる,しんじる,to believe,untuk percaya,JLPT JLPT_2 JLPT_3,E~EJs-CkJ`
人生,じんせい,"(human) life (e.g., conception to death)","kehidupan (manusia) (misalnya, pembuahan hingga kematian)",JLPT JLPT_2 JLPT_3,G{?]K0G%It
親戚,しんせき,relative(s),kerabat),Genki_Ln.16 JLPT Intermediate_Japanese JLPT_3 JLPT_2 Intermediate_Japanese_Ln.9 Genki,f;-yjmPO85
新鮮,しんせん,fresh,segar,JLPT JLPT_2 JLPT_3,hgsIFo;k1C
心臓,しんぞう,heart,jantung,JLPT JLPT_2 JLPT_3,FBeXkqV5hu
身体,しんたい,the body,tubuh,JLPT JLPT_2 JLPT_3,t3y~q`<OO!
身長,しんちょう,"height (of body), stature","tinggi (tubuh), perawakan",JLPT JLPT_2 JLPT_3,v2>$s!00R?
慎重,しんちょう,"careful, prudent, cautious","hati-hati, bijaksana, hati-hati",JLPT JLPT_2 JLPT_3,H{qX;#1p@y
審判,しんぱん,"umpire, referee, judgment","wasit, wasit, penghakiman",JLPT JLPT_2 JLPT_3,"i+^OoCXV,-"
人物,じんぶつ,"character, personality, talented man","karakter, kepribadian, pria berbakat",JLPT JLPT_2 JLPT_3,OXSwNDOM:u
進歩,しんぽ,"improvement, progress, development","perbaikan, kemajuan, pengembangan",JLPT Intermediate_Japanese JLPT_3 JLPT_2 Intermediate_Japanese_Ln.13,C*Oco$5$I7
親友,しんゆう,"close friend, buddy","teman dekat, sobat",JLPT JLPT_2 JLPT_3,e!XKqiS_]u
信用,しんよう,"confidence, dependence","kepercayaan diri, ketergantungan",JLPT JLPT_2 JLPT_3,D_Xu621X(*
信頼,しんらい,"reliance, trust, confidence","ketergantungan, kepercayaan, keyakinan",JLPT JLPT_2 JLPT_3,Cc(neZE[/;
心理,しんり,mentality,mentalitas,JLPT JLPT_2 JLPT_3,M4-pHm{8Hp
人類,じんるい,"mankind, humanity","umat manusia, kemanusiaan",JLPT JLPT_2 JLPT_3,yGfC3NH0c~
巣,す,"nest, breeding place","sarang, tempat berkembang biak",JLPT JLPT_2 JLPT_3,wae)m$%B2U
酢,す,vinegar,cuka,JLPT JLPT_2 JLPT_3,S|>MWw8{x
図,ず,"figure, drawing, illustration","gambar, gambar, ilustrasi",JLPT JLPT_2 JLPT_3,o=i@Vi;`4G
水準,すいじゅん,"level, standard","tingkat, standar",JLPT JLPT_2 JLPT_3,LrR5Wf1Z7N
推薦,すいせん,recommendation,rekomendasi,JLPT JLPT_2 JLPT_3,jvDU?eC@&E
スイッチ,スイッチ,switch,mengalihkan,JLPT Genki_Ln.18 JLPT_3 JLPT_2 Genki,D+{$1{/[wR
睡眠,すいみん,sleep,tidur,JLPT JLPT_2 JLPT_3,wh0!*D%WvE
数,すう,"number, figure","nomor, gambar",JLPT JLPT_2 JLPT_3,J]}my?o<Q!
数字,すうじ,"numeral, figure","angka, gambar",JLPT JLPT_2 JLPT_3,B[Gra1kO)v
スープ,スープ,(Western) soup,sup (Barat).,JLPT JLPT_2 JLPT_3,"s,J:5SYdW2"
末,すえ,"the end of, powder","akhir, bedak",JLPT Intermediate_Japanese JLPT_3 JLPT_2 Intermediate_Japanese_Ln.4,EyKo./;AAl
姿,すがた,"figure, shape, appearance","sosok, bentuk, penampilan",JLPT JLPT_2 JLPT_3,gTn!6ZHkYs
スキー,スキー,ski,main ski,JLPT JLPT_3 JLPT_2 Genki_Ln.9 Genki,EDq$^7+uK~
救う,すくう,"to rescue from, to help out of","untuk menyelamatkan, untuk membantu",JLPT JLPT_2 JLPT_3,Pzdj_}ruVB
すくなくとも,すくなくとも,at least,setidaknya,JLPT JLPT_2 JLPT_3,s64aNUZ0&F
優れる,すぐれる,"to surpass, to outstrip, to excel","untuk melampaui, melampaui, untuk unggul",JLPT JLPT_2 JLPT_3,"fFuIf,@I[N"
スケート,スケート,"skate(s), skating","skate, skating",JLPT JLPT_2 JLPT_3,DQ0-nYW7>.
スケジュール,スケジュール,schedule,jadwal,JLPT JLPT_2 JLPT_3,m}P~NJ788C
少しも,すこしも,"anything of, not one bit","apa pun, tidak sedikit pun",JLPT JLPT_2 JLPT_3,pSmTW}7_?}
過ごす,すごす,"to pass, to spend (time)","untuk lulus, untuk menghabiskan (waktu)",JLPT Intermediate_Japanese JLPT_3 JLPT_2 Intermediate_Japanese_Ln.11,oE9$X-z%xN
筋,すじ,"muscle, string, line","otot, tali, garis",JLPT JLPT_2 JLPT_3,M#_TzTBk6]
進める,すすめる,"to advance, to promote, to hasten","untuk memajukan, untuk mempromosikan, untuk mempercepat",JLPT JLPT_2 JLPT_3,u2l`IqNk23
勧める,すすめる,"to urge (someone) to do (something), to recommend","untuk mendesak (seseorang) untuk melakukan (sesuatu), untuk merekomendasikan",JLPT Intermediate_Japanese JLPT_3 JLPT_2 Intermediate_Japanese_Ln.13,"IBeh,nV1Dt"
スター,スター,star,bintang,JLPT JLPT_2 JLPT_3,hHJocr{1ix
スタイル,スタイル,style,gaya,JLPT JLPT_2 JLPT_3,wQruLdJqJI
スタンド,スタンド,stand,berdiri,JLPT JLPT_2 JLPT_3,"Qz:R,pd5SR"
頭痛,ずつう,headache,sakit kepala,JLPT JLPT_2 JLPT_3,hcxF9uQ5ZX
ずっと,ずっと,for a long time; all the time; consecutively,untuk waktu yang lama;,JLPT Intermediate_Japanese JLPT_3 JLPT_2 Intermediate_Japanese_Ln.5 Genki_Ln.22 Genki,OCoZDHO:^u
すっぱい,すっぱい,"sour, acid","asam, asam",JLPT JLPT_2 JLPT_3,d)l(J.2Nu=
すてき,すてき,"lovely, great","indah, bagus",JLPT JLPT_2 JLPT_3,B~-XSf&NNC
既に,すでに,already (same as もう),sudah (sama seperti もう),JLPT Intermediate_Japanese JLPT_3 JLPT_2 Intermediate_Japanese_Ln.13,d=:dSSUK:`
すなわち,すなわち,"that is, namely, e.g.","yaitu, misalnya.",JLPT JLPT_2 JLPT_3,zS=.lQe1_+
スピーチ,スピーチ,speech,pidato,JLPT JLPT_3 JLPT_2 Genki Genki_Ln.21,pvM3{8vA`1
全て,すべて,"all, the whole, entirely","semua, keseluruhan, seluruhnya",JLPT JLPT_2 JLPT_3,kq!H^iT|N4
済ませる,すませる,to be finished,untuk diselesaikan,JLPT JLPT_2 JLPT_3,vQUpvSA005
角,すみ,corner,sudut,JLPT JLPT_2 JLPT_3,b^^N<lR$T]
墨,すみ,ink,tinta,JLPT JLPT_2 JLPT_3,Pt>IB]Y%[8
すみません (かん),すみません (かん),"sorry, excuse me","maaf, permisi",JLPT JLPT_2 JLPT_3,Kr6X0TH7=(
澄む,すむ,"to clear (e.g., weather), to become transparent","untuk membersihkan (misalnya, cuaca), menjadi transparan",JLPT JLPT_2 JLPT_3,d^/yYeQD1M
清む,すむ,"to clear (e.g., weather), to become transparent","untuk membersihkan (misalnya, cuaca), menjadi transparan",JLPT JLPT_2 JLPT_3,wMyt{WAjxX
刷る,する,to print,untuk mencetak,JLPT JLPT_2 JLPT_3,MuPBNA;83U
為る,する,"to do, to attempt","untuk melakukan, untuk mencoba",JLPT JLPT_2 JLPT_3,z;FwzGK-v+
鋭い,するどい,"pointed, sharp","runcing, tajam",JLPT JLPT_2 JLPT_3,s@c[Ya@R|h
すれ違う,すれちがう,to pass by one another,untuk melewati satu sama lain,JLPT JLPT_2 JLPT_3,fP+0(@n(JZ
ずれる,ずれる,"move, off the point","bergerak, melenceng",JLPT JLPT_2 JLPT_3,F2j?XV=5UF
正,せい,"(logical) true, regular","(logis) benar, teratur",JLPT JLPT_2 JLPT_3,AC@`-8Z+qv
生,せい,birth,kelahiran,JLPT JLPT_2 JLPT_3,"yDy>Z9R,FJ"
性,せい,"sex, gender","jenis kelamin, jenis kelamin",JLPT JLPT_2 JLPT_3,Gy*nj#x|I/
姓,せい,"surname, family name","nama keluarga, nama keluarga",JLPT JLPT_2 JLPT_3,"sO,Mg|Q.hG"
所為,せい,"cause, reason, fault","penyebab, alasan, kesalahan",JLPT JLPT_2 JLPT_3,yy|zc*n):n
税,ぜい,tax,pajak,JLPT JLPT_2 JLPT_3,eEs:NyUxEV
性格,せいかく,"character, personality","karakter, kepribadian",JLPT Intermediate_Japanese Genki_Ln.19 JLPT_3 JLPT_2 Genki Intermediate_Japanese_Ln.3,l3(d&u3o-<
正確,せいかく,"accurate, punctuality, exact","akurat, tepat waktu, tepat",JLPT JLPT_2 JLPT_3,rg^|Ktq*}h
世紀,せいき,century,abad,JLPT JLPT_2 JLPT_3,MQfIjnh7j}
請求,せいきゅう,"claim, demand, request","klaim, permintaan, permintaan",JLPT JLPT_2 JLPT_3,KNbh$sySYl
税金,ぜいきん,"tax, duty","pajak, bea",Genki_Ln.15 JLPT JLPT_3 JLPT_2 Genki,Ah}s1$;.$[
清潔,せいけつ,clean,membersihkan,JLPT JLPT_2 JLPT_3,vJiZ-)))FJ
制限,せいげん,"restriction, restraint, limitation","pembatasan, pengekangan, pembatasan",JLPT JLPT_2 JLPT_3,P3D^cMd_|f
成功,せいこう,"success, hit","sukses, pukul",JLPT Intermediate_Japanese JLPT_3 JLPT_2 Intermediate_Japanese_Ln.12,bkv%QuVn22
正式,せいしき,"official, formal","resmi, resmi",JLPT JLPT_2 JLPT_3,zSQ*)G#Yvj
性質,せいしつ,"nature, property, disposition","alam, properti, disposisi",JLPT JLPT_2 JLPT_3,E(70}4c-m*
精神,せいしん,"mind, soul, spirit","pikiran, jiwa, roh",JLPT JLPT_2 JLPT_3,tLy]a8CB9?
成人,せいじん,adult,dewasa,JLPT JLPT_2 JLPT_3,"g@,iQ!8;."
精々,せいぜい,"at the most, at best","paling-paling, paling-paling",JLPT JLPT_2 JLPT_3,q[aqj]#7$-
成績,せいせき,"grade (i.e., on a test), academic record","nilai (yaitu, pada ujian), catatan akademik",JLPT Genki_Ln.12 Intermediate_Japanese JLPT_3 JLPT_2 Genki Intermediate_Japanese_Ln.3,o4$BUl?TFA
製造,せいぞう,"manufacture, production","manufaktur, produksi",JLPT JLPT_2 JLPT_3,OAvZo`.~[q
贅沢,ぜいたく,"luxury, extravagance","kemewahan, pemborosan",JLPT JLPT_2 JLPT_3,"iRbk]j,(Bl"
成長,せいちょう,growth,pertumbuhan,JLPT JLPT_2 JLPT_3,lSq)ru5`@&
生長,せいちょう,growth,pertumbuhan,JLPT JLPT_2 JLPT_3,G5ys*Os]kn
制度,せいど,"system, institution","sistem, institusi",JLPT Intermediate_Japanese JLPT_3 JLPT_2 Intermediate_Japanese_Ln.14,]d3#w;wAU
青年,せいねん,"youth, young man","pemuda, anak muda",JLPT JLPT_2 JLPT_3,r|D|m%Ih@3
生年月日,せいねんがっぴ,birth date,tanggal lahir,JLPT JLPT_2 JLPT_3,H8|M5HOte?
製品,せいひん,"manufactured goods, finished goods","barang jadi, barang jadi",JLPT JLPT_2 JLPT_3,GY93^mZ;)a
政府,せいふ,"government, administration","pemerintahan, administrasi",JLPT Intermediate_Japanese Genki JLPT_3 JLPT_2 Intermediate_Japanese_Ln.15 Genki_Ln.21,zDQAHO%nD/
生物,せいぶつ,"living thing, organism","makhluk hidup, organisme",JLPT JLPT_2 JLPT_3,nx3;swk;nm
生命,せいめい,life,kehidupan,JLPT JLPT_2 JLPT_3,HfE8+JV[><
整理,せいり,"sorting, arrangement","penyortiran, pengaturan",JLPT JLPT_2 JLPT_3,zlHgN/N7&U
咳,せき,cough,batuk,JLPT Genki_Ln.12 JLPT_3 JLPT_2 Genki,yQ$e7`wCNr
石炭,せきたん,coal,batu bara,JLPT JLPT_2 JLPT_3,t&C>c}0]R(
責任,せきにん,"duty, responsibility","tugas, tanggung jawab",JLPT JLPT_2 JLPT_3,HKrlH:Fl)i
石油,せきゆ,"oil, petroleum, kerosene","minyak bumi, minyak bumi, minyak tanah",JLPT JLPT_2 JLPT_3,"gJm,E%Jb`a"
世間,せけん,"world, society","dunia, masyarakat",JLPT JLPT_2 JLPT_3,pFmc#=7y9*
説,せつ,theory,teori,JLPT JLPT_2 JLPT_3,kNv(nqwBQ3
積極的,せっきょくてき,"positive, active, proactive","positif, aktif, proaktif",JLPT JLPT_2 JLPT_3,zQ[EQ]wde[
設計,せっけい,"plan, design","rencana, desain",JLPT JLPT_2 JLPT_3,i>to8js@e$
絶対,ぜったい,"definitely, without fail, absoluteness","pastinya, tanpa gagal, kemutlakan",JLPT Intermediate_Japanese JLPT_3 JLPT_2 Intermediate_Japanese_Ln.7,"g,<A9qJmV)"
セット,セット,set,mengatur,JLPT JLPT_2 JLPT_3,qu4w*^0<Ni
愛,あい,love,Cinta,JLPT JLPT_2 JLPT_3,hFW1YrLt0]
相変わらず,あいかわらず,"as ever, as usual","seperti biasa, seperti biasa",JLPT JLPT_2 JLPT_3,Ojow^*$or
愛情,あいじょう,"love, affection","cinta, kasih sayang",JLPT JLPT_2 JLPT_3,Qzcx!}<3R3
合図,あいず,"sign, signal","tanda, isyarat",JLPT JLPT_2 JLPT_3,fU+XD$S~|s
アイスクリーム,アイスクリーム,ice cream,es krim,JLPT JLPT_2 JLPT_3,NP9A]*VE%:
愛する,あいする,to love,untuk mencintai,JLPT JLPT_2 JLPT_3,DeM>~uF)IC
相手,あいて,partner; addressee; the person you are talking to,mitra;,Genki Genki_Ln.22 Intermediate_Japanese Intermediate_Japanese_Ln.2 JLPT JLPT_2 JLPT_3,y[.4]/S_M)
あいにく,あいにく,unfortunately,Sayangnya,JLPT JLPT_2 JLPT_3,hzWiJ*CbeE
遭う,あう,"to meet, to encounter (undesirable nuance)","bertemu, bertemu (nuansa yang tidak diinginkan)",JLPT JLPT_2 JLPT_3,5(WM8:K%>
アウト,アウト,out,keluar,JLPT JLPT_2 JLPT_3,l:i}>N{A|}
明かり,あかり,"lamplight, light (in general)","cahaya lampu, cahaya (secara umum)",JLPT JLPT_2 JLPT_3,evqBji16kk
空き,あき,"vacancy, opening, space","kekosongan, pembukaan, ruang",JLPT JLPT_2 JLPT_3,o4~on{17B&
明らか,あきらか,"obvious, clear","jelas, jelas",JLPT JLPT_2 JLPT_3,xr&[9MdyXM
諦める,あきらめる,"to give up, to abandon","untuk menyerah, untuk meninggalkan",Genki Genki_Ln.14 Intermediate_Japanese Intermediate_Japanese_Ln.13 JLPT JLPT_2 JLPT_3,cVjy7W5yAS
飽きる,あきる,"to get tired of, to lose interest in","bosan, kehilangan minat",JLPT JLPT_2 JLPT_3,MTVy#<!xxJ
握手,あくしゅ,handshake,jabat tangan,JLPT JLPT_2 JLPT_3,BX@vSTsJMQ
悪魔,あくま,"devil, demon, evil spirit","setan, setan, roh jahat",JLPT JLPT_2 JLPT_3,gY|8LCMcvD
明ける,あける,"to dawn, to become daylight","hingga fajar, menjadi siang hari",JLPT JLPT_2 JLPT_3,QYMAJT+i|R
揚げる,あげる,"to lift, to fry","untuk mengangkat, menggoreng",JLPT JLPT_2 JLPT_3,kDT9EKS)@x
挙げる,あげる,"to raise; to list, to cite",untuk meningkatkan;,JLPT JLPT_2 JLPT_3,"GPil,F&M@,"
預かる,あずかる,to keep (something) for (someone),untuk menyimpan (sesuatu) untuk (seseorang),Intermediate_Japanese Intermediate_Japanese_Ln.10 JLPT JLPT_2 JLPT_3,n!!dea66oU
預ける,あずける,"to give into custody, to deposit","untuk menyerahkan ke dalam tahanan, untuk menyimpan",JLPT JLPT_2 JLPT_3,ITjUmdJ?SA
汗,あせ,"sweat, perspiration","keringat, keringat",JLPT JLPT_2 JLPT_3,L.:p?!w~-_
与える,あたえる,to give,untuk memberi,Intermediate_Japanese Intermediate_Japanese_Ln.5 JLPT JLPT_2 JLPT_3,GyK@0^nn9D
温かい,あたたかい,warm,hangat,JLPT JLPT_2 JLPT_3,QwQJvr;Yu/
暖まる,あたたまる,to warm up,untuk pemanasan,JLPT JLPT_2 JLPT_3,cRMS.07iEY
温まる,あたたまる,"to warm oneself, to get warm","untuk menghangatkan diri, untuk menjadi hangat",JLPT JLPT_2 JLPT_3,Cc_8n~b{Xr
暖める,あたためる,"to warm (up to someone/something), to heat (up to someone/something)","untuk menghangatkan (hingga seseorang/sesuatu), untuk memanaskan (hingga seseorang/sesuatu)",JLPT JLPT_2 JLPT_3,c^bO3wi-j`
温める,あたためる,"to warm, to heat","untuk menghangatkan, untuk memanaskan",JLPT JLPT_2 JLPT_3,nR%K+*);#2
辺り,あたり,"vicinity, nearby","sekitar, dekat",Intermediate_Japanese Intermediate_Japanese_Ln.6 JLPT JLPT_2 JLPT_3,Nhf6;`GIs6
当たり前,あたりまえ,"usual, common, obvious","biasa, umum, jelas",JLPT JLPT_2 JLPT_3,"F|qH}g,OWJ"
当たる,あたる,"to be hit, to be successful","untuk dipukul, untuk menjadi sukses",JLPT JLPT_2 JLPT_3,c~5${Vgwlg
あちこち,あちこち,here and there,di sana-sini,JLPT JLPT_2 JLPT_3,zllf&_UO$c
扱う,あつかう,"to treat, to handle, to deal with","untuk mengobati, untuk menangani, untuk menangani",Intermediate_Japanese Intermediate_Japanese_Ln.14 JLPT JLPT_2 JLPT_3,"o08cD,?4sA"
集まり,あつまり,"gathering, meeting, collection","berkumpul, bertemu, mengumpulkan",JLPT JLPT_2 JLPT_3,jBK/@[g6Hm
当てる,あてる,to hit; to apply to,untuk memukul;,JLPT JLPT_2 JLPT_3,z-r@1e!?]p
跡,あと,trace; remains; scar,jejak;,JLPT JLPT_2 JLPT_3,q{EbQ0$xa;
穴,あな,hole,lubang,JLPT JLPT_2 JLPT_3,J_{zaxL58i
油,あぶら,oil,minyak,JLPT JLPT_2 JLPT_3,h++g*X+)DT
脂,あぶら,fat,gemuk,JLPT JLPT_2 JLPT_3,yaI6J=&24M
誤り,あやまり,error,kesalahan,JLPT JLPT_2 JLPT_3,Q&O=zHLH43
粗,あら,"defect, flaw, fault","cacat, cacat, kesalahan",JLPT JLPT_2 JLPT_3,uo3L]S3}+n
嵐,あらし,storm,badai,JLPT JLPT_2 JLPT_3,"x>[,-C/.7:"
争う,あらそう,"to dispute, to argue, to fight","untuk berselisih, berdebat, berkelahi",JLPT JLPT_2 JLPT_3,gCt~zB/0M*
新た,あらた,"new, fresh","baru, segar",JLPT JLPT_2 JLPT_3,vUk>5+m4>^
あらゆる,あらゆる,"all, every","semua, setiap",JLPT JLPT_2 JLPT_3,fRH=B?!]8k
表す,あらわす,"to express, to show","untuk mengekspresikan, untuk menunjukkan",JLPT JLPT_2 JLPT_3,J4D9:Mg)~^
現す,あらわす,"to show, to appear, to reveal","untuk menunjukkan, untuk muncul, untuk mengungkapkan",JLPT JLPT_2 JLPT_3,"J};,Fjv6&g"
著す,あらわす,"to write, to publish","untuk menulis, untuk mempublikasikan",JLPT JLPT_2 JLPT_3,A}kQPl<:b_
現れ,あらわれ,"expression, indication, sign","ekspresi, indikasi, tanda",JLPT JLPT_2 JLPT_3,wIR$)+P>p)
現れる,あらわれる,"to appear (v.i.), to become visible; to express","untuk muncul (v.i.), menjadi terlihat;",JLPT Intermediate_Japanese JLPT_3 JLPT_2 Intermediate_Japanese_Ln.8,uNu]Gn1cS@
ありがとう,ありがとう,Thank you,Terima kasih,JLPT JLPT_2 JLPT_3,"BCk,]QT,C;"
在る; 有る,ある,"to live, to be, to exist","untuk hidup, menjadi, ada",JLPT JLPT_2 JLPT_3,ugXsXN3GZ/
或,ある,"a certain..., some...","tertentu..., beberapa...",JLPT JLPT_2 JLPT_3,fPA~S.(r2^
あるいは,あるいは,"or, perhaps","atau, mungkin",JLPT JLPT_2 JLPT_3,GpvtMObv5I
アルバム,アルバム,album,album,JLPT JLPT_2 JLPT_3,LY~;26p.Bn
泡,あわ,"bubble, foam","gelembung, busa",JLPT JLPT_2 JLPT_3,xuN<Cc$=0q
合わせる,あわせる,to combine,untuk digabungkan,JLPT Intermediate_Japanese JLPT_3 JLPT_2 Intermediate_Japanese_Ln.14,I=R#`?=:d[
慌てる,あわてる,to become confused、to panic,"menjadi bingung, panik",JLPT JLPT_2 JLPT_3,QKvMMW7GPN
哀れ,あわれ,"helpless, pity, pathetic","tak berdaya, kasihan, menyedihkan",JLPT JLPT_2 JLPT_3,Di(vg]NB]7
案,あん,"plan, scheme, proposal","rencana, skema, proposal",JLPT JLPT_2 JLPT_3,wa#Lw#FwSj
案外,あんがい,unexpectedly,mendadak,JLPT JLPT_2 JLPT_3,c{:][-]9cx
暗記,あんき,"memorization, learning by heart","menghafal, belajar dengan hati",JLPT JLPT_2 JLPT_3,J|(sO>=G;)
安定,あんてい,"stability, equilibrium","stabilitas, keseimbangan",JLPT JLPT_2 JLPT_3,tq=A(a}mBR
あんなに,あんなに,"to that extent, to that degree","sejauh itu, sampai pada tingkat itu",JLPT JLPT_2 JLPT_3,qL7ozV1EL!
あんまり,あんまり,"not very, not much","tidak terlalu, tidak banyak",JLPT JLPT_2 JLPT_3,nQM2*X0Uly
胃,い,stomach,perut,JLPT Intermediate_Japanese JLPT_3 JLPT_2 Intermediate_Japanese_Ln.12,J;|<l]nldO
委員,いいん,committee member,anggota komite,JLPT JLPT_2 JLPT_3,"yw,e]%D0#"
意外,いがい,"unexpected, surprising","tak terduga, mengejutkan",JLPT JLPT_2 JLPT_3,w~HVZz5(Yv
行き,いき,going,pergi,JLPT JLPT_2 JLPT_3,sv:5&WPn~-
行き,ゆき,going,pergi,JLPT JLPT_2 JLPT_3,Qo3!wH.:.8
息,いき,breath,napas,JLPT JLPT_2 JLPT_3,Mg6)U{FFzO
勢い,いきおい,"force, vigor, momentum","kekuatan, kekuatan, momentum",JLPT JLPT_2 JLPT_3,b/)jjg52IA
生き物,いきもの,"living thing, creature","makhluk hidup, makhluk",JLPT JLPT_2 JLPT_3,cJD+|G`QOg
いけない,いけない,"must not do, bad, wrong","tidak boleh melakukan, buruk, salah",JLPT JLPT_2 JLPT_3,rH~_kL3NSH
医師,いし,"doctor, physician","dokter, dokter",JLPT JLPT_2 JLPT_3,L]3urgx$u7
意思,いし,"intention, purpose","niat, tujuan",JLPT JLPT_2 JLPT_3,GeK4#dpi2R
意志,いし,"will, volition","kemauan, kemauan",JLPT JLPT_2 JLPT_3,F^=nB=4_Bt
維持,いじ,"maintenance, preservation","pemeliharaan, pelestarian",JLPT JLPT_2 JLPT_3,NkxQSQGjpb
意識,いしき,"consciousness, senses","kesadaran, indera",JLPT JLPT_2 JLPT_3,B.j@@N??C@
異常,いじょう,"strangeness, abnormality, disorder","keanehan, kelainan, ketidakteraturan",JLPT JLPT_2 JLPT_3,O08lYk-IK<
意地悪,いじわる,"malicious, mean, unkind","jahat, kejam, tidak baik",JLPT JLPT_2 JLPT_3,Q2_n%:>L!6
泉,いずみ,"spring, fountain","musim semi, air mancur",JLPT JLPT_2 JLPT_3,l*ms=cUi*A
いずれ,いずれ,"where, which, who","dimana, yang mana, siapa",JLPT JLPT_2 JLPT_3,tyll~{/>;}
以前,いぜん,in the past; before,di masa lalu;,JLPT Intermediate_Japanese JLPT_3 JLPT_2 Intermediate_Japanese_Ln.15,vzioeTDgh&
板,いた,"board, plank","papan, papan",JLPT JLPT_2 JLPT_3,rTsp9B=&#y
偉大,いだい,greatness,kebesaran,JLPT JLPT_2 JLPT_3,Dj58mSmcXd
抱く,いだく,"to hold (v.t.) (written expression), to embrace, to harbor","untuk memegang (v.t.) (ekspresi tertulis), untuk merangkul, untuk menampung",JLPT Intermediate_Japanese JLPT_3 JLPT_2 Intermediate_Japanese_Ln.8,bnBW}<VC5Y
いたずら,いたずら,"trick, practical joke","trik, lelucon praktis",JLPT JLPT_2 JLPT_3,GffoWqmg)Q
いただきます,いただきます,expression of gratitude before meals,ungkapan terima kasih sebelum makan,JLPT JLPT_2 JLPT_3,jhTihku]b|
痛み,いたみ,"pain, ache, sore","sakit, sakit, perih",JLPT JLPT_2 JLPT_3,fCH])@V^N}
至る,いたる,"to come, to arrive","untuk datang, untuk tiba",JLPT JLPT_2 JLPT_3,go_hN=pqmn
市,いち,"market, fair","pasar, adil",JLPT_1 JLPT JLPT_2 JLPT_3,b}j[=OS2%d
位置,いち,"place, position","tempat, posisi",JLPT JLPT_2 JLPT_3,rRL{bp[klU
一時,いちじ,"for a time, temporarily","untuk sementara waktu, sementara",JLPT JLPT_2 JLPT_3,rZn?lv+;:4
一度に,いちどに,all at once,sekaligus,JLPT JLPT_2 JLPT_3,AK)V=Yq3mS
市場,いちば,"market, bazaar","pasar, bazar",JLPT JLPT_2 JLPT_3,DBqN2uJ#li
いつか,いつか,"sometime, one day","suatu saat, suatu hari",JLPT JLPT_2 JLPT_3,FR_y9u}n#<
一家,いっか,"family, clan","keluarga, klan",JLPT JLPT_2 JLPT_3,l/wm^:qD$x
一種,いっしゅ,"a species, a kind, a variety","suatu spesies, suatu jenis, suatu keanekaragaman",JLPT JLPT_2 JLPT_3,sn._eGR[}-
一瞬,いっしゅん,"a moment, an instant","sesaat, sekejap",JLPT JLPT_2 JLPT_3,Qq!{_/r0wa
一生,いっしょう,throughout (one's) life,sepanjang hidup (seseorang).,JLPT Intermediate_Japanese JLPT_3 JLPT_2 Intermediate_Japanese_Ln.8,AtHZ6K9AwM
一層,いっそう,"much more, still more","masih banyak lagi, masih banyak lagi",JLPT JLPT_2 JLPT_3,CjCbT!QO~}
一体,いったい,one object; body; what on earth?; generally,satu objek;,JLPT JLPT_2 JLPT_3,K?hP0<cU>&
一致,いっち,agreement; conformity,perjanjian;,JLPT JLPT_2 JLPT_3,ysxIQslQyD
いつでも,いつでも,"(at) any time, always","(pada) kapan saja, selalu",JLPT JLPT_2 JLPT_3,N>sX%eJi!w
いつのまにか,いつのまにか,before one knows,sebelum ada yang mengetahuinya,JLPT JLPT_2 JLPT_3,D<V5f@i{!T
一般,いっぱん,"general, average","umum, rata-rata",JLPT JLPT_2 JLPT_3,mhggl5@LT?
一方,いっぽう,on the other hand; meanwhile,di sisi lain;,JLPT JLPT_2 JLPT_3,ta7h-#VP%b
いつまでも,いつまでも,"forever, for good, eternally","selamanya, selamanya, selamanya",JLPT JLPT_2 JLPT_3,r@zE/Lc+82
移動,いどう,"migration, movement","migrasi, perpindahan",JLPT JLPT_2 JLPT_3,yz:o#%V|;@
従兄弟,いとこ,cousin (male),sepupu (laki-laki),JLPT JLPT_2 JLPT_3,CcBJPKt<s5
従姉妹,いとこ,cousin (female),sepupu (perempuan),JLPT JLPT_2 JLPT_3,s78r`;/ON~
稲,いね,rice-plant,tanaman padi,JLPT JLPT_2 JLPT_3,HQD[kKI--m
居眠り,いねむり,"dozing, nodding off","tertidur, tertidur",JLPT JLPT_2 JLPT_3,p&}.agckN6
命,いのち,life,kehidupan,JLPT JLPT_2 JLPT_3,"z7V@a,~`Re"
違反,いはん,"violation (of law), infringement","pelanggaran (hukum), pelanggaran",JLPT JLPT_2 JLPT_3,jOqAs(GP-H
衣服,いふく,clothes,pakaian,JLPT JLPT_2 JLPT_3,pHoA66%Mk&
居間,いま,living room,ruang tamu,JLPT JLPT_2 JLPT_3,G/@=.gt:M?
今に,いまに,"before long, soon","tak lama lagi, segera",JLPT JLPT_2 JLPT_3,E1NlCS5^&;
今にも,いまにも,"at any time, soon","kapan saja, segera",JLPT JLPT_2 JLPT_3,Kiwg*7Fayc
イメージ,イメージ,one's image,gambar seseorang,JLPT JLPT_2 JLPT_3,m5PWtQuC8
否,いや,"no, the noes","tidak, tidak",JLPT JLPT_2 JLPT_3,t%b|d?y!x;
以来,いらい,"since, henceforth","sejak itu, selanjutnya",JLPT JLPT_2 JLPT_3,wKMM5>=Rhf
依頼,いらい,request; dependence,meminta;,JLPT Intermediate_Japanese JLPT_3 JLPT_2 Intermediate_Japanese_Ln.15,"A,;GX*Z1pN"
いらいら,いらいら,"getting nervous, irritation","menjadi gugup, iritasi",JLPT JLPT_2 JLPT_3,cX)s!En;S_
いらっしゃい,いらっしゃい,welcome,selamat datang,JLPT JLPT_2 JLPT_3,c2%8d/UU0k
医療,いりょう,"medical care, medical treatment","perawatan medis, perawatan medis",JLPT JLPT_2 JLPT_3,kJzii8E*wG
岩,いわ,rock,batu,JLPT JLPT_2 JLPT_3,G|eL<b]=]q
祝い,いわい,"celebration, festival","perayaan, festival",JLPT JLPT_2 JLPT_3,GZfmX5Jx8(
祝う,いわう,"to congratulate, to celebrate","untuk memberi selamat, untuk merayakan",JLPT JLPT_2 JLPT_3,X@UPs?&].
言わば,いわば,so to speak,bisa dikatakan begitu,JLPT JLPT_2 JLPT_3,ISB~|Yz?TD
いわゆる,いわゆる,"the so-called, so-to-speak","yang disebut, boleh dikatakan begitu",JLPT Intermediate_Japanese JLPT_3 JLPT_2 Intermediate_Japanese_Ln.14,pIL=hHO-Je
インク,インク,ink,tinta,JLPT JLPT_2 JLPT_3,q1l^_2FS@C
印刷,いんさつ,printing,pencetakan,JLPT JLPT_2 JLPT_3,M!0uun/z}U
印象,いんしょう,impression,kesan,JLPT JLPT_2 JLPT_3,Q*RbG8|1@p
引退,いんたい,retirement,masa pensiun,JLPT JLPT_2 JLPT_3,CiE>>/IlUa
インタビュー,インタビュー,interview,wawancara,JLPT Intermediate_Japanese JLPT_3 JLPT_2 Intermediate_Japanese_Ln.15,Lr#jpXZo&{
引用,いんよう,"quotation, citation","kutipan, kutipan",JLPT JLPT_2 JLPT_3,mgmTGyy@R!
ウイスキー,ウイスキー,whiskey,wiski,JLPT JLPT_2 JLPT_3,pU);qhPs)v
上,うわ,"upper, outer, surface","atas, luar, permukaan",JLPT JLPT_2 JLPT_3,Alx@.Upj.V
魚,うお,fish,ikan,JLPT JLPT_2 JLPT_3,"OhV1B,p7lY"
うがい,うがい,gargling,berkumur,JLPT Intermediate_Japanese JLPT_3 JLPT_2 Intermediate_Japanese_Ln.12,k@]kPJW~yl
受け取る,うけとる,"to receive, to get, to accept","untuk menerima, untuk mendapatkan, untuk menerima",JLPT JLPT_2 JLPT_3,"Jr/,h++/bg"
動かす,うごかす,"to move, to shift","untuk bergerak, untuk bergeser",JLPT JLPT_2 JLPT_3,NB>1{PM|;}
兎,うさぎ,"rabbit, hare","kelinci, kelinci",JLPT JLPT_2 JLPT_3,"fu:N<z:T,%"
牛,うし,"cattle, cow","sapi, sapi",JLPT Intermediate_Japanese JLPT_3 JLPT_2 Intermediate_Japanese_Ln.10,f~4k*~tyLI
失う,うしなう,"to lose, to part with","untuk kalah, untuk berpisah",JLPT Intermediate_Japanese JLPT_3 JLPT_2 Intermediate_Japanese_Ln.14,pYDJ7QMJY3
疑う,うたがう,"to doubt, to distrust","ragu, tidak percaya",JLPT JLPT_2 JLPT_3,rNjW1$Ny&Q
宇宙,うちゅう,"universe, cosmos, space","alam semesta, kosmos, ruang",JLPT JLPT_2 JLPT_3,z$:a2a^Sj:
討つ,うつ,"to attack, to avenge","untuk menyerang, untuk membalas",JLPT JLPT_2 JLPT_3,PyYz(3~uk@
撃つ,うつ,"to attack, to shoot","untuk menyerang, menembak",JLPT JLPT_2 JLPT_3,E~&l5[EXS/
うっかり,うっかり,carelessly; inadvertently,sembarangan;,JLPT Intermediate_Japanese JLPT_3 JLPT_2 Intermediate_Japanese_Ln.15,e}eZDDJ?#=
映す,うつす,"to project, to reflect, to cast (shadow)","memproyeksikan, merefleksikan, melemparkan (bayangan)",JLPT JLPT_2 JLPT_3,v%$=^xk|L|
訴える,うったえる,"to complain, to appeal, to sue (a person)","untuk mengeluh, mengajukan banding, menuntut (seseorang)",JLPT Intermediate_Japanese JLPT_3 JLPT_2 Intermediate_Japanese_Ln.12,q3vDC2@R>l
写る,うつる,"to be photographed, to be projected","untuk difoto, untuk diproyeksikan",JLPT JLPT_2 JLPT_3,CI<Sr}lwt|
映る,うつる,"to be reflected, to come out (photo)","untuk dipantulkan, untuk keluar (foto)",JLPT JLPT_2 JLPT_3,b:A%=5OyPu
うなる,うなる,"to groan, to moan","mengerang, mengerang",JLPT JLPT_2 JLPT_3,s+o0tk>SxK
奪う,うばう,"to rob, to deprive","merampok, merampas",JLPT JLPT_2 JLPT_3,wyO.=2:4&2
馬,うま,horse; promoted bishop (in Japanese chess known as shogi),kuda;,JLPT Intermediate_Japanese JLPT_3 JLPT_2 Intermediate_Japanese_Ln.10,I-Qwz&8r5B
生まれ,うまれ,"birth, birth-place","kelahiran, tempat lahir",JLPT JLPT_2 JLPT_3,deVvQ9]dKk
有無,うむ,"yes or no, presence or absence","ya atau tidak, ada atau tidaknya",JLPT JLPT_2 JLPT_3,q6A?^f?DMI
梅,うめ,"plum, lowest (of a three-tier ranking system)","plum, terendah (dari sistem peringkat tiga tingkat)",JLPT JLPT_2 JLPT_3,unQPf%DK.[
埋める,うめる,"to bury, to fill up, to fill (a seat, a vacant position)","untuk mengubur, untuk mengisi, untuk mengisi (kursi, posisi kosong)",JLPT JLPT_2 JLPT_3,wtEE639hh4
裏切る,うらぎる,"to betray, to turn traitor","untuk mengkhianati, untuk berubah menjadi pengkhianat",JLPT JLPT_2 JLPT_3,hCN[eLWk|~
羨ましい,うらやましい,"envious, enviable","iri, patut ditiru",JLPT JLPT_2 JLPT_3,P/?}=]sJqp
売れる,うれる,to be sold,untuk dijual,JLPT JLPT_2 JLPT_3,"wjQK4P,#&y"
噂,うわさ,"rumor, gossip","rumor, gosip",JLPT JLPT_2 JLPT_3,iJw30XJ732
運,うん,"fortune, luck","keberuntungan, keberuntungan",JLPT JLPT_2 JLPT_3,"niW>.BR,WX"
運転,うんてん,"operation, driving","operasi, mengemudi",JLPT JLPT_2 JLPT_3,x@0Upz+IK7
柄,え,"handle (of a sword, dagger, etc.), grip","pegangan (pedang, belati, dll.), pegangan",JLPT_1 JLPT JLPT_2 JLPT_3,vAFwXg-!s2
永遠,えいえん,"eternity, perpetuity, immortality","keabadian, keabadian, keabadian",JLPT JLPT_2 JLPT_3,DxPif#CAiw
永久,えいきゅう,"eternity, perpetuity, immortality","keabadian, keabadian, keabadian",JLPT JLPT_2 JLPT_3,"H2N,Hwk+O>"
影響,えいきょう,"influence, effect","pengaruh, efek",JLPT Intermediate_Japanese JLPT_3 JLPT_2 Intermediate_Japanese_Ln.9,xzq]$1i3z}
営業,えいぎょう,"business, trade, management","bisnis, perdagangan, manajemen",JLPT JLPT_2 JLPT_3,xesLH`A]]j
衛星,えいせい,satellite,satelit,JLPT_1 JLPT JLPT_2 JLPT_3,mODPl+GnJ<
栄養,えいよう,"nutrition, nourishment","nutrisi, nutrisi",JLPT JLPT_2 JLPT_3,D*<eW1UGaQ
笑顔,えがお,smile (on one's face),senyuman (di wajah seseorang),JLPT Intermediate_Japanese JLPT_3 JLPT_2 Intermediate_Japanese_Ln.11,"ck|m~NB,1+"
描く,えがく,"to draw, to depict, to describe","menggambar, menggambarkan, mendeskripsikan",JLPT JLPT_2 JLPT_3,A%|&4/hW0O
餌,えさ,"feed, bait","pakan, umpan",JLPT JLPT_2 JLPT_3,kFT)$ftn@z
エネルギー,エネルギー,energy (GER: energie),energi (GER: energie),JLPT JLPT_2 JLPT_3,z36oBXl-RE
得る,える,"to get, to gain, to win, to learn","untuk mendapatkan, untuk mendapatkan, untuk menang, untuk belajar",JLPT Intermediate_Japanese JLPT_3 JLPT_2 Intermediate_Japanese_Ln.11,v$jA3Lrsi]
得る,うる,"to get, to gain, to win","untuk mendapatkan, untuk mendapatkan, untuk menang",JLPT JLPT_2 JLPT_3,sT#y1FGTc!
円,えん,"circle, yen","lingkaran, yen",JLPT JLPT_2 JLPT_3,lsb6<icN4?
延期,えんき,"postponement, adjournment","penundaan, penundaan",JLPT JLPT_2 JLPT_3,DUXFS%Wd#v
演技,えんぎ,"acting, performance","akting, pertunjukan",JLPT JLPT_2 JLPT_3,IH<gd>zmOh
援助,えんじょ,"assistance, aid, support","bantuan, bantuan, dukungan",JLPT JLPT_2 JLPT_3,h`{I^&2VL&
エンジン,エンジン,engine,mesin,JLPT JLPT_2 JLPT_3,qw.wG*b!Qa
演説,えんぜつ,"speech, address","pidato, alamat",JLPT JLPT_2 JLPT_3,ubLUzysT08
演奏,えんそう,musical performance,pertunjukan musik,JLPT JLPT_2 JLPT_3,G9]&KRGi[P
老い,おい,"old age, the aged","usia tua, yang lanjut usia",JLPT JLPT_2 JLPT_3,"Hz1%S/^$?,"
追い付く,おいつく,"to overtake, to catch up (with)","untuk menyalip, untuk mengejar (dengan)",JLPT JLPT_2 JLPT_3,g{~7a$v2sm
王,おう,king,raja,JLPT JLPT_2 JLPT_3,k#_<4ay=~G
追う,おう,"to chase, to run after","untuk mengejar, untuk mengejar",JLPT JLPT_2 JLPT_3,x%>16|CvCA
応援,おうえん,"aid, assistance, help","bantuan, bantuan, pertolongan",JLPT JLPT_2 JLPT_3,NDS^Ak)|LB
王様,おうさま,king,raja,JLPT JLPT_2 JLPT_3,nKPemrJ_V5
王子,おうじ,prince,pangeran,JLPT JLPT_2 JLPT_3,"L`,J_WL+]h"
応じる,おうじる,"to adapt, to respond, to comply with","untuk beradaptasi, merespons, mematuhi",JLPT Intermediate_Japanese JLPT_3 JLPT_2 Intermediate_Japanese_Ln.14,"xK:s,vBFc7"
横断,おうだん,crossing,persimpangan,JLPT JLPT_2 JLPT_3,z/T^y6%uiO
終える,おえる,to finish,untuk menyelesaikan,JLPT JLPT_2 JLPT_3,"hO,Zn$Rx<F"
大いに,おおいに,"much, considerably (same as 大変 (たいへん)), greatly","banyak, sangat (sama dengan 大変 (たいへん)), sangat",JLPT Intermediate_Japanese JLPT_3 JLPT_2 Intermediate_Japanese_Ln.13,fVz%iJ3-E?
覆う,おおう,"to cover, to hide, to conceal","untuk menutupi, untuk menyembunyikan, untuk menyembunyikan",JLPT JLPT_2 JLPT_3,Lm%oB!j+E)
大家,おおや,landlord,tuan tanah,JLPT JLPT_2 JLPT_3,gc9}{t}#g|
丘,おか,"hill, height","bukit, tinggi",JLPT JLPT_2 JLPT_3,j@=CkW8>0!
沖,おき,open sea,laut terbuka,JLPT JLPT_2 JLPT_3,d?Pt2wu__v
奥,おく,"interior, inner part","interior, bagian dalam",JLPT JLPT_2 JLPT_3,V}(}>#0tD
贈る,おくる,"to present, to give to, to award to","untuk menyajikan, memberi, memberi penghargaan kepada",JLPT JLPT_2 JLPT_3,rV3X4}6{nQ
起こる,おこる,"to occur, to happen","terjadi, terjadi",JLPT JLPT_2 JLPT_3,jY1}sGq4X}
押える,おさえる,"to stop, to restrain, to press down","untuk berhenti, untuk menahan, untuk menekan",JLPT JLPT_2 JLPT_3,Om1hU>MYS0
幼い,おさない,"very young, childish","sangat muda, kekanak-kanakan",JLPT JLPT_2 JLPT_3,uA[`]K&k.D
収める,おさめる,"to store to pay, to supply","untuk menyimpan untuk membayar, untuk memasok",JLPT JLPT_2 JLPT_3,jL2$>p8($[
納める,おさめる,"to store to pay, to supply","untuk menyimpan untuk membayar, untuk memasok",JLPT JLPT_2 JLPT_3,I#wxPQAM&H
治める,おさめる,"to govern, to manage; to subdue","untuk memerintah, untuk mengelola;",JLPT JLPT_2 JLPT_3,Groy5Mh=b[
お辞儀,おじぎ,bow,busur,JLPT JLPT_2 JLPT_3,N&e8jCT!9`
お洒落,おしゃれ,"smartly dressed, fashion-conscious","berpakaian rapi, sadar mode",JLPT JLPT_2 JLPT_3,q1.@7#(;?<
お喋り,おしゃべり,"chattering, talk","mengobrol, berbicara",JLPT JLPT_2 JLPT_3,J0fhZBKfSu
汚染,おせん,"pollution, contamination","polusi, kontaminasi",JLPT JLPT_2 JLPT_3,I?+Cu[l]f]
恐らく,おそらく,perhaps,mungkin,JLPT JLPT_2 JLPT_3,kL/tl<Mv0J
恐れる,おそれる,"to fear, to be afraid of","untuk takut, untuk ditakuti",JLPT JLPT_2 JLPT_3,x;Xt$GbU:n
恐ろしい,おそろしい,"terrible, dreadful","mengerikan, mengerikan",JLPT JLPT_2 JLPT_3,JGyLnws+gz
教わる,おそわる,to be taught,untuk diajarkan,JLPT JLPT_2 JLPT_3,"j.|V-R,hM8"
お互い,おたがい,"mutual, reciprocal, each other","saling, timbal balik, satu sama lain",JLPT Intermediate_Japanese JLPT_3 JLPT_2 Intermediate_Japanese_Ln.1,"I%(y!,oeu|"
穏やか,おだやか,"calm, gentle, quiet","tenang, lembut, tenang",JLPT JLPT_2 JLPT_3,iQhH7HaHk_
男の人,おとこのひと,man,pria,JLPT JLPT_3 JLPT_2 Genki_Ln.7 Genki,Bqnqcw;5C8
大人しい,おとなしい,"obedient, docile, quiet","patuh, patuh, pendiam",JLPT JLPT_2 JLPT_3,NiKO$K>WA9
劣る,おとる,"to fall behind, to be inferior to","tertinggal, menjadi inferior",JLPT JLPT_2 JLPT_3,Kb0v_SukC>
鬼,おに,"ogre, demon, 'it' (e.g.,in a game of tag)","ogre, setan, 'itu' (misalnya, dalam permainan kejar-kejaran)",JLPT JLPT_2 JLPT_3,Ewa5_MZt)z
帯,おび,"band, sash","pita, selempang",JLPT JLPT_2 JLPT_3,x^<)4<JIn8
お昼,おひる,"lunch, noon","makan siang, siang",JLPT JLPT_2 JLPT_3,"QU,c7/WKET"
オフィス,オフィス,office,kantor,JLPT JLPT_2 JLPT_3,t+v1qGjm`2
溺れる,おぼれる,"to be drowned, to indulge in","untuk ditenggelamkan, untuk dinikmati",JLPT JLPT_2 JLPT_3,L6mI#frmDD
お前,おまえ,"you (sing), presence (of a high personage)","kamu (bernyanyi), kehadiran (tokoh tinggi)",JLPT JLPT_2 JLPT_3,kiGe-uw>iW
おめでとう,おめでとう,"Congratulations!, an auspicious occasion!","Selamat!, kesempatan yang baik!",JLPT JLPT_2 JLPT_3,IjwH:94kN^
お目に掛かる,おめにかかる,"meet ~, see ~","bertemu ~, lihat ~",JLPT JLPT_2 JLPT_3,O[qSUns&-f
思い付く,おもいつく,"to think of, to hit upon","untuk memikirkan, untuk mencapai",JLPT JLPT_2 JLPT_3,phC=E!Uzsp
思い出,おもいで,"memories, recollections, reminiscence","kenangan, kenangan, kenangan",JLPT JLPT_3 JLPT_2 Genki_Ln.23 Genki,C>r<Y|QfhA
主に,おもに,"mainly, primarily","terutama, terutama",JLPT JLPT_2 JLPT_3,KJv^Ck6t)-
思わず,おもわず,"unintentional, spontaneous","tidak disengaja, spontan",JLPT JLPT_2 JLPT_3,mqEM$vUJ]Z
泳ぎ,およぎ,swimming,renang,JLPT JLPT_2 JLPT_3,p%YEcD<#qK
およそ,およそ,"about, roughly, approximately","tentang, kira-kira, kira-kira",JLPT JLPT_2 JLPT_3,cmb!OC{1dV
及ぼす,およぼす,"to exert, to cause, to exercise","untuk mengerahkan, menyebabkan, untuk berolahraga",JLPT JLPT_2 JLPT_3,lC%7ty:^eB
下す,おろす,"to lower, to let go down","untuk menurunkan, untuk melepaskan",JLPT JLPT_2 JLPT_3,JRZI*AHd)D
降ろす,おろす,"to take down, to launch, to drop","untuk mencatat, meluncurkan, menjatuhkan",JLPT JLPT_2 JLPT_3,PQD_mXy>W.
卸す,おろす,"to sell wholesale, grated (vegetables)","untuk menjual grosir, parut (sayuran)",JLPT JLPT_2 JLPT_3,GT*kAh$cd0
音,おん,"sound, note","suara, perhatikan",JLPT JLPT_2 JLPT_3,gkN]*wY]?s
恩,おん,"favor, obligation, debt of gratitude","nikmat, kewajiban, hutang budi",JLPT JLPT_2 JLPT_3,"A4Iq0-B@,;"
温暖,おんだん,warmth,kehangatan,JLPT JLPT_2 JLPT_3,N&n<_QP1.Q
温度,おんど,temperature,suhu,JLPT JLPT_2 JLPT_3,NA1Ge#l-~k
可,か,passable,mendingan,JLPT JLPT_2 JLPT_3,l:l&EInHym
蚊,か,mosquito,nyamuk,JLPT JLPT_3 JLPT_2 Genki Genki_Ln.21,j=4=()Uwi2
課,か,"department, division","departemen, divisi",JLPT JLPT_2 JLPT_3,QQ1!.:!+a[
カー,カー,car,mobil,JLPT JLPT_2 JLPT_3,o!p+_Rb<h*
カード,カード,"card, curd","kartu, dadih",JLPT JLPT_2 JLPT_3,"F,Np^@m5hi"
貝,かい,"shell, shellfish","kerang, kerang",JLPT JLPT_2 JLPT_3,HNd6/BU{>X
害,がい,"harm, damage","bahaya, kerusakan",JLPT JLPT_2 JLPT_3,g|Fzqe^$7$
会員,かいいん,"member, the membership","anggota, keanggotaan",JLPT JLPT_2 JLPT_3,li]JQ4<Kd[
絵画,かいが,"picture, painting","gambar, lukisan",JLPT JLPT_2 JLPT_3,emKUHOyrV`
海外,かいがい,"foreign, abroad, overseas","asing, luar negeri, luar negeri",JLPT JLPT_2 JLPT_3,qq4=IgxkU<
会計,かいけい,"account, finance","akun, keuangan",JLPT JLPT_2 JLPT_3,bX?OL%f/L+
解決,かいけつ,"settlement, solution, resolution","penyelesaian, solusi, resolusi",JLPT JLPT_2 JLPT_3,rmn(v?B?3g
会合,かいごう,"meeting, assembly","pertemuan, pertemuan",JLPT JLPT_2 JLPT_3,f9BQ|i/j|}
外交,がいこう,diplomacy,diplomasi,JLPT JLPT_2 JLPT_3,A]90<@ohwE
開始,かいし,"start, commencement, beginning","mulai, dimulainya, dimulai",JLPT JLPT_2 JLPT_3,qgkolirBJK
解釈,かいしゃく,"explanation, interpretation","penjelasan, interpretasi",JLPT JLPT_2 JLPT_3,Ih/AkEg/|E
外出,がいしゅつ,"outing, going out","jalan-jalan, keluar",JLPT JLPT_2 JLPT_3,Ol@%UFQ/rD
改善,かいぜん,"betterment, improvement","perbaikan, perbaikan",JLPT JLPT_2 JLPT_3,fv+>GYURp:
快適,かいてき,"pleasant, agreeable","menyenangkan, menyenangkan",JLPT JLPT_2 JLPT_3,Bh^`k;OTy|
回復,かいふく,"recovery (from illness), rehabilitation, restoration","pemulihan (dari penyakit), rehabilitasi, restorasi",JLPT JLPT_2 JLPT_3,wc6OB#:n9.
飼う,かう,to keep; to own (a pet); to raise; to feed,untuk menjaga;,JLPT Genki_Ln.11 JLPT_3 JLPT_2 Genki,wfURRt4tC[
帰す,かえす,to send back,untuk mengirim kembali,JLPT JLPT_2 JLPT_3,LZ<.!]FC|8
代える,かえる,"to exchange, to interchange, to substitute","untuk bertukar, untuk menukar, untuk menggantikan",JLPT JLPT_2 JLPT_3,Ccj6!`~jPu
替える,かえる,"to exchange, to interchange, to substitute","untuk bertukar, untuk menukar, untuk menggantikan",JLPT JLPT_2 JLPT_3,"Fv2F,v+u]8"
換える,かえる,"to exchange, to interchange, to substitute","untuk bertukar, untuk menukar, untuk menggantikan",JLPT JLPT_3 JLPT_2 Genki_Ln.23 Genki,mmtj;wD(Zd
反る,かえる,"to warp, to be warped, to curve","melengkung, melengkung, melengkung",JLPT JLPT_2 JLPT_3,"vDLMxa,sN/"
香り,かおり,"aroma, fragrance","aroma, wewangian",JLPT JLPT_2 JLPT_3,me}_g<26n*
画家,がか,painter,pelukis,JLPT JLPT_2 JLPT_3,Pl:-st.KZ+
抱える,かかえる,to hold or carry under or in the arms,untuk memegang atau membawa di bawah atau di lengan,JLPT JLPT_2 JLPT_3,"PQR[r=WB$,"
価格,かかく,"price, value","harga, nilai",JLPT JLPT_2 JLPT_3,xFP@p4LxH5
化学,かがく,chemistry,kimia,JLPT JLPT_2 JLPT_3,Sh/.K7MGJ
輝く,かがやく,"to shine, to glitter, to sparkle","bersinar, berkilau, berkilau",JLPT JLPT_2 JLPT_3,Dzyp)tD%e
係,かかり,person in charge,orang yang bertanggung jawab,JLPT JLPT_2 JLPT_3,Q&QZSK._J<
罹る,かかる,to suffer from,untuk menderita,JLPT JLPT_2 JLPT_3,h_Phc0xEm%
限る,かぎる,"to restrict, to limit, to confine","membatasi, membatasi, membatasi",JLPT JLPT_2 JLPT_3,Ku)jdi.uTn
掻く,かく,to scratch,untuk menggaruk,JLPT JLPT_2 JLPT_3,K):N$B19m+
描く,かく,"to draw, to depict, to describe","menggambar, menggambarkan, mendeskripsikan",JLPT JLPT_2 JLPT_3,grO;5{y}I|
嗅ぐ,かぐ,"to sniff, to smell","untuk mengendus, untuk mencium",JLPT JLPT_2 JLPT_3,vaKqc&PyP9
家具,かぐ,furniture,mebel,Genki_Ln.15 JLPT JLPT_3 JLPT_2 Genki,gqN}MYosw6
学,がく,"learning, knowledge","belajar, pengetahuan",JLPT JLPT_2 JLPT_3,w:XhV>-rir
額,がく,amount; frame,jumlah;,JLPT JLPT_2 JLPT_3,iG]&$wbDKv
覚悟,かくご,"resolution, resignation, readiness","resolusi, pengunduran diri, kesiapan",JLPT JLPT_2 JLPT_3,j/*:m6x0J)
確実,かくじつ,"certainty, reliability, soundness","kepastian, keandalan, kesehatan",JLPT JLPT_2 JLPT_3,Nzie2SM<&O
学者,がくしゃ,scholar,sarjana,JLPT JLPT_2 JLPT_3,RamhNRc=y:
学習,がくしゅう,"study, learning","belajar, belajar",JLPT JLPT_2 JLPT_3,PHg7|5Zlfd
隠す,かくす,"to hide, to conceal","untuk menyembunyikan, untuk menyembunyikan",JLPT JLPT_2 JLPT_3,vMufH!:aAV
拡大,かくだい,"magnification, enlargement","pembesaran, pembesaran",JLPT JLPT_2 JLPT_3,f7kQq91Ua<
確認,かくにん,"affirmation, confirmation","afirmasi, konfirmasi",JLPT JLPT_2 JLPT_3,kk{ITQ}D*5
学問,がくもん,"scholarship, study, learning","beasiswa, belajar, belajar",JLPT JLPT_2 JLPT_3,Jk{+Uk9@=d
隠れる,かくれる,"to hide, to be hidden","untuk bersembunyi, untuk disembunyikan",JLPT JLPT_2 JLPT_3,Iv9k~&!9Sa
影,かげ,"shade, shadow, other side","naungan, bayangan, sisi lain",JLPT JLPT_2 JLPT_3,e~q8TnSV#A
陰,かげ,"shade, shadow, other side","naungan, bayangan, sisi lain",JLPT JLPT_2 JLPT_3,JZ1GmL8t.y
欠ける,かける,to be lacking,menjadi kurang,JLPT JLPT_2 JLPT_3,c*r`UH]nG8
加減,かげん,adjustment; addition and subtraction,pengaturan;,JLPT JLPT_2 JLPT_3,h.?lP}8!)~
過去,かこ,past,masa lalu,JLPT Intermediate_Japanese JLPT_3 JLPT_2 Intermediate_Japanese_Ln.13,"dbDE7?,;2l"
籠,かご,"basket, cage","keranjang, kandang",JLPT JLPT_2 JLPT_3,nt-Kbv73>]
囲む,かこむ,"to surround, to encircle","untuk mengelilingi, untuk mengelilingi",JLPT JLPT_2 JLPT_3,"AC8Gt39]%,"
火災,かさい,"conflagration, fire","kebakaran besar, kebakaran",JLPT JLPT_2 JLPT_3,C?jW[uV]~u
重なる,かさなる,"to be piled up, lie on top of one another","untuk ditumpuk, berbaring di atas satu sama lain",JLPT JLPT_2 JLPT_3,qEGvs]3ApH
重ねる,かさねる,"to pile up, to put something on another, to heap up","untuk menumpuk, untuk meletakkan sesuatu pada yang lain, untuk menumpuk",JLPT JLPT_2 JLPT_3,i%7_$Pa~m]
飾り,かざり,decoration,dekorasi,JLPT JLPT_2 JLPT_3,b$htguAWNP
貸し,かし,"loan, lending","pinjaman, pinjaman",JLPT JLPT_2 JLPT_3,hK1t$y~&<
菓子,かし,"confectionery, sweet","kembang gula, manis",JLPT JLPT_2 JLPT_3,uK+`Lg$t0E
家事,かじ,household matters; housework (same as 家の仕事 (いえのしごと)),urusan rumah tangga;,JLPT Intermediate_Japanese JLPT_3 JLPT_2 Intermediate_Japanese_Ln.14 Genki_Ln.22 Genki,oS4iCB;y-f
賢い,かしこい,"wise, clever, smart","bijaksana, pintar, pintar",JLPT JLPT_2 JLPT_3,rE7F6b61Rm
歌手,かしゅ,singer,penyanyi,JLPT Genki_Ln.11 JLPT_3 JLPT_2 Genki,NmC8EM=]mA
数,かず,"number, figure, amount","angka, angka, jumlah",JLPT Intermediate_Japanese JLPT_3 JLPT_2 Intermediate_Japanese_Ln.3,DD:chgc^KO
稼ぐ,かせぐ,"to earn income, to labor","untuk mendapatkan penghasilan, untuk bekerja",JLPT JLPT_2 JLPT_3,rzTOas5wcB
数える,かぞえる,to count,untuk menghitung,JLPT JLPT_2 JLPT_3,J-q>{61#D9
型,かた,"mold, model, style","cetakan, model, gaya",JLPT JLPT_2 JLPT_3,p8F!A2no<N
肩,かた,shoulder,bahu,JLPT JLPT_2 JLPT_3,dyYF&B&tH[
堅い,かたい,"hard, firm, solid","keras, kokoh, padat",JLPT JLPT_2 JLPT_3,Pf^;5Zn/;l
硬い,かたい,"hard, firm, solid","keras, kokoh, padat",JLPT JLPT_2 JLPT_3,"A5A<hg!,v}"
方々,かたがた,persons,orang,JLPT JLPT_2 JLPT_3,hkfynYZJHd
片付く,かたづく,"to put in order, to solve","untuk menertibkan, untuk memecahkan",JLPT JLPT_2 JLPT_3,ijUQHB/ROv
刀,かたな,"sword, saber","pedang, pedang",JLPT JLPT_2 JLPT_3,E>:sV*K^8H
語る,かたる,"to talk, to tell, to recite","untuk berbicara, menceritakan, membaca",JLPT JLPT_2 JLPT_3,K~y=o(hWS(
勝ち,かち,"win, victory","menang, kemenangan",JLPT JLPT_2 JLPT_3,f)TI}tuNi!
価値,かち,"value, worth, merit","nilai, nilai, prestasi",JLPT JLPT_2 JLPT_3,B$%nCt/^FZ
がっかり,がっかり,"feel disappointed, be dejected, lose heart","merasa kecewa, sedih, putus asa",JLPT JLPT_2 JLPT_3,r9|(w>UYj4
活気,かっき,vigor; liveliness; vitality; energy,semangat;,JLPT Intermediate_Japanese JLPT_1 JLPT_3 JLPT_2 Intermediate_Japanese_Ln.10,HUA^lTjb!P
楽器,がっき,musical instrument,alat musik,JLPT Genki_Ln.13 JLPT_3 JLPT_2 Genki,zj[&tINbu_
学期,がっき,term (school),jangka waktu (sekolah),JLPT JLPT_2 JLPT_3,rPinGb_30Q
活動,かつどう,"action, activity","tindakan, aktivitas",JLPT JLPT_2 JLPT_3,wt]>L`Ku^c
活躍,かつやく,activity,aktivitas,JLPT JLPT_2 JLPT_3,eCZu2QGL8i
活用,かつよう,conjugation; practical use,konjugasi;,JLPT JLPT_2 JLPT_3,fVw4kRg|j)
仮定,かてい,"assumption, supposition, hypothesis","asumsi, anggapan, hipotesis",JLPT JLPT_2 JLPT_3,O=OdQ3=*sS
過程,かてい,process,proses,JLPT JLPT_2 JLPT_3,x/zB4*S269
課程,かてい,"course, curriculum","kursus, kurikulum",JLPT JLPT_2 JLPT_3,"g,{yU7}}eo"
悲しむ,かなしむ,"to be sad, to mourn for, to regret","bersedih, berduka, menyesal",JLPT JLPT_2 JLPT_3,z^+]Gk=mf_
必ずしも,かならずしも,"(not) always, (not) necessarily","(tidak) selalu, (tidak) harus",JLPT JLPT_2 JLPT_3,vW8w*Wj8S6
かなり,かなり,"considerably, fairly, quite","cukup, cukup, cukup",JLPT Intermediate_Japanese JLPT_3 JLPT_2 Intermediate_Japanese_Ln.7,zc@WXAK&cO
金,かね,"gold, metal; money","emas, logam;",JLPT JLPT_2 JLPT_3,sL^]E[vBWQ
鐘,かね,"bell, chime","bel, berbunyi",JLPT JLPT_2 JLPT_3,uWo]p3>gV)
可能,かのう,"possible, practicable, feasible","mungkin, praktis, layak",JLPT JLPT_2 JLPT_3,s89#AFndfj
株,かぶ,stock; stump (of tree),saham;,JLPT JLPT_2 JLPT_3,i!::Yg?ZPB
被る,かぶる,to wear; to be covered with,untuk memakai;,JLPT JLPT_2 JLPT_3,KZvZ3xJvf=
我慢,がまん,"patience, endurance, perseverance","kesabaran, daya tahan, ketekunan",JLPT JLPT_2 JLPT_3,b.uAP*cO(_
上,かみ,first volume; superior quality; governmental,jilid pertama;,JLPT JLPT_2 JLPT_3,B2f-z2M%?X
神,かみ,god,Tuhan,JLPT JLPT_2 JLPT_3,bOG}3!+.y2
雷,かみなり,thunder,guruh,JLPT JLPT_2 JLPT_3,A`y:r{2n8V
髪の毛,かみのけ,hair (head),rambut (kepala),JLPT JLPT_2 JLPT_3,k>oV)Rt7]w
科目,かもく,"(school) subject, curriculum, course","mata pelajaran (sekolah), kurikulum, kursus",JLPT JLPT_2 JLPT_3,mt1}<&PDy^
かもしれない,かもしれない,"maybe, perhaps","mungkin, mungkin",JLPT JLPT_2 JLPT_3,"fXI7dlE,H5"
かゆい,かゆい,"itchy, itching","gatal, gatal",JLPT JLPT_2 JLPT_3,i@bIkK/P`w
歌謡,かよう,"song, ballad","lagu, balada",JLPT JLPT_2 JLPT_3,B8j5MHOl3a
空,から,empty,kosong,JLPT JLPT_2 JLPT_3,"LiJsM!pT#,"
殻,から,"shell, husk, hull","cangkang, sekam, lambung",JLPT JLPT_2 JLPT_3,"F87p.DC4,p"
柄,がら,pattern; build; character,pola;,JLPT JLPT_2 JLPT_3,uk^tW>*afz
刈る,かる,"to cut (hair), to mow (grass), to harvest","memotong (rambut), memotong (rumput), memanen",JLPT JLPT_2 JLPT_3,ON/-tkLwG!
河,かわ,"river, stream","sungai, aliran",JLPT JLPT_2 JLPT_3,mIM2jXP:@M
皮,かわ,"skin, hide, leather","kulit, kulit, kulit",JLPT JLPT_2 JLPT_3,C<.^aCL_QG
革,かわ,leather,kulit,JLPT JLPT_2 JLPT_3,z`KQfm{h;f
可愛そう,かわいそう,"poor, pitiable, pathetic","miskin, menyedihkan, menyedihkan",JLPT JLPT_2 JLPT_3,jCbD|/Ou5e
可愛らしい,かわいらしい,"lovely, sweet","indah, manis",JLPT JLPT_2 JLPT_3,KYl^v5PK_;
乾かす,かわかす,to dry,mengering,JLPT JLPT_2 JLPT_3,JoU47]zU{d
渇く,かわく,to be thirsty,menjadi haus,JLPT JLPT_2 JLPT_3,g:zQk;6g:U
代る,かわる,"to take the place of, to relieve, to be substituted for","untuk menggantikan, untuk meringankan, untuk digantikan",JLPT JLPT_2 JLPT_3,f9j%&rI)[J
缶,かん,"can, tin","bisa, timah",JLPT_1 JLPT JLPT_2 JLPT_3,fnx%_qW>Wk
勘,かん,"perception, intuition, the sixth sense","persepsi, intuisi, indra keenam",JLPT JLPT_2 JLPT_3,lle<t+CbfW
考え,かんがえ,"thinking, thought, ideas","berpikir, berpikir, ide",JLPT JLPT_2 JLPT_3,ry3gkU$VWf
感覚,かんかく,"sense, sensation","rasa, sensasi",JLPT JLPT_2 JLPT_3,"p)VaZN,wP="
間隔,かんかく,"space, interval, SPC","ruang, interval, SPC",JLPT JLPT_2 JLPT_3,qbs8.xdCB<
観客,かんきゃく,"audience, spectator(s)","penonton, penonton",JLPT Intermediate_Japanese JLPT_3 JLPT_2 Intermediate_Japanese_Ln.7,j%h6<&[KnW
環境,かんきょう,"environment, circumstance","lingkungan, keadaan",JLPT JLPT_3 JLPT_2 Genki Genki_Ln.21,v:iQ;XlPLV
歓迎,かんげい,"welcome, reception","selamat datang, resepsi",JLPT Intermediate_Japanese JLPT_3 JLPT_2 Intermediate_Japanese_Ln.5,e6r/_jeu;I
観光,かんこう,sightseeing,tamasya,Genki_Ln.15 JLPT JLPT_3 JLPT_2 Genki,n*g6UOKH98
観察,かんさつ,"observation, survey","observasi, survei",JLPT JLPT_2 JLPT_3,q)XNacsL_{
感じ,かんじ,"feeling, sense, impression","perasaan, perasaan, kesan",JLPT JLPT_2 JLPT_3,w_sfjfQ#7V
感謝,かんしゃ,"thanks, gratitude","terima kasih, terima kasih",JLPT JLPT_2 JLPT_3,H)_*dziOH#
患者,かんじゃ,patient,sabar,JLPT Intermediate_Japanese JLPT_3 JLPT_2 Intermediate_Japanese_Ln.12,ow]ljz^dy0
勘定,かんじょう,"calculation, counting, consideration","perhitungan, penghitungan, pertimbangan",JLPT JLPT_2 JLPT_3,lT@?`jcn/-
感情,かんじょう,"emotion(s), feeling(s), sentiment","emosi, perasaan, sentimen",JLPT JLPT_2 JLPT_3,KwSZ]};@<N
感じる,かんじる,"to feel, to sense","merasakan, merasakan",JLPT JLPT_2 JLPT_3,"tat.#S,YWC"
感心,かんしん,admiration,kekaguman,JLPT JLPT_2 JLPT_3,Ll7N}.KB!4
関心,かんしん,"concern, interest","kekhawatiran, minat",JLPT JLPT_2 JLPT_3,ugNZxV5.;6
関する,かんする,"to concern, to be related","untuk peduli, untuk menjadi terkait",JLPT JLPT_2 JLPT_3,j?=:~N:vEw
完成,かんせい,"complete, completion; perfection","lengkap, selesai;",JLPT JLPT_2 JLPT_3,Gz+d-Na>Wq
完全,かんぜん,"perfection, completeness","kesempurnaan, kelengkapan",JLPT JLPT_2 JLPT_3,"mx8.$z,opn"
乾燥,かんそう,"dry, arid, dehydrated","kering, gersang, dehidrasi",JLPT JLPT_2 JLPT_3,o&PKDt@8.N
感想,かんそう,"(one's) impressions, (one's) thoughts","kesan (seseorang), pikiran (seseorang).",JLPT Intermediate_Japanese JLPT_3 JLPT_2 Intermediate_Japanese_Ln.11,LSEXg:S7:(
感動,かんどう,"being deeply moved, excitement","menjadi sangat tersentuh, kegembiraan",JLPT JLPT_2 JLPT_3,mO)}<zEdx8
監督,かんとく,"supervision, control, (movie) director","pengawasan, pengendalian, sutradara (film).",JLPT Intermediate_Japanese JLPT_3 JLPT_2 Intermediate_Japanese_Ln.7,J6H&uZ7Px>
管理,かんり,"control, management (e.g., of a business)","kontrol, manajemen (misalnya, bisnis)",JLPT JLPT_2 JLPT_3,GKHgUyo>J7
完了,かんりょう,"completion, conclusion","penyelesaian, kesimpulan",JLPT JLPT_2 JLPT_3,nU7gs|>hqI
関連,かんれん,"relation, connection, relevance","hubungan, koneksi, relevansi",JLPT JLPT_2 JLPT_3,qM07gcK[)f
議員,ぎいん,"member of the Diet, congress, or parliament","anggota Diet, kongres, atau parlemen",JLPT JLPT_2 JLPT_3,HgQ-~|%58x
記憶,きおく,"memory, recollection, remembrance","ingatan, ingatan, ingatan",JLPT JLPT_2 JLPT_3,"E,/>3<s?|+"
気温,きおん,temperature (weather - not used for things),suhu (cuaca - tidak digunakan untuk berbagai hal),JLPT Genki_Ln.12 JLPT_3 JLPT_2 Genki,BBA~snq[*i
機械,きかい,"machine, machinery","mesin, mesin",JLPT Intermediate_Japanese JLPT_3 JLPT_2 Intermediate_Japanese_Ln.14,"gbY2LYN_B,"
器械,きかい,instrument,instrumen,JLPT JLPT_2 JLPT_3,l7Ho]DDWuu
議会,ぎかい,"Diet, congress, parliament","Diet, kongres, parlemen",JLPT JLPT_2 JLPT_3,lGMTgzdnaN
期間,きかん,"period, term","periode, jangka waktu",JLPT JLPT_2 JLPT_3,iw;V~SjnTE
機関,きかん,"engine; institution, organization",mesin;,JLPT JLPT_2 JLPT_3,OOR48r}N5c
企業,きぎょう,"industry, business, undertaking","industri, bisnis, usaha",JLPT Intermediate_Japanese JLPT_3 JLPT_2 Intermediate_Japanese_Ln.14,"m,c9$UCg]/"
効く,きく,to be effective,menjadi efektif,JLPT JLPT_2 JLPT_3,LC`=c%l]6(
期限,きげん,"deadline, term","batas waktu, jangka waktu",JLPT JLPT_2 JLPT_3,DXtaD5za4M
機嫌,きげん,"humor, temper, mood","humor, temperamen, suasana hati",JLPT JLPT_2 JLPT_3,g?wFVr$Cb>
気候,きこう,climate,iklim,JLPT JLPT_2 JLPT_3,zi^=GdE6J`
岸,きし,"bank, coast, shore","bank, pantai, pantai",JLPT JLPT_2 JLPT_3,hm_._Qp@I~
生地,きじ,fabric; dough,kain;,JLPT JLPT_2 JLPT_3,0J|w~z~jj
記事,きじ,"article, news story","artikel, berita",JLPT JLPT_2 JLPT_3,D?VHH^x3x^
技師,ぎし,"engineer, technician","insinyur, teknisi",JLPT JLPT_2 JLPT_3,u=&Ix|N:mj
記者,きしゃ,reporter,reporter,JLPT Intermediate_Japanese JLPT_3 JLPT_2 Intermediate_Japanese_Ln.15,L%Xdco]ND%
傷,きず,"wound, injury, hurt","luka, luka, luka",JLPT JLPT_2 JLPT_3,Q?7OEINT{!
期待,きたい,"expectation, anticipation, hope","harapan, antisipasi, harapan",JLPT JLPT_2 JLPT_3,q|E5|~(~TI
気体,きたい,"vapor, gas","uap, gas",JLPT JLPT_2 JLPT_3,BVN])vG*1F
帰宅,きたく,returning home,kembali ke rumah,JLPT JLPT_2 JLPT_3,z!%Pu#*l7[
貴重,きちょう,"precious, valuable","berharga, berharga",JLPT JLPT_2 JLPT_3,i#)MEqHOiw
議長,ぎちょう,chairman,ketua,JLPT JLPT_2 JLPT_3,ivgef2]KwO
きちんと,きちんと,"precisely, accurately","tepatnya, akurat",JLPT JLPT_2 JLPT_3,"r#L,S)sfK&"
きつい,きつい,"tight, close, intense","ketat, dekat, intens",JLPT JLPT_2 JLPT_3,j)>u~$9^*r
気付く,きづく,"to notice, to recognize, to become aware of","memperhatikan, mengenali, menyadari",JLPT JLPT_2 JLPT_3,xDh?wq7iT8
気に入る,きにいる,"to like, to be please","untuk menyukai, untuk menjadi menyenangkan",JLPT JLPT_2 JLPT_3,"uegN*W,m$w"
記入,きにゅう,"entry, filling in of forms","masuk, mengisi formulir",JLPT JLPT_2 JLPT_3,vlEX%x--1.
記念,きねん,"commemoration, memory","peringatan, kenangan",JLPT JLPT_2 JLPT_3,H8>Vf=G.}w
機能,きのう,"function, faculty","fungsi, fakultas",JLPT JLPT_2 JLPT_3,QB(9=:5m2@
気の毒,きのどく,"pitiful, a pity","menyedihkan, sayang sekali",JLPT JLPT_2 JLPT_3,qiFq+*QK@q
寄付,きふ,"contribution, donation","kontribusi, sumbangan",JLPT JLPT_2 JLPT_3,P<<3-~akkr
希望,きぼう,"hope, wish, aspiration","harapan, cita-cita, cita-cita",JLPT Intermediate_Japanese JLPT_3 JLPT_2 Intermediate_Japanese_Ln.3,"rKl|qTb,g-"
基本,きほん,"basic, basis","dasar, dasar",JLPT Intermediate_Japanese JLPT_3 JLPT_2 Intermediate_Japanese_Ln.15,r&MTg)%4_-
決まり,きまり,"settlement, conclusion, rule","penyelesaian, kesimpulan, aturan",JLPT JLPT_2 JLPT_3,DmsWlm^9ML
気味,きみ,"-like, -looking, -looked","-seperti, -tampak, -tampak",JLPT JLPT_2 JLPT_3,iNru&P?85/
奇妙,きみょう,"strange, queer, curious","aneh, aneh, penasaran",JLPT JLPT_2 JLPT_3,LWN?@8(b&a
義務,ぎむ,"duty, obligation, responsibility","tugas, kewajiban, tanggung jawab",JLPT JLPT_2 JLPT_3,Da7kYMio|S
疑問,ぎもん,"question, problem, doubt","pertanyaan, masalah, keraguan",JLPT JLPT_2 JLPT_3,zRRFu?JoKE
逆,ぎゃく,"reverse, opposite","terbalik, berlawanan",JLPT JLPT_2 JLPT_3,EiDH#>VXk9
キャプテン,キャプテン,captain,kapten,JLPT JLPT_2 JLPT_3,pQT]>v52;$
キャンプ,キャンプ,camp,kamp,JLPT Genki_Ln.11 JLPT_3 JLPT_2 Genki,F4[L_8oSn
旧,きゅう,ex-,mantan-,JLPT JLPT_2 JLPT_3,wKI{_3LgUf
級,きゅう,"class, grade, rank","kelas, kelas, pangkat",JLPT JLPT_2 JLPT_3,ywhuZF1TJ0
球,きゅう,"globe, sphere, ball","bola dunia, bola, bola",JLPT JLPT_2 JLPT_3,P<LmV^}EUI
休暇,きゅうか,"vacation, holiday, day off","liburan, liburan, hari libur",JLPT Intermediate_Japanese JLPT_3 JLPT_2 Intermediate_Japanese_Ln.1,HtR8NVhhfe
休憩,きゅうけい,"rest, break, intermission","istirahat, istirahat, istirahat",JLPT JLPT_2 JLPT_3,M?^9bN:14o
急激,きゅうげき,"sudden, precipitous, radical","tiba-tiba, terjal, radikal",JLPT JLPT_2 JLPT_3,bR.b24bzOE
吸収,きゅうしゅう,"absorption, suction","penyerapan, hisap",JLPT JLPT_2 JLPT_3,uP}=0<A&zm
救助,きゅうじょ,"relief, aid, rescue","bantuan, bantuan, penyelamatan",JLPT JLPT_2 JLPT_3,x{|!Zu?h8!
急速,きゅうそく,"rapid (e.g., progress)","cepat (misalnya, kemajuan)",JLPT JLPT_2 JLPT_3,H*fw]->cqe
休息,きゅうそく,"rest, relief, relaxation","istirahat, lega, relaksasi",JLPT JLPT_2 JLPT_3,mFQb-ci%=n
急に,きゅうに,suddenly,Tiba-tiba,JLPT JLPT_2 JLPT_3,nbPHpp}wLe
給料,きゅうりょう,"salary, wages","gaji, upah",Genki_Ln.17 JLPT JLPT_3 JLPT_2 Genki,bFBKO):>Pu
器用,きよう,"skillful, handy","terampil, berguna",JLPT JLPT_2 JLPT_3,j>:wz+YD-O
教科書,きょうかしょ,textbook,buku pelajaran,JLPT Intermediate_Japanese JLPT_3 JLPT_2 Genki_Ln.6 Intermediate_Japanese_Ln.13 Genki,kkoTF|;.kp
競技,きょうぎ,"game, match, contest","permainan, pertandingan, kontes",JLPT JLPT_2 JLPT_3,c3-]g>CAR$
行儀,ぎょうぎ,manners,tata krama,JLPT JLPT_2 JLPT_3,yCsCHa$b|3
供給,きょうきゅう,"supply, provision","pasokan, penyediaan",JLPT JLPT_2 JLPT_3,H.&4r-|xC*
教授,きょうじゅ,"teaching, instruction; professor","mengajar, instruksi;",JLPT JLPT_2 JLPT_3,j9WXPp%y<F
強調,きょうちょう,"emphasis, stress, stressed point","penekanan, tekanan, titik yang ditekankan",JLPT JLPT_2 JLPT_3,ekVG@ic`Qc
共通,きょうつう,"commonness, mutual","kesamaan, saling menguntungkan",JLPT JLPT_2 JLPT_3,iNbpa<XIBY
共同,きょうどう,"cooperation, association, collaboration","kerjasama, asosiasi, kolaborasi",JLPT JLPT_2 JLPT_3,M&4X!=%k6!
恐怖,きょうふ,"fear, terror","ketakutan, teror",JLPT JLPT_2 JLPT_3,E^f~?uHKoJ
協力,きょうりょく,"cooperation, collaboration","kerjasama, kolaborasi",JLPT JLPT_2 JLPT_3,C?Z%aW?GmJ
強力,きょうりょく,"powerful, strong","kuat, kuat",JLPT JLPT_2 JLPT_3,"o`2(1ZfJ,z"
許可,きょか,"permission, approval","izin, persetujuan",JLPT Intermediate_Japanese JLPT_3 JLPT_2 Intermediate_Japanese_Ln.4,xgOJVyt)!-
局,きょく,"office, bureau, station(TV, radio)","kantor, biro, stasiun (TV, radio)",JLPT JLPT_2 JLPT_3,tQ0a`!@5U(
巨大,きょだい,"huge, gigantic, enormous","sangat besar, sangat besar, sangat besar",JLPT JLPT_2 JLPT_3,"xA&bS[Q4,y"
嫌う,きらう,"to hate, to dislike, to loathe","membenci, tidak menyukai, membenci",JLPT JLPT_2 JLPT_3,br%KM$_?V3
霧,きり,"fog, mist","kabut, kabut",JLPT JLPT_2 JLPT_3,xhY3{w-]xD
切れ,きれ,"cloth, piece, cut","kain, potongan, potong",JLPT JLPT_2 JLPT_3,no-N<tQ].O
切れる,きれる,"to cut well, to be sharp; to break (off)","untuk memotong dengan baik, menjadi tajam;",JLPT JLPT_2 JLPT_3,vq3fa)$([j
記録,きろく,"record, minutes, document","catatan, notulensi, dokumen",JLPT JLPT_2 JLPT_3,E9&**2T5hb
議論,ぎろん,"argument, discussion, dispute","argumen, diskusi, perselisihan",JLPT JLPT_2 JLPT_3,tHrivglW.I
金,きん,"gold, metal; money","emas, logam;",JLPT JLPT_2 JLPT_3,}{gI`5unu
銀,ぎん,silver,perak,JLPT JLPT_2 JLPT_3,r=)`V@J5eU
禁煙,きんえん,No Smoking,DILARANG MEROKOK,JLPT JLPT_2 JLPT_3,O$<^K)0$)}
金額,きんがく,amount of money,sejumlah uang,JLPT JLPT_2 JLPT_3,"MF#,QebEjl"
金庫,きんこ,"safe, vault","aman, brankas",JLPT JLPT_2 JLPT_3,fW#b}db?aR
禁止,きんし,"prohibition, ban","larangan, larangan",JLPT JLPT_2 JLPT_3,Gdm1sTV(+-
金銭,きんせん,"money, cash","uang, uang tunai",JLPT JLPT_2 JLPT_3,gfWr=5X>7*
金属,きんぞく,metal,logam,JLPT JLPT_2 JLPT_3,y9?7a-hRGY
近代,きんだい,modern times,zaman modern,JLPT JLPT_2 JLPT_3,":<%,Q>)l%"
緊張,きんちょう,"tension, mental strain, nervousness","ketegangan, ketegangan mental, kegugupan",JLPT JLPT_2 JLPT_3,G?ovKqSJ{(
筋肉,きんにく,"muscle, sinews","otot, urat",JLPT JLPT_2 JLPT_3,rIZ[8xFGmr
金融,きんゆう,"finance, money and banking","keuangan, uang dan perbankan",JLPT JLPT_2 JLPT_3,ft);I1go9:
句,く,phrase,frasa,JLPT JLPT_2 JLPT_3,s#j6K^u/Ut
食う,くう,(male) (vulg.) to eat,(laki-laki) (vulg.) untuk makan,JLPT JLPT_2 JLPT_3,m^2{l`XD/G
偶然,ぐうぜん,"(by) chance, unexpectedly","(secara) kebetulan, tanpa diduga",JLPT Intermediate_Japanese JLPT_3 JLPT_2 Intermediate_Japanese_Ln.4,Bjglx^BH1F
臭い,くさい,"stinky, smelly, bad-smelling","bau, bau, berbau tidak sedap",JLPT JLPT_2 JLPT_3,wHN8;QJo.]
鎖,くさり,chain,rantai,JLPT JLPT_2 JLPT_3,cOg]TL4|L&
腐る,くさる,"to rot, to go bad","membusuk, menjadi buruk",JLPT JLPT_2 JLPT_3,u_}*Hl&WiO
癖,くせ,"a habit (often a bad habit), peculiarity","suatu kebiasaan (seringkali merupakan kebiasaan buruk), kekhasan",JLPT JLPT_2 JLPT_3,Ae-]tyqPg+
管,くだ,"pipe, tube","pipa, tabung",JLPT JLPT_2 JLPT_3,pL(+IcFnzy
具体,ぐたい,"concrete, tangible, material","konkrit, nyata, material",JLPT JLPT_2 JLPT_3,j&j}xVZwy2
下り,くだり,down-train (going away from Tokyo),down-train (berangkat dari Tokyo),JLPT JLPT_2 JLPT_3,ll}#-y;}nb
下る,くだる,"to get down, to descend","untuk turun, untuk turun",JLPT JLPT_2 JLPT_3,J8{HBuKP{o
苦痛,くつう,"pain, agony","rasa sakit, penderitaan",JLPT JLPT_2 JLPT_3,"gHRe}_+,oB"
ぐっすり,ぐっすり,"sound asleep, fast asleep","tertidur lelap, tertidur pulas",JLPT JLPT_2 JLPT_3,p-l^nopeNF
区別,くべつ,"distinction, differentiation, classification","pembedaan, diferensiasi, klasifikasi",JLPT JLPT_2 JLPT_3,BvvL(+LdQJ
組,くみ,"class, team, set","kelas, tim, set",JLPT JLPT_2 JLPT_3,Eo]xBl)F72
組合,くみあい,"association, union","asosiasi, serikat pekerja",JLPT JLPT_2 JLPT_3,yqy^)Y;[n3
組む,くむ,to put together,untuk disatukan,JLPT JLPT_2 JLPT_3,drFT5_xS_C
汲む,くむ,"to draw, to scoop, to pump","menggambar, menyendok, memompa",JLPT JLPT_2 JLPT_3,Q)1C!FL!I~
酌む,くむ,to serve sake,untuk menyajikan sake,JLPT JLPT_2 JLPT_3,46h2Xe@mx
悔しい,くやしい,"regrettable, mortifying, vexing","disesalkan, memalukan, menjengkelkan",JLPT JLPT_2 JLPT_3,rlXMK!]p!4
位,くらい,"grade, rank, about","kelas, pangkat, tentang",JLPT JLPT_2 JLPT_3,n?/Ib+~G&7
暮らし,くらし,living; life style,hidup;,JLPT Intermediate_Japanese JLPT_3 JLPT_2 Intermediate_Japanese_Ln.13,ur3R:N98HP
クラシック,クラシック,classic(s),klasik,JLPT JLPT_2 JLPT_3,gWD`rMx`.V
暮らす,くらす,"to live, to get along","untuk hidup, untuk bergaul",JLPT Intermediate_Japanese JLPT_3 JLPT_2 Intermediate_Japanese_Ln.11,uz%a*.FY`[
グラス,グラス,glass; grass,kaca;,JLPT JLPT_2 JLPT_3,"o%;,f2E00;"
グランド,グランド,"gland, grand, (electrical) ground","kelenjar, grand, (listrik) ground",JLPT JLPT_2 JLPT_3,y<]BSgg>1B
クリーム,クリーム,cream,krim,JLPT JLPT_2 JLPT_3,x%D6yIVKeG
繰り返す,くりかえす,"to repeat, to do something over again","untuk mengulangi, untuk melakukan sesuatu lagi",JLPT JLPT_2 JLPT_3,x/V;r?ugpG
クリスマス,クリスマス,Christmas,Natal,JLPT Genki_Ln.14 JLPT_3 JLPT_2 Genki,qJB4cU<;.M
狂う,くるう,"to go mad, to get out of order","menjadi gila, menjadi tidak teratur",JLPT JLPT_2 JLPT_3,LFsc7Cxxu?
グループ,グループ,group,kelompok,JLPT JLPT_2 JLPT_3,ml-qdb`4u(
苦しい,くるしい,tough; physically strenuous,keras;,JLPT Intermediate_Japanese JLPT_3 JLPT_2 Intermediate_Japanese_Ln.15,o9TWr2(ugU
苦しむ,くるしむ,"to suffer, to groan, to be worried","menderita, mengerang, khawatir",JLPT JLPT_2 JLPT_3,JPH_;zI]Eb
暮れ,くれ,"year end,","akhir tahun,",JLPT JLPT_2 JLPT_3,J-H`.dV)Ya
苦労,くろう,hardship; suffering,kesulitan;,JLPT Intermediate_Japanese JLPT_3 JLPT_2 Intermediate_Japanese_Ln.14,Qg]J+:tq@n
加える,くわえる,"to append, to sum up, to add (up)","untuk menambahkan, untuk menyimpulkan, untuk menambahkan (up)",JLPT JLPT_2 JLPT_3,uHR{k-Ggpv
咥える,くわえる,to hold something in the mouth,untuk menahan sesuatu di mulut,JLPT JLPT_2 JLPT_3,MP^AZ7xeUw
詳しい,くわしい,detailed; full; accurate,terperinci;,JLPT Intermediate_Japanese JLPT_3 JLPT_2 Intermediate_Japanese_Ln.8,OydH!z!UV$
加わる,くわわる,"to join in, to accede to","untuk bergabung, untuk menyetujui",JLPT JLPT_2 JLPT_3,C1e@=>t]o?
訓,くん,native Japanese reading of a Chinese character,bacaan asli Jepang dari karakter Cina,JLPT JLPT_2 JLPT_3,bzc~15=D>r
軍,ぐん,"army, force, troops","tentara, kekuatan, pasukan",JLPT JLPT_2 JLPT_3,snlGor1;5B
郡,ぐん,"country, district","negara, distrik",JLPT JLPT_2 JLPT_3,bXy5Bz>=dm
軍隊,ぐんたい,"army, troops","tentara, pasukan",JLPT JLPT_2 JLPT_3,ztU9>^6)?#
訓練,くんれん,"practice, training","latihan, pelatihan",JLPT JLPT_2 JLPT_3,FBWzrhuPIY
下,げ,"under, below, beneath","di bawah, di bawah, di bawah",JLPT JLPT_2 JLPT_3,JgwryRe;fM
計,けい,"plan; sum, total",rencana;,JLPT JLPT_2 JLPT_3,oeGx?<asd*
敬意,けいい,"respect, honor","hormat, hormat",JLPT JLPT_2 JLPT_3,PG>aot:bo~
経営,けいえい,"management, administration","manajemen, administrasi",JLPT JLPT_2 JLPT_3,b~su7M=0~@
景気,けいき,"condition, state, business (condition)","kondisi, negara bagian, bisnis (kondisi)",JLPT JLPT_2 JLPT_3,Ju%`{&u<L~
傾向,けいこう,"tendency, trend, inclination","kecenderungan, tren, kecenderungan",JLPT JLPT_2 JLPT_3,j=d#Ly-}f$
警告,けいこく,warning,peringatan,JLPT JLPT_2 JLPT_3,6frcgbqoo
計算,けいさん,"calculation, reckoning","perhitungan, perhitungan",JLPT JLPT_2 JLPT_3,uhjx!mhsp>
掲示,けいじ,"notice, bulletin","perhatikan, buletin",JLPT JLPT_2 JLPT_3,k:vtm*1T8E
刑事,けいじ,"criminal case, (police) detective","kasus pidana, detektif (polisi).",JLPT JLPT_2 JLPT_3,e8dFatK7SV
芸術,げいじゅつ,"(fine) art, the arts","seni (baik), seni",JLPT Intermediate_Japanese JLPT_3 JLPT_2 Intermediate_Japanese_Ln.10,pxydrozlB3
契約,けいやく,"contract, compact, agreement","kontrak, kompak, kesepakatan",JLPT JLPT_2 JLPT_3,rb+qu;iaOF
経由,けいゆ,"go by the way, via","omong-omong, lewat",JLPT JLPT_2 JLPT_3,iaYgH/NFbB
ケース,ケース,case,kasus,JLPT_1 JLPT JLPT_2 JLPT_3,tQq4Ps7@D>
ゲーム,ゲーム,game,permainan,JLPT JLPT_2 JLPT_3,"f6tl8,95d0"
劇,げき,"drama, play","drama, bermain",JLPT JLPT_2 JLPT_3,Fj4m~K@AaE
劇場,げきじょう,"theater, playhouse","teater, rumah bermain",JLPT JLPT_2 JLPT_3,]#<%*v<%(
化粧,けしょう,make-up (cosmetic),tata rias (kosmetik),JLPT JLPT_2 JLPT_3,kU@d`$tb#v
けち,けち,"stinginess, miser","kekikiran, kikir",JLPT JLPT_2 JLPT_3,s#8[d||F]p
血液,けつえき,blood,darah,JLPT JLPT_2 JLPT_3,hvJ?D%;5l%
結果,けっか,"result, consequence","akibat, akibat",JLPT Intermediate_Japanese JLPT_3 JLPT_2 Intermediate_Japanese_Ln.5,uus~EAck7g
欠陥,けっかん,"defect, fault, deficiency","cacat, kesalahan, kekurangan",JLPT JLPT_2 JLPT_3,"JPtOP,>ga["
結局,けっきょく,"after all, eventually","lagipula, pada akhirnya",JLPT JLPT_2 JLPT_3,jyia6$GYCZ
決心,けっしん,"determination, resolution","tekad, resolusi",JLPT JLPT_2 JLPT_3,c0O1]G99<]
欠席,けっせき,"absence, non-attendance","ketidakhadiran, ketidakhadiran",JLPT JLPT_2 JLPT_3,C}LnP5iu4O
決定,けってい,"decision, determination","keputusan, tekad",JLPT JLPT_2 JLPT_3,"Jp:0Ai2,VX"
欠点,けってん,"faults, defect, weakness","kesalahan, cacat, kelemahan",JLPT JLPT_2 JLPT_3,M9`w:3e`~]
結論,けつろん,conclusion,kesimpulan,JLPT JLPT_2 JLPT_3,iMXuHup!!R
煙,けむり,"smoke, fumes","asap, asap",JLPT JLPT_2 JLPT_3,lSxqx7`C*~
蹴る,ける,to kick,untuk menendang,JLPT JLPT_3 JLPT_2 Genki Genki_Ln.21,MV$~w0X!y2
券,けん,"ticket, certificate","tiket, sertifikat",JLPT JLPT_2 JLPT_3,hb?hf::?yp
県,けん,prefecture,prefektur,JLPT Intermediate_Japanese JLPT_3 JLPT_2 Intermediate_Japanese_Ln.7,MN<nt8!(02
見解,けんかい,"opinion, point of view","pendapat, sudut pandang",JLPT JLPT_2 JLPT_3,G#%jy:[3F!
限界,げんかい,"limit, bound","batas, terikat",JLPT JLPT_2 JLPT_3,JaoBjFZQ]<
現金,げんきん,cash,uang tunai,JLPT Intermediate_Japanese JLPT_3 JLPT_2 Intermediate_Japanese_Ln.9,v>1Aj:QNui
言語,げんご,language,bahasa,JLPT JLPT_2 JLPT_3,ejQbjwn<j/
健康,けんこう,health(y),sehat),JLPT JLPT_2 JLPT_3,n11FRELGTJ
検査,けんさ,"inspection, examination","inspeksi, pemeriksaan",JLPT JLPT_2 JLPT_3,JUjY[Ey:u:
現在,げんざい,"now (same as 今 (いま)), present, current","sekarang (sama dengan 今 (いま)), sekarang, saat ini",JLPT Intermediate_Japanese JLPT_3 JLPT_2 Intermediate_Japanese_Ln.12,w(.$MQ!&Z<
現実,げんじつ,reality,realitas,JLPT JLPT_2 JLPT_3,F232?ww;iJ
現象,げんしょう,phenomenon,gejala,JLPT JLPT_2 JLPT_3,FyKmxf<-vO
現状,げんじょう,"present condition, status quo","kondisi saat ini, status quo",JLPT JLPT_2 JLPT_3,N|BEb?m$K?
建設,けんせつ,"construction, foundation","konstruksi, pondasi",JLPT JLPT_2 JLPT_3,znx=MK$=96
現代,げんだい,"today, present-day","hari ini, masa kini",JLPT JLPT_2 JLPT_3,fu)f(:6JAs
建築,けんちく,"construction, architecture","konstruksi, arsitektur",JLPT JLPT_2 JLPT_3,"NM6eAgwD,T"
見当,けんとう,"estimate, guess","perkiraan, tebak",JLPT JLPT_2 JLPT_3,t]}1Fz~P+l
検討,けんとう,"consideration, examination, investigation","pertimbangan, pemeriksaan, penyelidikan",JLPT JLPT_2 JLPT_3,Qr-3$@5oy:
現場,げんば,"actual spot, scene, field","tempat sebenarnya, pemandangan, lapangan",JLPT JLPT_2 JLPT_3,pPYxD+.Tt<
憲法,けんぽう,constitution,konstitusi,JLPT JLPT_2 JLPT_3,Pt+Ua9}uUU
権利,けんり,"right, privilege","benar, hak istimewa",JLPT JLPT_2 JLPT_3,BlH<4P^#PV
後,ご,"afterwards, since then","setelah itu, sejak saat itu",JLPT JLPT_2 JLPT_3,NFyG.<z1HC
碁,ご,Go (board game of capturing territory),Go (permainan papan untuk merebut wilayah),JLPT JLPT_2 JLPT_3,e~/B8i!5F)
恋,こい,"love, tender passion","cinta, gairah lembut",JLPT JLPT_2 JLPT_3,I%Sh/ap#4{
濃い,こい,"thick (as of color, liquid), dense, strong","kental (seperti warna, cair), padat, kuat",JLPT JLPT_2 JLPT_3,cR>i$T~1vO
恋人,こいびと,lover; sweetheart; girlfriend,kekasih;,JLPT Intermediate_Japanese JLPT_3 JLPT_2 Intermediate_Japanese_Ln.9,"lgn5l,{H`B"
幸運,こううん,"good luck, fortune","semoga beruntung, keberuntungan",JLPT JLPT_2 JLPT_3,u*FUt2q$fc
講演,こうえん,"lecture, talk","ceramah, bicara",JLPT Intermediate_Japanese JLPT_3 JLPT_2 Intermediate_Japanese_Ln.15,"vP=[7BPl,E"
効果,こうか,"effect, result","efek, hasil",JLPT JLPT_2 JLPT_3,vT0BrdLKhF
硬貨,こうか,coin,koin,JLPT JLPT_2 JLPT_3,"qBE<@>&,:4"
高価,こうか,high price,harga tinggi,JLPT JLPT_2 JLPT_3,J01j$uto]T
豪華,ごうか,"luxurious, gorgeous, extravagance","mewah, indah, mewah",JLPT JLPT_2 JLPT_3,VKR/XQP(/
合格,ごうかく,"success, passing (e.g., exam)","sukses, lulus (misalnya, ujian)",JLPT JLPT_2 JLPT_3,wSq<0USuY5
交換,こうかん,"exchange, swap","pertukaran, pertukaran",JLPT JLPT_2 JLPT_3,FoW0]ZL+c.
航空,こうくう,"aviation, flying","penerbangan, terbang",JLPT JLPT_2 JLPT_3,gKh#|Nhux
光景,こうけい,"scene, spectacle","adegan, tontonan",JLPT JLPT_2 JLPT_3,uTN)wO>N*m
合計,ごうけい,"sum total, total amount","jumlah total, jumlah total",JLPT JLPT_2 JLPT_3,z@(R~.`dKi
攻撃,こうげき,"attack, strike, offensive","menyerang, menyerang, menyerang",JLPT JLPT_2 JLPT_3,fbxr=B^K{z
貢献,こうけん,"contribution, services","kontribusi, layanan",JLPT JLPT_2 JLPT_3,im57ib}9qS
広告,こうこく,advertisement,iklan,JLPT Genki_Ln.13 Intermediate_Japanese JLPT_3 JLPT_2 Intermediate_Japanese_Ln.15 Genki,qa5XPpB~K$
交際,こうさい,"friendship, association, acquaintance","persahabatan, pergaulan, kenalan",JLPT JLPT_2 JLPT_3,nH$6L6<H;R
校舎,こうしゃ,school building,gedung sekolah,JLPT JLPT_2 JLPT_3,x5W<B+BK>R
後者,こうしゃ,the latter,yang terakhir,JLPT JLPT_2 JLPT_3,kUquk|vi;&
工場,こうば,"factory, plant","pabrik, pabrik",JLPT JLPT_2 JLPT_3,"kU8AM-,iY!"
公正,こうせい,"justice, fairness, impartiality","keadilan, kewajaran, ketidakberpihakan",JLPT JLPT_2 JLPT_3,N@!)sH2_75
構成,こうせい,"organization, composition","organisasi, komposisi",JLPT JLPT_2 JLPT_3,Fd-KLO&b~!
高速,こうそく,"high speed, high gear","kecepatan tinggi, gigi tinggi",JLPT JLPT_2 JLPT_3,"B,HIrwQ4QK"
行動,こうどう,"action, conduct, behavior","tindakan, tingkah laku, tingkah laku",JLPT JLPT_2 JLPT_3,Q_m+2cq0*[
強盗,ごうとう,"robbery, burglary","perampokan, perampokan",JLPT JLPT_2 JLPT_3,lC8A_#]SF+
後輩,こうはい,junior members of a group,anggota junior suatu kelompok,JLPT JLPT_3 JLPT_2 Genki_Ln.22 Genki,exC.)`@)h[
幸福,こうふく,"happiness, blessedness","kebahagiaan, berkah",JLPT JLPT_2 JLPT_3,KnC^{e}c.-
公平,こうへい,"fairness, impartial, justice","keadilan, tidak memihak, keadilan",JLPT JLPT_2 JLPT_3,"HfCG]C,9b3"
候補,こうほ,candidacy,pencalonan,JLPT JLPT_2 JLPT_3,jI7M_ck/=4
考慮,こうりょ,"consideration, taking into account","pertimbangan, dengan mempertimbangkan",JLPT JLPT_2 JLPT_3,ORy-9jIY.M
越える,こえる,"to exceed, to cross over, to cross","untuk melampaui, untuk menyeberang, untuk menyeberang",JLPT JLPT_2 JLPT_3,Ps<w%<}`Nz
超える,こえる,"to exceed, to cross over, to cross","untuk melampaui, untuk menyeberang, untuk menyeberang",JLPT JLPT_2 JLPT_3,rn/xivT%1v
コーチ,コーチ,coach,pelatih,JLPT JLPT_2 JLPT_3,E.482d:D0W
コード,コード,code; cord; chord,kode;,JLPT JLPT_2 JLPT_3,QKH0$=zpP3
氷,こおり,"ice, hail","es, hujan es",JLPT JLPT_2 JLPT_3,jVp@v3rS)h
凍る,こおる,"to freeze, to be frozen over, to congeal","membekukan, membekukan, membekukan",JLPT JLPT_2 JLPT_3,A<P8Ao~%+S
ゴール,ゴール,goal,sasaran,JLPT JLPT_2 JLPT_3,PTY>]PCTXK
誤解,ごかい,misunderstanding,salah paham,JLPT Intermediate_Japanese JLPT_3 JLPT_2 Intermediate_Japanese_Ln.15,FY37~etpV/
語学,ごがく,language study,studi bahasa,JLPT Intermediate_Japanese JLPT_3 JLPT_2 Intermediate_Japanese_Ln.8,lSZ`^u4$^l
呼吸,こきゅう,"breath, respiration","nafas, pernafasan",JLPT JLPT_2 JLPT_3,HYaR{=4wss
故郷,こきょう,hometown,kampung halaman,JLPT JLPT_2 JLPT_3,x[p9$Yy?#r
極,ごく,"quite, very","cukup, sangat",JLPT JLPT_2 JLPT_3,x-os]7T;c
国語,こくご,national language,bahasa nasional,JLPT JLPT_2 JLPT_3,P(9q-`0&O-
国籍,こくせき,nationality,kebangsaan,JLPT JLPT_2 JLPT_3,r.}Cb086.1
黒板,こくばん,blackboard,papan tulis,JLPT Intermediate_Japanese JLPT_3 JLPT_2 Intermediate_Japanese_Ln.13,gM[VFRJO/m
克服,こくふく,"conquest, overcome","penaklukan, diatasi",JLPT JLPT_2 JLPT_3,cg-)t|ngzK
国民,こくみん,"national, people, citizen","nasional, rakyat, warga negara",JLPT JLPT_2 JLPT_3,K+q@X-WIB[
穀物,こくもつ,"grain, cereal, corn","gandum, sereal, jagung",JLPT JLPT_2 JLPT_3,EVuq#tu]8|
腰,こし,"hip, waist","pinggul, pinggang",JLPT JLPT_2 JLPT_3,m<9C4|i/Uj
胡椒,こしょう,pepper,merica,JLPT JLPT_2 JLPT_3,b)_&^<=JnX
個人,こじん,"individual, private person","individu, orang pribadi",JLPT Intermediate_Japanese JLPT_3 JLPT_2 Intermediate_Japanese_Ln.14,xJ9*Qc)q|;
越す,こす,"to go over (e.g., with audience)","untuk pergi ke sana (misalnya, dengan penonton)",JLPT JLPT_2 JLPT_3,N~a2o@b;S|
超す,こす,"to cross, to pass, to tide over","untuk menyeberang, untuk melewati, untuk mengatasi",JLPT JLPT_2 JLPT_3,E.}3vgSSP~
国家,こっか,"state, country, nation","negara bagian, negara, bangsa",JLPT JLPT_2 JLPT_3,g^&ilH.z=f
国会,こっかい,"National Diet, parliament, congress","Diet Nasional, parlemen, kongres",JLPT JLPT_2 JLPT_3,xLo2`0x`}C
国境,こっきょう,national or state border,batas negara atau negara,JLPT JLPT_2 JLPT_3,"ni,}~dk?wC"
骨折,こっせつ,bone fracture,patah tulang,JLPT JLPT_2 JLPT_3,KXTKU$f!R4
小包,こづつみ,"parcel, package","parsel, paket",JLPT JLPT_2 JLPT_3,EPSe<f!:WV
琴,こと,Japanese harp,harpa Jepang,JLPT JLPT_2 JLPT_3,lswbJ>f(+[
異なる,ことなる,"to differ, to vary","berbeda, bervariasi",JLPT JLPT_2 JLPT_3,GI=<w6vpiE
諺,ことわざ,"proverb, saying","pepatah, mengatakan",JLPT JLPT_2 JLPT_3,NY!nEVJ<.6
断る,ことわる,"to refuse, to decline, to dismiss","menolak, menolak, memberhentikan",JLPT JLPT_2 JLPT_3,g8Tps~wm2h
粉,こな,"flour, powder","tepung, bubuk",JLPT JLPT_2 JLPT_3,"w.,c]65Xdw"
好み,このみ,"liking, taste, choice","kesukaan, rasa, pilihan",JLPT JLPT_2 JLPT_3,gist9XPg!/
好む,このむ,"to like, to prefer","menyukai, memilih",JLPT JLPT_2 JLPT_3,O)%aoWh139
こぼす,こぼす,to spill,untuk tumpah,JLPT JLPT_2 JLPT_3,eD]eIT[NNo
こぼれる,こぼれる,"to overflow, to spill","meluap, tumpah",JLPT JLPT_2 JLPT_3,D8@l08%7LL
塵,ごみ,"garbage, litter","sampah, sampah",JLPT JLPT_2 JLPT_3,A^PPEPy8?0
小麦,こむぎ,wheat,gandum,JLPT JLPT_2 JLPT_3,QFa;ZcAclR
ごめんなさい,ごめんなさい,"I beg your pardon, excuse me, I'm sorry","Saya mohon maaf, permisi, saya minta maaf",JLPT JLPT_3 JLPT_2 Genki_Ln.4 Genki,fxa7^/$d15
小屋,こや,"hut, cabin, shed","gubuk, kabin, gudang",JLPT JLPT_2 JLPT_3,L1:(fi`+1`
これら,これら,these,ini,JLPT JLPT_2 JLPT_3,bJ5Dn}}2bE
殺す,ころす,to kill,untuk membunuh,JLPT JLPT_2 JLPT_3,FEbGULqZc5
転ぶ,ころぶ,"to fall down, to fall over","jatuh, terjatuh",JLPT Genki_Ln.18 JLPT_3 JLPT_2 Genki,fb9L+KGLPL
今回,こんかい,"now, this time, lately","sekarang, kali ini, akhir-akhir ini",JLPT JLPT_2 JLPT_3,v>V@:|&Nyu
今後,こんご,"from now on, hereafter","mulai sekarang, akhirat",JLPT JLPT_2 JLPT_3,"i[%,=_sR{<"
混雑,こんざつ,"confusion, congestion","kebingungan, kemacetan",JLPT JLPT_2 JLPT_3,nJ8&5%w5iO
こんなに,こんなに,"so, like this, in this way","jadi, seperti ini, dengan cara ini",JLPT JLPT_2 JLPT_3,yp0~/ynI.y
困難,こんなん,"difficulty, distress","kesulitan, kesusahan",JLPT JLPT_2 JLPT_3,d&:m/eYAE}
今日,こんにち,"today, this day","hari ini, hari ini",JLPT JLPT_2 JLPT_3,v>M{d#cP&m
こんにちは,こんにちは,"hello, good day (daytime greeting)","halo, selamat siang (sapaan siang hari)",JLPT JLPT_2 JLPT_3,v[Wf5IN)l&
婚約,こんやく,"engagement, betrothal","pertunangan, pertunangan",JLPT JLPT_2 JLPT_3,"K{EyJ!,l%Q"
混乱,こんらん,"chaos, confusion, mayhem","kekacauan, kebingungan, kekacauan",JLPT JLPT_2 JLPT_3,"FayR37Z,t-"
差,さ,"difference, variation","perbedaan, variasi",JLPT JLPT_2 JLPT_3,FOmfV#Q?35
サービス,サービス,"service, support system; goods or services without charge","layanan, sistem pendukung;",JLPT JLPT_2 JLPT_3,bg5_R(4_L^
際,さい,"on the occasion of, circumstances","pada kesempatan, keadaan",JLPT JLPT_2 JLPT_3,Nv+d+Us](G
最高,さいこう,"highest, supreme, the most","tertinggi, tertinggi, terbanyak",JLPT JLPT_2 JLPT_3,"Onra,t[Ph&"
財産,ざいさん,"property, fortune, assets","properti, kekayaan, aset",JLPT JLPT_2 JLPT_3,s;c/9B[#a4
最終,さいしゅう,"last, closing","terakhir, penutup",JLPT JLPT_2 JLPT_3,flW!HkNC&a
最中,さいちゅう,in the middle of,di tengah,JLPT JLPT_2 JLPT_3,Ek!(iCG2TX
最低,さいてい,"least, lowest, worst","paling tidak, terendah, terburuk",Genki_Ln.17 JLPT JLPT_3 JLPT_2 Genki,N/OsVi[gL-
才能,さいのう,"talent, ability","bakat, kemampuan",JLPT JLPT_2 JLPT_3,DHNwuYd#?N
裁判,さいばん,"trial, judgment","pengadilan, penghakiman",JLPT JLPT_2 JLPT_3,Cj0VNC)aXI
材料,ざいりょう,"ingredients, material","bahan, bahan",JLPT JLPT_2 JLPT_3,k38qoD9zt6
幸い,さいわい,fortunately; luckily,untung;,JLPT Intermediate_Japanese JLPT_3 JLPT_2 Intermediate_Japanese_Ln.8,d2lSIg);.
サイン,サイン,autograph; sign; sine,tanda tangan;,JLPT JLPT_2 JLPT_3,x?{c^]RVe$
境,さかい,"border, boundary, mental state","perbatasan, batas, kondisi mental",JLPT JLPT_2 JLPT_3,QShv^7rF%|
逆らう,さからう,"to go against, to oppose, to disobey","untuk melawan, menentang, tidak taat",JLPT JLPT_2 JLPT_3,o`A^ehWi@^
盛り,さかり,"helping, serving","membantu, melayani",JLPT JLPT_2 JLPT_3,v$YrLV9qnx
作業,さぎょう,"work, operation, manufacturing","pekerjaan, operasi, manufaktur",JLPT JLPT_2 JLPT_3,b=vHpFfwSZ
裂く,さく,"to tear, to split","merobek, membelah",JLPT JLPT_2 JLPT_3,LDUwnq~#Q?
昨,さく,"last (year), yesterday","terakhir (tahun), kemarin",JLPT JLPT_2 JLPT_3,GL+Y)4yXcS
作品,さくひん,"work, opus, production","kerja, karya, produksi",JLPT JLPT_2 JLPT_3,MGr8G06#z_
作物,さくもつ,"produce (e.g., agricultural), crops","hasil bumi (misalnya, pertanian), tanaman pangan",JLPT JLPT_2 JLPT_3,p(LSOs6uw7
桜,さくら,"cherry blossom, cherry tree","bunga sakura, pohon ceri",JLPT JLPT_2 JLPT_3,Jm^a%*`E!g
酒,さけ,"alcohol, sake","alkohol, demi",JLPT JLPT_2 JLPT_3,t}%j30SHEF
叫ぶ,さけぶ,"to shout, to cry","berteriak, menangis",JLPT JLPT_2 JLPT_3,E5;W<1MI2|
避ける,さける,"to avoid (physical contact); to ward off, to avert",yang harus dihindari (kontak fisik);,JLPT Intermediate_Japanese JLPT_3 JLPT_2 Intermediate_Japanese_Ln.15,QIaY:U+_Wa
支える,ささえる,"support, hold, sustain","mendukung, menahan, mempertahankan",JLPT JLPT_2 JLPT_3,e#(-!es11Q
刺さる,ささる,"to stick, to be stuck","untuk menempel, untuk terjebak",JLPT JLPT_2 JLPT_3,di2BW%43-n
刺す,さす,"to sting, to bite (e.g., bug), to prick, to stab","menyengat, menggigit (misalnya serangga), menusuk, menusuk",JLPT JLPT_3 JLPT_2 Genki Genki_Ln.21,e48t5Q~CL_
指す,さす,"to point,","untuk menunjuk,",JLPT JLPT_2 JLPT_3,k`e;TAGgko
挿す,さす,"to insert, to put in, to graft","untuk memasukkan, untuk memasukkan, untuk mencangkok",JLPT JLPT_2 JLPT_3,"MY60EU`x,H"
注す,さす,"to pour (drink), to serve (drinks)","menuang (minuman), menyajikan (minuman)",JLPT JLPT_2 JLPT_3,qH4&#`}]gG
射す,さす,"to shine, to strike","untuk bersinar, untuk menyerang",JLPT JLPT_2 JLPT_3,u.)8@5Yw87
座席,ざせき,seat,kursi,JLPT Intermediate_Japanese JLPT_3 JLPT_2 Intermediate_Japanese_Ln.10,"tDVi}8QLX,"
誘う,さそう,"to invite (someone to do something with you); to tempt, to lure",untuk mengundang (seseorang untuk melakukan sesuatu dengan Anda);,Genki_Ln.15 Intermediate_Japanese JLPT JLPT_3 JLPT_2 Intermediate_Japanese_Ln.7 Genki,t@[{w{yfI4
札,さつ,"bill, note","tagihan, catatan",JLPT JLPT_2 JLPT_3,wTy^V@~}^O
作家,さっか,"author, writer, novelist","penulis, penulis, novelis",JLPT JLPT_2 JLPT_3,BKI1ycChW6
作曲,さっきょく,composition (of music),komposisi (musik),JLPT JLPT_2 JLPT_3,Io0i{.3D4v
ざっと,ざっと,"roughly, in round numbers","kira-kira, dalam angka bulat",JLPT JLPT_2 JLPT_3,"l]%gAJA,OM"
さっぱり,さっぱり,"feeling refreshed, neat","terasa segar, rapi",JLPT JLPT_2 JLPT_3,"f,Wl.Ci0`l"
さて,さて,"well; now (typically used when switching to a new, usually more important topic)",Sehat;,JLPT Intermediate_Japanese JLPT_3 JLPT_2 Intermediate_Japanese_Ln.12,LIh4>dp+/=
砂漠,さばく,desert,gurun,JLPT JLPT_2 JLPT_3,kKUmiT9F9W
差別,さべつ,"discrimination, differentiation","diskriminasi, diferensiasi",JLPT JLPT_2 JLPT_3,dyD!/ON4A8
ママ,ママ,Mama,Mama,JLPT JLPT_2 JLPT_3,zyZFReMUU6
豆,まめ,"beans, peas","buncis, kacang polong",JLPT JLPT_2 JLPT_3,GoM5kwLZ`E
守る,まもる,to protect; to abide (by the rules),untuk melindungi;,JLPT JLPT_2 JLPT_3,KIn|zt16*V
迷う,まよう,"to be puzzled, to be perplexed, to lose one's way","menjadi bingung, menjadi bingung, kehilangan arah",JLPT JLPT_2 JLPT_3,L;:4YYq`)5
丸,まる,"circle, full (month)","lingkaran, penuh (bulan)",JLPT JLPT_2 JLPT_3,Q)LW*l-M`[
円,まる,circle,lingkaran,JLPT JLPT_2 JLPT_3,c11Q@w}#J~
まるで,まるで,just like,sama seperti,JLPT JLPT_2 JLPT_3,nQ6e%/X<.r
万一,まんいち,"by some chance, if by any chance","secara kebetulan, jika kebetulan",JLPT JLPT_2 JLPT_3,H0H9j9*ddg
満足,まんぞく,satisfaction,kepuasan,JLPT JLPT_2 JLPT_3,Qfyuj9^wer
身,み,"body, main part","tubuh, bagian utama",JLPT JLPT_2 JLPT_3,FD}%mUxg1n
実,み,"fruit, seed, good result","buah, biji, hasil bagus",JLPT JLPT_2 JLPT_3,j`zE[mIWkt
見送り,みおくり,seeing one off,melihat satu,JLPT JLPT_2 JLPT_3,"zL,W$(?WXy"
味方,みかた,"ally, supporter","sekutu, pendukung",JLPT JLPT_2 JLPT_3,EF85/VL>m_
見事,みごと,"splendid, magnificent","indah sekali, luar biasa",JLPT JLPT_2 JLPT_3,FG5RYvwId;
ミス,ミス,"miss (mistake, error, failure), Miss","rindu (kesalahan, kesalahan, kegagalan), Nona",JLPT_1 JLPT JLPT_2 JLPT_3,h#^4pNfLXB
満ちる,みちる,"to be full, to mature","menjadi penuh, menjadi dewasa",JLPT JLPT_2 JLPT_3,u[~LhQX)13
密,みつ,"thick, close","tebal, dekat",JLPT JLPT_2 JLPT_3,Q7s<b_//qW
認める,みとめる,"to recognize, to notice; to approve","untuk mengenali, memperhatikan;",JLPT Intermediate_Japanese JLPT_3 JLPT_2 Intermediate_Japanese_Ln.13 Intermediate_Japanese_Ln.3,"JetA%b8l~,"
見舞い,みまい,"expression of sympathy, expression of concern","ekspresi simpati, ekspresi kepedulian",JLPT JLPT_2 JLPT_3,nw{(:&zpou
土産,みやげ,souvenir,suvenir,JLPT JLPT_2 JLPT_3,z~]qvc)tb[
都,みやこ,city; capital,kota;,JLPT Intermediate_Japanese JLPT_3 JLPT_2 Intermediate_Japanese_Ln.10,B3uIy2Ddpn
妙,みょう,"strange, unusual","aneh, tidak biasa",JLPT JLPT_2 JLPT_3,LNAQ6Xt7x$
明後日,みょうごにち,day after tomorrow,besok lusa,JLPT JLPT_2 JLPT_3,vq>.q}^O]P
未来,みらい,future (life tense),masa depan (kehidupan tegang),JLPT JLPT_2 JLPT_3,Ghk@nVs)kS
魅力,みりょく,"charm, fascination, appeal","pesona, daya tarik, daya tarik",JLPT JLPT_2 JLPT_3,w{[H?`kNh]
診る,みる,to examine (a patient),untuk memeriksa (seorang pasien),JLPT Intermediate_Japanese JLPT_3 JLPT_2 Intermediate_Japanese_Ln.12,Ap.|xWc<xg
ミルク,ミルク,milk,susu,JLPT JLPT_2 JLPT_3,rW2yU+[.3;
無,む,"nothing, naught, zero","tidak ada, tidak ada, nol",JLPT JLPT_2 JLPT_3,M/]]Gfu|C<
向かい,むかい,"facing, opposite, across","menghadap, berlawanan, melintang",JLPT JLPT_2 JLPT_3,v-M][z30<G
迎え,むかえ,"meeting, person sent to pick up an arrival","pertemuan, orang dikirim untuk menjemput kedatangan",JLPT JLPT_2 JLPT_3,M.JFq}D{XW
向く,むく,to face,untuk menghadapi,JLPT JLPT_2 JLPT_3,"B?VOe(a,ck"
剥く,むく,"to peel, to skin","mengupas, menguliti",JLPT JLPT_2 JLPT_3,O9G!=VsU$R
向ける,むける,"to turn towards, to point","untuk berbalik ke arah, untuk menunjuk",JLPT JLPT_2 JLPT_3,O0#L}~28:p
無視,むし,"disregard, ignore","abaikan, abaikan",JLPT JLPT_2 JLPT_3,"H?.,UKB|]n"
蒸し暑い,むしあつい,"humid, sultry","lembab, gerah",JLPT JLPT_2 JLPT_3,b:SYmm(y*W
虫歯,むしば,"cavity, tooth decay","gigi berlubang, kerusakan gigi",JLPT JLPT_2 JLPT_3,p^*~90tI~;
寧ろ,むしろ,"rather, better, instead","sebaliknya, lebih baik",JLPT JLPT_2 JLPT_3,iKd&nF*kp>
蒸す,むす,"to steam, to poultice, to be sultry","untuk mengukus, untuk tapal, untuk menjadi gerah",JLPT JLPT_2 JLPT_3,A8e|Klqr_`
結ぶ,むすぶ,"to tie, to bind, to link","mengikat, mengikat, menghubungkan",JLPT JLPT_2 JLPT_3,ymg7!.{d0`
無駄,むだ,"futility, uselessness","kesia-siaan, ketidakbergunaan",JLPT JLPT_2 JLPT_3,f?04M}_6S/
夢中,むちゅう,"crush, crazy, be hooked on","naksir, gila, ketagihan",JLPT JLPT_2 JLPT_3,c*kD_bu37.
胸,むね,"breast, chest","payudara, dada",JLPT JLPT_2 JLPT_3,yLcSyJ#.nc
無料,むりょう,"free, no charge","gratis, tidak dipungut biaya",JLPT JLPT_2 JLPT_3,JN6`<L^h|2
芽,め,sprout,tumbuh,JLPT JLPT_2 JLPT_3,"j,J}0*}#hN"
明確,めいかく,"clear, definite","jelas, pasti",JLPT JLPT_2 JLPT_3,DCM(3>-lRK
名刺,めいし,(name) card; business card,kartu (nama);,JLPT Intermediate_Japanese JLPT_3 JLPT_2 Intermediate_Japanese_Ln.1,K3cZp`gUUo
名詞,めいし,noun,kata benda,JLPT JLPT_2 JLPT_3,iPorDGRE(|
命じる,めいじる,"to order, to command, to appoint","memerintahkan, memerintah, menunjuk",JLPT JLPT_2 JLPT_3,qg|.+Szu_I
名人,めいじん,"master, expert","tuan, ahli",JLPT JLPT_2 JLPT_3,Fni-n$8WrW
命令,めいれい,"order, command, decree","perintah, perintah, keputusan",JLPT JLPT_2 JLPT_3,KKSB-pS%yq
迷惑,めいわく,"trouble, bother, annoyance","masalah, gangguan, gangguan",JLPT JLPT_2 JLPT_3,"i.t)w,3ng-"
目上,めうえ,person of higher status; one's senior,orang yang berstatus lebih tinggi;,JLPT Intermediate_Japanese JLPT_3 JLPT_2 Intermediate_Japanese_Ln.2,oNjcNV)ff[
飯,めし,"meals, food","makanan, makanan",JLPT JLPT_2 JLPT_3,IWA[~#BL^U
滅多に,めったに,"rarely (with neg. verb), seldom","jarang (dengan kata kerja neg.), jarang",JLPT JLPT_2 JLPT_3,j)#=ex#L)O
メモ,メモ,"memorandum, note","memorandum, catatan",JLPT JLPT_2 JLPT_3,"skJ)D[(,@."
面,めん,"face, mug, surface, side or facet, corner, page","wajah, mug, permukaan, sisi atau segi, sudut, halaman",JLPT JLPT_2 JLPT_3,"w,_Ik;ZYes"
綿,めん,cotton,kapas,JLPT JLPT_2 JLPT_3,zi)_)]=$49
免許,めんきょ,"license, permit, certificate","lisensi, izin, sertifikat",JLPT JLPT_3 JLPT_2 Genki_Ln.22 Genki,giqsadF8[_
面接,めんせつ,interview,wawancara,JLPT Intermediate_Japanese JLPT_3 JLPT_2 Genki Genki_Ln.23 Intermediate_Japanese_Ln.3,"G{,..f)t;T"
面倒,めんどう,"trouble, attention","masalah, perhatian",JLPT JLPT_2 JLPT_3,jarwg?`xYM
メンバー,メンバー,member,anggota,JLPT JLPT_2 JLPT_3,ioP<e}C#*T
申し込む,もうしこむ,"to apply for, to make an application","untuk melamar, untuk membuat lamaran",JLPT Intermediate_Japanese JLPT_3 JLPT_2 Intermediate_Japanese_Ln.3,p-@iqxnx(*
申し訳,もうしわけ,"apology, excuse","permintaan maaf, permisi",JLPT JLPT_2 JLPT_3,"w0A,13h@XG"
毛布,もうふ,blanket,selimut,JLPT JLPT_2 JLPT_3,G|6QSL6HzW
燃える,もえる,to burn,untuk membakar,JLPT JLPT_2 JLPT_3,C2}(_d=*8]
目的,もくてき,"purpose, goal, aim","maksud, sasaran, sasaran",JLPT Intermediate_Japanese JLPT_3 JLPT_2 Intermediate_Japanese_Ln.3,"FrxXy0,/EI"
目標,もくひょう,"mark, objective, target","tandai, sasaran, sasaran",JLPT JLPT_2 JLPT_3,eD#(2kEfi#
文字,もじ,"letter (of alphabet), character","huruf (abjad), karakter",JLPT JLPT_2 JLPT_3,v{bw_z2KT.
文字,もんじ,"letter (of alphabet), character","huruf (abjad), karakter",JLPT JLPT_2 JLPT_3,i}R1C0Kg[i
もしかすると,もしかすると,"perhaps, maybe, by some chance","mungkin, mungkin, secara kebetulan",JLPT JLPT_2 JLPT_3,E_gTNRA!W1
もしも,もしも,if,jika,JLPT JLPT_2 JLPT_3,Q41Ox`49(P
持ち上げる,もちあげる,"to raise, to lift up, to flatter","untuk mengangkat, untuk mengangkat, untuk menyanjung",JLPT JLPT_2 JLPT_3,Ck3.ZXZ[6p
用いる,もちいる,"to use, to make use of","untuk menggunakan, memanfaatkan",JLPT JLPT_2 JLPT_3,so5H6d<zN+
もったいない,もったいない,"wasteful; more than one deserves, unworthy of",boros;,JLPT JLPT_2 JLPT_3,yewBxbz7]I
尤も,もっとも,"quite right, plausible, natural","benar sekali, masuk akal, wajar",JLPT JLPT_2 JLPT_3,A>F:Ft1w22
元,もと,"origin, original; former","asal, asli;",JLPT JLPT_2 JLPT_3,"O)La7,`]AY"
基,もと,basis,dasar,JLPT JLPT_2 JLPT_3,Icp_M75Xpg
素,もと,prime,utama,JLPT JLPT_2 JLPT_3,yGr3{oX4%H
戻す,もどす,"to restore, to put back, to return","memulihkan, mengembalikan, mengembalikan",JLPT JLPT_2 JLPT_3,PmY(.gc-w+
基づく,もとづく,"to be grounded on, to be based on","untuk dijadikan dasar, untuk dijadikan dasar",JLPT JLPT_2 JLPT_3,I&bTc?WHhL
求める,もとめる,"to request, to ask for; to seek, to search for","untuk meminta, untuk meminta;",JLPT Intermediate_Japanese JLPT_3 JLPT_2 Intermediate_Japanese_Ln.4,lJ&@p010:m
者,もの,person (same as 人 (ひと)),orang (sama dengan 人 (ひと)),JLPT Intermediate_Japanese JLPT_3 JLPT_2 Intermediate_Japanese_Ln.3,vAI([v0H/E
物音,ものおと,sounds,terdengar,JLPT JLPT_2 JLPT_3,hL<`ZEm#E^
物語,ものがたり,"tale, story, legend","dongeng, cerita, legenda",JLPT JLPT_2 JLPT_3,b2F39/cX@{
物事,ものごと,"things, everything","hal-hal, semuanya",JLPT JLPT_2 JLPT_3,JYu;9)KWYP
燃やす,もやす,to burn,untuk membakar,JLPT JLPT_2 JLPT_3,h5FjFnJT{r
模様,もよう,"pattern, figure, design","pola, gambar, desain",JLPT JLPT_2 JLPT_3,DCW6|C<9T)
文句,もんく,a complaint,keluhan,JLPT Intermediate_Japanese Genki JLPT_3 JLPT_2 Intermediate_Japanese_Ln.14 Genki_Ln.21 Intermediate_Japanese_Ln.11,"q,87=b37fY"
やがて,やがて,"before long, soon, at length","tak lama lagi, segera, panjang lebar",JLPT Intermediate_Japanese JLPT_3 JLPT_2 Intermediate_Japanese_Ln.8,nlnms.mL_|
役,やく,"role, position","peran, posisi",JLPT JLPT_2 JLPT_3,sc=i9?h^tQ
約,やく,"approximately, about, some","kira-kira, tentang, beberapa",JLPT Intermediate_Japanese JLPT_3 JLPT_2 Intermediate_Japanese_Ln.11,L31l;C5Xp=
訳,やく,translation,terjemahan,JLPT JLPT_2 JLPT_3,CmgPQjblgT
訳す,やくす,to translate,untuk menerjemahkan,JLPT Intermediate_Japanese JLPT_3 JLPT_2 Intermediate_Japanese_Ln.2,Cj2Ni~H!BW
役割,やくわり,"assigning (allotment of) parts, role, duties","penugasan (penjatahan) bagian, peran, tugas",JLPT JLPT_2 JLPT_3,"jj*z,nk6$Z"
家賃,やちん,rent,menyewa,JLPT Genki_Ln.18 JLPT_3 JLPT_2 Genki,Og7<v^:R8@
厄介,やっかい,"trouble, burden, care","masalah, beban, kekhawatiran",JLPT JLPT_2 JLPT_3,O_#+8qFx*C
宿,やど,"inn, lodging","penginapan, penginapan",JLPT JLPT_2 JLPT_3,F8A%9EzpfO
雇う,やとう,"to employ, to hire","untuk mempekerjakan, untuk mempekerjakan",JLPT Intermediate_Japanese JLPT_3 JLPT_2 Intermediate_Japanese_Ln.8,fsV)jU5lVf
屋根,やね,roof,atap,JLPT JLPT_2 JLPT_3,K@]5qy=.%v
破る,やぶる,to tear; to violate; to defeat,untuk merobek;,JLPT JLPT_2 JLPT_3,Hc|1rO==::
破れる,やぶれる,"to get torn, to wear out","menjadi robek, menjadi aus",JLPT JLPT_2 JLPT_3,Q>N&s5^Kb%
辞める,やめる,to retire,untuk pensiun,JLPT JLPT_2 JLPT_3,J|2c^zFs0y
やや,やや,"a little, partially, somewhat","sedikit, sebagian, agak",JLPT JLPT_2 JLPT_3,OikgR+nKY0
唯一,ゆいいつ,"only, sole, unique","hanya, satu-satunya, unik",JLPT JLPT_2 JLPT_3,mNuH=kxM-E
勇気,ゆうき,"courage, bravery, boldness","keberanian, keberanian, keberanian",JLPT JLPT_2 JLPT_3,z0tdm#]12w
友好,ゆうこう,friendship,persahabatan,JLPT JLPT_2 JLPT_3,qSk@+t:._p
有効,ゆうこう,"valid, effectual","sahih, mujarab",JLPT Intermediate_Japanese JLPT_3 JLPT_2 Intermediate_Japanese_Ln.10,iL.?i)%fKm
優秀,ゆうしゅう,"superiority, excellence","keunggulan, keunggulan",JLPT JLPT_2 JLPT_3,O^v!ja{$6}
優勝,ゆうしょう,"overall victory, championship","kemenangan keseluruhan, kejuaraan",JLPT Intermediate_Japanese JLPT_3 JLPT_2 Intermediate_Japanese_Ln.7,Gxir)F$3h;
友情,ゆうじょう,"friendship, fellowship","persahabatan, persekutuan",JLPT JLPT_2 JLPT_3,hpnSza2$^g
友人,ゆうじん,friend (formal),teman (formal),JLPT Intermediate_Japanese JLPT_3 JLPT_2 Intermediate_Japanese_Ln.15 Intermediate_Japanese_Ln.2,iE%IT=Qp]>
有能,ゆうのう,"able, capable, efficient","mampu, mampu, efisien",JLPT JLPT_2 JLPT_3,P0&QeU;_J8
郵便,ゆうびん,"mail, postal service","surat, layanan pos",JLPT JLPT_2 JLPT_3,y1Pm-8jy]k
ユーモア,ユーモア,humor,humor,JLPT JLPT_2 JLPT_3,df%[k|%u*+
有利,ゆうり,"advantageous, better","menguntungkan, lebih baik",JLPT JLPT_2 JLPT_3,H]2^aHqq32
床,ゆか,floor,lantai,JLPT JLPT_2 JLPT_3,lG~]%rmVy|
愉快,ゆかい,"pleasant, happy","menyenangkan, bahagia",JLPT JLPT_2 JLPT_3,"o,+Kowdko`"
譲る,ゆずる,"to turn over, to assign, to hand over","untuk menyerahkan, menugaskan, menyerahkan",JLPT JLPT_2 JLPT_3,Hvg@/iJB}O
豊か,ゆたか,"abundant, wealthy, plentiful, rich","berlimpah, kaya, berlimpah, kaya",JLPT JLPT_2 JLPT_3,"d9lbZ0yM,{"
茹でる,ゆでる,to boil,mendidih,JLPT JLPT_2 JLPT_3,vocx6RiGG7
許す,ゆるす,"to permit, to allow, to approve","untuk mengizinkan, mengizinkan, menyetujui",JLPT Intermediate_Japanese JLPT_3 JLPT_2 Intermediate_Japanese_Ln.8,jUZ.+k2dQs
夜,よ,"evening, night","sore, malam",JLPT JLPT_2 JLPT_3,O|UO#;VR|i
夜明け,よあけ,"dawn, daybreak","fajar, fajar",JLPT JLPT_2 JLPT_3,P]gvvnr3UX
酔う,よう,to get drunk,untuk mabuk,JLPT JLPT_2 JLPT_3,Nw#Iv9NMME
容易,ようい,"easy, simple, plain","mudah, sederhana, polos",JLPT JLPT_2 JLPT_3,P+bB1Di`Ky
容器,ようき,"container, vessel","wadah, kapal",JLPT JLPT_2 JLPT_3,iaea{|Cg@:
陽気,ようき,"season, weather, cheerfulness","musim, cuaca, keceriaan",JLPT JLPT_2 JLPT_3,u51di;kV4W
要求,ようきゅう,"request, demand","permintaan, permintaan",JLPT JLPT_2 JLPT_3,nvC?4QsNf}
用心,ようじん,"care, precaution, caution","perhatian, kehati-hatian, kehati-hatian",JLPT JLPT_2 JLPT_3,Flc5De-&7.
様子,ようす,"aspect, state, appearance","aspek, keadaan, penampilan",JLPT JLPT_2 JLPT_3,A7/`ZQ{`>8
要するに,ようするに,"in a word, after all, in short …","singkatnya, singkatnya …",JLPT JLPT_2 JLPT_3,FOjPBhXtfP
要素,ようそ,element,elemen,JLPT JLPT_2 JLPT_3,GZk%&=rm6%
要点,ようてん,"gist, main point","intinya, poin utama",JLPT JLPT_2 JLPT_3,Qs5wBsMZ.}
曜日,ようび,day of the week,hari dalam seminggu,JLPT JLPT_2 JLPT_3,H-|U<zuUTq
ヨーロッパ,ヨーロッパ,Europe,Eropa,JLPT JLPT_2 JLPT_3,cEJaT(aXg
予期,よき,"expectation, forecast","harapan, ramalan",JLPT JLPT_2 JLPT_3,k(Z/4d8ciX
横切る,よこぎる,"to cross (e.g., arms), to traverse","untuk menyilangkan (misalnya, lengan), untuk melintasi",JLPT JLPT_2 JLPT_3,ba+_Ekz}4>
汚す,よごす,"to pollute, to make dirty","mencemari, membuat kotor",JLPT JLPT_2 JLPT_3,gASRu}ar&]
予算,よさん,"estimate, budget","perkiraan, anggaran",JLPT JLPT_2 JLPT_3,k15uOKT$nk
止す,よす,"to cease, to give up","untuk berhenti, menyerah",JLPT JLPT_2 JLPT_3,g87)Rqp|@G
寄せる,よせる,"to collect, to gather, to put aside","untuk mengumpulkan, untuk mengumpulkan, untuk menyisihkan",JLPT JLPT_2 JLPT_3,M9{&7Gc5&~
予測,よそく,"prediction, estimation","prediksi, estimasi",JLPT JLPT_2 JLPT_3,E(^1aDIi!6
ヨット,ヨット,yacht,kapal pesiar,JLPT JLPT_2 JLPT_3,G/C^ah63g_
夜中,よなか,"midnight, dead of night","tengah malam, tengah malam",JLPT JLPT_2 JLPT_3,QTA:28I)zV
世の中,よのなか,"society, the world","masyarakat, dunia",JLPT Intermediate_Japanese JLPT_3 JLPT_2 Intermediate_Japanese_Ln.14,zQaur22G#@
余分,よぶん,"extra, excess, surplus","ekstra, kelebihan, kelebihan",JLPT JLPT_2 JLPT_3,uLcn4c5r}h
予報,よほう,"forecast, prediction","perkiraan, prediksi",JLPT JLPT_2 JLPT_3,CpZ2Kf3K1p
予防,よぼう,"prevention, protection against","pencegahan, perlindungan terhadap",JLPT JLPT_2 JLPT_3,rDZhF+<_&}
読み,よみ,reading,membaca,JLPT JLPT_2 JLPT_3,K?H`Don1~V
嫁,よめ,"bride, daughter-in-law","pengantin wanita, menantu perempuan",JLPT JLPT_2 JLPT_3,oRq&EQjfdU
余裕,よゆう,excess; surplus,kelebihan;,JLPT Intermediate_Japanese JLPT_3 JLPT_2 Intermediate_Japanese_Ln.15,E;;B#u-gwT
より,より,"twist, ply","memutar, melapisi",JLPT JLPT_2 JLPT_3,"P,gDgn3/%z"
因る,よる,to come from,untuk datang dari,JLPT JLPT_2 JLPT_3,bk:?0yP.}A
喜び,よろこび,"joy, pleasure, rejoicing","kegembiraan, kesenangan, kegembiraan",JLPT JLPT_2 JLPT_3,K+wNM)/!OH
よろしく (かん),よろしく (かん),"best regards, please remember me","salam hormat, tolong ingat aku",JLPT JLPT_2 JLPT_3,uLM;15kvNe
四,よん,four,empat,JLPT JLPT_2 JLPT_3,FT^HSOQQHt
来,らい～,next ~,selanjutnya ~,JLPT JLPT_2 JLPT_3,A=wX.vJ`;k
ライター,ライター,lighter; writer,lebih ringan;,JLPT JLPT_2 JLPT_3,NgUl4>*Khu
楽,らく,"comfort, ease","kenyamanan, kemudahan",JLPT JLPT_2 JLPT_3,DiE;3Dx>c<
ラケット,ラケット,racket,raket,JLPT JLPT_2 JLPT_3,rc5WF%qwi^
利益,りえき,"profits, gains","keuntungan, keuntungan",JLPT JLPT_2 JLPT_3,j{(4)&Jk(I
理解,りかい,"understanding, comprehension","pemahaman, pemahaman",JLPT JLPT_2 JLPT_3,kKF%t{|4d1
陸,りく,"land, shore","tanah, pantai",JLPT JLPT_2 JLPT_3,f7mi}zh7:U
利口,りこう,"clever, shrewd, bright","pintar, cerdik, cerdas",JLPT JLPT_2 JLPT_3,fywFMWmChi
離婚,りこん,divorce,perceraian,JLPT JLPT_2 JLPT_3,PI9p-(a/mR
理想,りそう,ideal,ideal,JLPT JLPT_3 JLPT_2 Genki_Ln.23 Genki,Ev]+?).P_6
率,りつ,"rate, ratio, percentage","tarif, rasio, persentase",JLPT JLPT_2 JLPT_3,s+WV`q_zTd
留学,りゅうがく,studying abroad,belajar di luar negeri,JLPT JLPT_2 JLPT_3,jA_j8gA?Xq
流行,りゅうこう,"fashionable, fad, prevailing","modis, iseng, berlaku",JLPT JLPT_2 JLPT_3,oDwVFzWRDw
量,りょう,"quantity, amount","kuantitas, jumlah",JLPT JLPT_2 JLPT_3,EL&y=qJ[p]
寮,りょう,"hostel, dormitory","asrama, asrama",Genki_Ln.17 JLPT Intermediate_Japanese JLPT_3 JLPT_2 Intermediate_Japanese_Ln.2 Genki,v~j5~V9)9G
両替,りょうがえ,"change, money exchange","kembalian, penukaran uang",JLPT JLPT_2 JLPT_3,d:;<z]06Bi
料金,りょうきん,"fee, charge, fare","biaya, ongkos, ongkos",JLPT Intermediate_Japanese JLPT_3 JLPT_2 Intermediate_Japanese_Ln.10,zVvm;g>0?l
例,れい,"instance, example, case","misalnya, contoh, kasus",JLPT Intermediate_Japanese JLPT_3 JLPT_2 Intermediate_Japanese_Ln.2,kB-8@n:7>K
礼,れい,expression of gratitude; bow,ungkapan terima kasih;,JLPT JLPT_2 JLPT_3,EZ&Acuix#;
例外,れいがい,exception,pengecualian,JLPT JLPT_2 JLPT_3,tw6[F{cyVX
礼儀,れいぎ,"manners, courtesy, etiquette","sopan santun, sopan santun, etiket",JLPT JLPT_2 JLPT_3,Gd12dxU_~f
冷静,れいせい,"calm, coolness","tenang, sejuk",JLPT JLPT_2 JLPT_3,B49T]&wBB/
列,れつ,"queue, line, row","antrian, baris, baris",JLPT JLPT_2 JLPT_3,xG=0sSj|M]
列車,れっしゃ,train (ordinary),kereta api (biasa),JLPT JLPT_2 JLPT_3,QT2^`L&p0(
レベル,レベル,level,tingkat,JLPT Intermediate_Japanese JLPT_3 JLPT_2 Intermediate_Japanese_Ln.5,zpbh!KoN[L
連想,れんそう,"association (of ideas), suggestion","asosiasi (ide), sugesti",JLPT JLPT_2 JLPT_3,"NQ21Zh,%s4"
連続,れんぞく,"consecutive, continuity, continuing","berurutan, kontinuitas, berkelanjutan",JLPT JLPT_2 JLPT_3,ODN;p&H}o6
老人,ろうじん,"the aged, old person","orang tua, orang tua",JLPT JLPT_2 JLPT_3,Fz<ozu`hKp
労働,ろうどう,"labor, work","buruh, bekerja",JLPT JLPT_2 JLPT_3,svW#2;;Cv:
ロケット,ロケット,"locket, rocket","liontin, roket",JLPT JLPT_2 JLPT_3,s>l2C%ZS6!
論じる,ろんじる,"to argue, to discuss","berdebat, berdiskusi",JLPT JLPT_2 JLPT_3,PV@[>Orc)!
論争,ろんそう,"controversy, dispute","kontroversi, perselisihan",JLPT JLPT_2 JLPT_3,OnROo#.Af[
論文,ろんぶん,"thesis, paper","tesis, makalah",JLPT JLPT_2 JLPT_3,x9Y&i=]xwo
輪,わ,"ring, hoop, circle","cincin, lingkaran, lingkaran",JLPT JLPT_2 JLPT_3,FnX+2P-4%V
ワイン,ワイン,wine,anggur,JLPT Intermediate_Japanese JLPT_3 JLPT_2 Intermediate_Japanese_Ln.9,k_34Ad?RbL
わがまま,わがまま,"selfishness, egoism, willfulness","keegoisan, egoisme, kesengajaan",JLPT JLPT_2 JLPT_3,EZq`y]jF5A
別れ,わかれ,"parting, separation, farewell","perpisahan, perpisahan, perpisahan",JLPT JLPT_2 JLPT_3,OMtj+e3iBn
分かれる,わかれる,"to branch off, to diverge from","untuk bercabang, menyimpang dari",JLPT JLPT_2 JLPT_3,"h3]%FQ}r,e"
脇,わき,side,samping,JLPT JLPT_2 JLPT_3,jKWknj-GZC
湧く,わく,"to boil, to grow hot","mendidih, menjadi panas",JLPT JLPT_2 JLPT_3,eVR+00~Wm
分ける,わける,"to divide, to separate","untuk membagi, untuk memisahkan",JLPT JLPT_2 JLPT_3,o0j(Vbh=Dm
わざと,わざと,on purpose,dengan sengaja,JLPT JLPT_2 JLPT_3,viYnUwNT3<
僅か,わずか,"only, merely, a little","hanya, hanya, sedikit",JLPT JLPT_2 JLPT_3,q2B/3.([A6
綿,わた,cotton,kapas,JLPT JLPT_2 JLPT_3,v86=9+m*Zo
話題,わだい,"topic, subject","topik, subjek",JLPT JLPT_2 JLPT_3,z8.CmK<Fdr
笑い,わらい,"laugh, laughter, smile","tertawa, tertawa, tersenyum",JLPT JLPT_2 JLPT_3,DQ4$VTV1]U
割る,わる,"to divide, to break","untuk membagi, untuk menghancurkan",JLPT JLPT_2 JLPT_3,oEUIbaXq]C
悪口,わるくち,"abuse, insult","pelecehan, penghinaan",JLPT JLPT_2 JLPT_3,"d]Rs;YIR,B"
我々,われわれ,we,Kami,JLPT JLPT_2 JLPT_3,E2(6GHR8(/
湾,わん,"bay, gulf, inlet","teluk, teluk, saluran masuk",JLPT JLPT_2 JLPT_3,P6{jsCe:#w
椀,わん,bowl,mangkuk,JLPT JLPT_2 JLPT_3,l4kkf<]hlo
碗,わん,bowl,mangkuk,JLPT JLPT_2 JLPT_3,jaH28ERkuW
悪,あく,"evil, vice","jahat, wakil",JLPT_1 JLPT JLPT_3,Q1DWi+VRb<
当り,あたり,"hit, success, reaching the mark","pukulan, sukses, mencapai sasaran",JLPT_1 JLPT JLPT_3,pvdd^T@ma/
アップ,アップ,up,ke atas,JLPT_1 JLPT JLPT_3,A[u&?[.Bro
宛てる,あてる,"to address, to put","untuk mengatasi, untuk menempatkan",JLPT_1 JLPT JLPT_3,l&CGpg$n)R
アンケート,アンケート,"questionnaire (FRE: enquete), survey","kuesioner (FRE: enquete), survei",JLPT_1 JLPT JLPT_3,"jvw,M=`Mc4"
異,い,difference (of opinion),perbedaan (pendapat),JLPT_1 JLPT JLPT_3,KWy%Q&s$/y
意,い,will,akan,JLPT_1 JLPT JLPT_3,ue.p8Uogo]
医院,いいん,"doctor's office (surgery), clinic","kantor dokter (bedah), klinik",JLPT_1 JLPT JLPT_3,cxetSKwBbl
怒り,いかり,anger,amarah,JLPT_1 JLPT JLPT_3,eag:XoP`Iu
粋,いき,"chic, style, purity","cantik, gaya, kemurnian",JLPT_1 JLPT JLPT_3,ugWhTIM%@o
意地,いじ,"disposition, spirit, obstinacy, appetite","watak, semangat, keras kepala, nafsu makan",JLPT_1 JLPT JLPT_3,Bt*R$hF@~7
依然,いぜん,"still, as yet","masih, sampai saat ini",JLPT_1 JLPT JLPT_3,gx*_AN|$_R
傷める,いためる,"to damage, to impair, to spoil","merusak, melemahkan, merusak",JLPT_1 JLPT JLPT_3,uF3-=@-Bpo
炒める,いためる,to stir-fry,untuk menggoreng,JLPT_1 JLPT JLPT_3,"G^,`T^H<Y$"
一帯,いったい,"a region, the whole place","suatu wilayah, seluruh tempat",JLPT_1 JLPT JLPT_3,DAOK/%LCS(
異動,いどう,"a change, transfer","perubahan, transfer",JLPT_1 JLPT JLPT_3,ew^/izF?S5
衣料,いりょう,clothing,pakaian,JLPT_1 JLPT JLPT_3,gj0|x/@YEn
渦,うず,swirl,keramaian,JLPT_1 JLPT JLPT_3,sfWs{S%^qV
埋まる,うまる,"to be buried, to be filled","untuk dikuburkan, untuk diisi",JLPT_1 JLPT JLPT_3,7lK)HuokX
産む,うむ,"to give birth (v.t.), to deliver, to produce","melahirkan (v.t.), melahirkan, menghasilkan",JLPT Intermediate_Japanese JLPT_1 JLPT_3 Intermediate_Japanese_Ln.14,r|}xM1gEOl
縁,えん,"chance, tie, relationship","kesempatan, dasi, hubungan",JLPT_1 JLPT JLPT_3,oaiH%ZtU~K
尾,お,"tail, ridge","ekor, punggung bukit",JLPT_1 JLPT JLPT_3,wE6#3`(P-s
負う,おう,"to bear, to owe","menanggung, berhutang",JLPT_1 JLPT JLPT_3,u~;tItu4oL
遅れ,おくれ,"delay, lag","tunda, ketinggalan",JLPT Intermediate_Japanese JLPT_1 JLPT_3 Intermediate_Japanese_Ln.14,l%9;2PC4x+
教え,おしえ,"teachings, doctrine","ajaran, doktrin",JLPT_1 JLPT JLPT_3,xPgyX4=PH+
驚き,おどろき,"surprise, astonishment, wonder","terkejut, takjub, heran",JLPT_1 JLPT JLPT_3,uYPDwf:Xey
織る,おる,to weave,untuk menenun,JLPT_1 JLPT JLPT_3,H-^?L/FUtJ
欠く,かく,"to lack, to crack","kekurangan, retak",JLPT_1 JLPT JLPT_3,"y:z4,KW,Y-"
角,かく,angle,sudut,JLPT_1 JLPT JLPT_3,Q3RPtFjJo6
核,かく,"nucleus, kernel","inti, inti",JLPT_1 JLPT JLPT_3,e?}Lbq98=N
格,かく,"status, character, case","status, karakter, kasus",JLPT_1 JLPT JLPT_3,Bd<&>IEN#(
学歴,がくれき,academic background,latar belakang akademis,JLPT_1 JLPT JLPT_3,"oJD!i#Ghj,"
駆ける,かける,to run,untuk berlari,JLPT_1 JLPT JLPT_3,AlwjF+uaKO
賭ける,かける,"to bet, to risk, to gamble","bertaruh, mengambil risiko, berjudi",JLPT_1 JLPT JLPT_3,dX$E2ISF?E
課題,かだい,"subject, theme, task","subjek, tema, tugas",JLPT_1 JLPT JLPT_3,JNxi3:**/$
片付け,かたづけ,"tidying up, finishing","merapikan, menyelesaikan",JLPT_1 JLPT JLPT_3,b8#*+`Yer.
加味,かみ,"seasoning, flavoring","bumbu, penyedap rasa",JLPT_1 JLPT JLPT_3,IDJ]6]i7Jx
借り,かり,"borrowing, debt, loan","pinjaman, hutang, pinjaman",JLPT_1 JLPT JLPT_3,eJ@~/@E_cp
狩り,かり,hunting,memburu,JLPT_1 JLPT JLPT_3,F*!5GCg4U&
管,かん,"pipe, tube","pipa, tabung",JLPT_1 JLPT JLPT_3,fcs)GZ>f[[
～観,かん,"feeling, view","perasaan, pemandangan",JLPT_1 JLPT JLPT_3,L#gN7p7zR4
癌,がん,cancer,kanker,JLPT_1 JLPT JLPT_3,"p~,cAC,D+|"
刊行,かんこう,"publication, issue","publikasi, terbitan",JLPT_1 JLPT JLPT_3,M#=U8)QH)D
慣行,かんこう,"customary practice, habit, traditional event","praktek adat, kebiasaan, acara adat",JLPT_1 JLPT JLPT_3,xk+2IzF[p%
歓声,かんせい,"cheer, shout of joy","bersorak, bersorak gembira",JLPT_1 JLPT JLPT_3,"w6B,F.u4!."
官僚,かんりょう,"bureaucrat, bureaucracy","birokrat, birokrasi",JLPT_1 JLPT JLPT_3,vh@[V;%&ao
器官,きかん,"organ (of body, instrument)","organ (tubuh, instrumen)",JLPT_1 JLPT JLPT_3,N2?AghIU$R
季刊,きかん,"quarterly (e.g., magazine)","triwulanan (misalnya, majalah)",JLPT_1 JLPT JLPT_3,I;$Bk_n?X#
起源,きげん,"origin, beginning, rise","asal, permulaan, kebangkitan",JLPT_1 JLPT JLPT_3,tlShs$oI^}
機構,きこう,"mechanism, organization","mekanisme, organisasi",JLPT_1 JLPT JLPT_3,i}B:Es]N)f
築く,きずく,"to build, to establish","untuk membangun, untuk membangun",JLPT_1 JLPT JLPT_3,i^HMG^80!G
規制,きせい,regulation,peraturan,JLPT_1 JLPT JLPT_3,CN`|`I@cQ2
丘陵,きゅうりょう,hill,bukit,JLPT_1 JLPT JLPT_3,"E9ld1,7]!f"
協議,きょうぎ,"conference, discussion, negotiation","konferensi, diskusi, negosiasi",JLPT_1 JLPT JLPT_3,Q?<#X?Sj/E
享受,きょうじゅ,"enjoyment, being given","kenikmatan, diberikan",JLPT_1 JLPT JLPT_3,QIS<k>N.yl
協調,きょうちょう,"co-operation, conciliation, harmony","kerjasama, konsiliasi, harmoni",JLPT_1 JLPT JLPT_3,q1MP[9CeAj
切り,きり,"limits, place to leave off","batas, tempat untuk berhenti",JLPT_1 JLPT JLPT_3,B0AWr56JJ:
菌,きん,"germ, bacterium","kuman, bakteri",JLPT_1 JLPT JLPT_3,tmpS/:#W86
近視,きんし,nearsightedness,rabun jauh,JLPT_1 JLPT JLPT_3,"NkNB,nl-$5"
苦,く,"trouble, worry, difficulty","kesulitan, kekhawatiran, kesulitan",JLPT_1 JLPT JLPT_3,rAG1%p4z{~
群,ぐん,group,kelompok,JLPT_1 JLPT JLPT_3,"LN,Tx3PlR-"
刑,けい,"penalty, sentence, punishment","hukuman, hukuman, hukuman",JLPT_1 JLPT JLPT_3,"lZo,b@3#8r"
経緯,けいい,"sequence of events, course","urutan kejadian, tentu saja",JLPT_1 JLPT JLPT_3,vg;b<1L}X}
計器,けいき,"meter, gauge","meteran, pengukur",JLPT_1 JLPT JLPT_3,D|{=p=rf^U
契機,けいき,"opportunity, chance","peluang, peluang",JLPT_1 JLPT JLPT_3,K8C9CieJaA
携帯,けいたい,carrying something; mobile telephone,membawa sesuatu;,JLPT_1 JLPT JLPT_3,IrGZ6yI4>+
形態,けいたい,"form, shape, figure","bentuk, rupa, gambar",JLPT_1 JLPT JLPT_3,e/5N$:Z!T-
血管,けっかん,blood vessel,pembuluh darah,JLPT_1 JLPT JLPT_3,QbJ9AEIh9>
決行,けっこう,"doing (with resolve), carrying out (e.g., a plan)","melakukan (dengan tekad), melaksanakan (misalnya, rencana)",JLPT_1 JLPT JLPT_3,F-+3sLP~)5
件,けん,"matter, case, item","masalah, kasus, item",JLPT_1 JLPT JLPT_3,kQ?0ViPK+4
減少,げんしょう,"decrease, reduction, decline","penurunan, pengurangan, penurunan",JLPT_1 JLPT JLPT_3,k4_<}lhTb#
公演,こうえん,public performance,kinerja publik,JLPT_1 JLPT JLPT_3,H?FP7|9MSw
後悔,こうかい,"regret, repentance","penyesalan, pertobatan",JLPT_1 JLPT JLPT_3,Q1e2dQ@sG$
航海,こうかい,"sail, voyage","berlayar, pelayaran",JLPT_1 JLPT JLPT_3,dFa`<B!Rly
拘束,こうそく,"restriction, restraint","pembatasan, pengekangan",JLPT_1 JLPT JLPT_3,wAH|5]9<;T
荒廃,こうはい,ruin,menghancurkan,JLPT_1 JLPT JLPT_3,Pi<&-yXN08
降伏,こうふく,"capitulation, surrender, submission","menyerah, menyerah, tunduk",JLPT_1 JLPT JLPT_3,nz>D*v/PPD
興奮,こうふん,"excitement, stimulation","kegembiraan, rangsangan",JLPT_1 JLPT JLPT_3,uG+;eVvuCD
語句,ごく,"words, phrases","kata, frasa",JLPT_1 JLPT JLPT_3,IeE<Oj.e6u
個々,ここ,"individual, one by one","individu, satu demi satu",JLPT_1 JLPT JLPT_3,p2d:ics3}r
故人,こじん,the deceased,almarhum,JLPT_1 JLPT JLPT_3,i${0Y&niQE
小銭,こぜに,"coins, small change","koin, uang receh",JLPT_1 JLPT JLPT_3,"e/(},oiNGD"
ことによると,ことによると,(depending on the circumstances),(tergantung pada keadaan),JLPT_1 JLPT JLPT_3,B{&~P5e&VY
コンテスト,コンテスト,contest,kontes,JLPT_1 JLPT JLPT_3,sp5g%^>}gq
採集,さいしゅう,"collecting, gathering","mengumpulkan, mengumpulkan",JLPT_1 JLPT JLPT_3,Np[aMg9Zl4
作,さく,"a work, a harvest","sebuah pekerjaan, sebuah panen",JLPT_1 JLPT JLPT_3,e0vQj1EM3V
策,さく,"plan, policy","rencana, kebijakan",JLPT_1 JLPT JLPT_3,m7/9u%VJ!K
設備,せつび,"equipment, device, facilities","peralatan, perangkat, fasilitas",JLPT JLPT_2 JLPT_3,LIo%jKRqQs
絶滅,ぜつめつ,"destruction, extinction","kehancuran, kepunahan",JLPT JLPT_2 JLPT_3,io[YAo{Uu@
節約,せつやく,"economizing, saving","menghemat, menabung",JLPT JLPT_2 JLPT_3,"HN*O,b6I.s"
攻める,せめる,"to attack, to assault","untuk menyerang, untuk menyerang",JLPT JLPT_2 JLPT_3,tc4C[W7HwN
責める,せめる,"to condemn, to blame, to criticize","untuk mengutuk, menyalahkan, mengkritik",JLPT JLPT_2 JLPT_3,h&^&{;rWzw
善,ぜん,"good, virtue","baik, kebajikan",JLPT JLPT_2 JLPT_3,I+Wsd9&>8`
全,ぜん,"all, whole, entire","semua, keseluruhan, keseluruhan",JLPT JLPT_2 JLPT_3,"AlSQZeMOe,"
全員,ぜんいん,all members,semua anggota,JLPT JLPT_2 JLPT_3,sZoXHnMU/8
専攻,せんこう,"major subject, special study","mata pelajaran utama, studi khusus",JLPT JLPT_2 JLPT_3,ya8a{Dc>vj
全国,ぜんこく,"the entire nation, country-wide, nation-wide","seluruh bangsa, seluruh negeri, seluruh negeri",JLPT Intermediate_Japanese JLPT_3 JLPT_2 Intermediate_Japanese_Ln.7,^t`okG[_.
洗剤,せんざい,detergent,deterjen,JLPT JLPT_2 JLPT_3,L<+Y;nNWE2
先日,せんじつ,"the other day, a few days ago","tempo hari, beberapa hari yang lalu",JLPT Intermediate_Japanese JLPT_3 JLPT_2 Intermediate_Japanese_Ln.2,u}70pX97Ud
前者,ぜんしゃ,the former,yang pertama,JLPT JLPT_2 JLPT_3,PvTkSo0mR<
選手,せんしゅ,player selected for a team (usually athletic),pemain yang dipilih untuk sebuah tim (biasanya atletik),JLPT Intermediate_Japanese JLPT_3 JLPT_2 Intermediate_Japanese_Ln.7,v.;e@CEJx|
全身,ぜんしん,"the whole body, full-length (portrait)","seluruh tubuh, panjang penuh (potret)",JLPT JLPT_2 JLPT_3,pwxE{6M)x(
前進,ぜんしん,"advance, drive, progress","maju, mengemudi, maju",JLPT JLPT_2 JLPT_3,Bf[eOsL^b6
センター,センター,center,tengah,JLPT JLPT_2 JLPT_3,CxiSJ@d^~:
全体,ぜんたい,"whole, entirety, whatever (is the matter)","keseluruhan, keseluruhan, apa pun (apa masalahnya)",JLPT JLPT_2 JLPT_3,"P>z,++>r(]"
選択,せんたく,"selection, choice","seleksi, pilihan",JLPT JLPT_2 JLPT_3,k:.P/+fPZu
宣伝,せんでん,"advertisement, publicity","iklan, publisitas",JLPT JLPT_2 JLPT_3,JC$lTUtjG[
象,ぞう,elephant,gajah,JLPT Genki_Ln.13 JLPT_3 JLPT_2 Genki,q&<afrju^O
騒音,そうおん,noise,kebisingan,JLPT JLPT_2 JLPT_3,Nq>ZUuvl@9
増加,ぞうか,"increase, addition","peningkatan, penambahan",JLPT JLPT_2 JLPT_3,LCq]gC<#T)
操作,そうさ,"operation, management, processing","operasi, manajemen, pemrosesan",JLPT JLPT_2 JLPT_3,"mJ]7X>,V`y"
想像,そうぞう,"imagination, guess","imajinasi, tebak",JLPT JLPT_2 JLPT_3,k^1Z0>wFtS
相続,そうぞく,"succession, inheritance","suksesi, warisan",JLPT JLPT_2 JLPT_3,gLl5L9nWQL
装置,そうち,"equipment, installation, apparatus","peralatan, instalasi, peralatan",JLPT JLPT_2 JLPT_3,QP$y~p+;R`
相当,そうとう,"considerably, fairly; worth ~","sangat, cukup;",JLPT JLPT_2 JLPT_3,X|0~/xXGn
速度,そくど,"speed, velocity, rate","kecepatan, kelajuan, laju",JLPT JLPT_2 JLPT_3,H;GE;N$A%]
底,そこ,"bottom, sole","bawah, sol",JLPT JLPT_2 JLPT_3,E!a4:Hc]KR
そこで,そこで,"so (conj.), accordingly","jadi (konj.), karenanya",JLPT JLPT_2 JLPT_3,Q`8<U+}b2H
組織,そしき,organization; structure; tissue,organisasi;,JLPT JLPT_2 JLPT_3,zpGgl@h_Va
そして,そして,and then,kemudian,JLPT Genki_Ln.11 JLPT_3 JLPT_2 Genki,HVz1zz!rU*
注ぐ,そそぐ,to pour (into),untuk menuangkan (ke dalam),JLPT JLPT_2 JLPT_3,O|qtLZv)ag
育つ,そだつ,"to be brought up, to grow (up)","untuk dibesarkan, untuk tumbuh (naik)",JLPT JLPT_2 JLPT_3,DVd%wrkTnE
そっくり,そっくり,the splitting image of; entirely,gambar pemisahan;,JLPT JLPT_2 JLPT_3,"il,5{T<Ci/"
そっと,そっと,"softly, gently","dengan lembut, dengan lembut",JLPT JLPT_2 JLPT_3,dNlkAuY%B;
袖,そで,sleeve,lengan baju,JLPT JLPT_2 JLPT_3,qAnG-iHgN/
備える,そなえる,"to prepare, to furnish, to store","untuk mempersiapkan, untuk melengkapi, untuk menyimpan",JLPT JLPT_2 JLPT_3,nSf<nF|Wp=
具える,そなえる,to be furnished with,untuk dilengkapi,JLPT JLPT_2 JLPT_3,HK##7~;{8M
そのうえ,そのうえ,"in addition, furthermore","selain itu, lebih jauh lagi",JLPT JLPT_2 JLPT_3,g4O`W+&@o;
そのうち,そのうち,"before long, eventually, sooner or later","tak lama kemudian, pada akhirnya, cepat atau lambat",JLPT Intermediate_Japanese JLPT_3 JLPT_2 Intermediate_Japanese_Ln.1,PuLL>@8)rT
そのまま,そのまま,"without change, as it is (e.g., now)","tanpa perubahan, sebagaimana adanya (misalnya, sekarang)",JLPT JLPT_2 JLPT_3,Ct<iM4(-qV
蕎麦,そば,soba (buckwheat noodles),soba (mie soba),JLPT JLPT_2 JLPT_3,Bbh7N0fI`c
ソファー,ソファー,"sofa, couch","sofa, sofa",JLPT Intermediate_Japanese JLPT_3 JLPT_2 Intermediate_Japanese_Ln.12,z;bE4U6LP3
粗末,そまつ,"humble, miserable, crude","rendah hati, sengsara, kasar",JLPT JLPT_2 JLPT_3,j6Do>kVF89
それぞれ,それぞれ,"each, every, respectively","masing-masing, setiap, masing-masing",JLPT JLPT_2 JLPT_3,IU/9u{#l]`
それでも,それでも,"but (still), and yet, nevertheless","tapi (masih), namun, bagaimanapun juga",JLPT JLPT_2 JLPT_3,A4Ma6XxBkC
それと,それと,and,Dan,JLPT JLPT_2 JLPT_3,qT%b.lO-Up
それとも,それとも,"or, or else","atau, atau yang lain",JLPT JLPT_2 JLPT_3,FIBH9OiuNP
揃う,そろう,"to become complete, to be equal","untuk menjadi lengkap, untuk menjadi setara",JLPT JLPT_2 JLPT_3,eH+q6_0;;H
揃える,そろえる,"to put things in order, to arrange","untuk menertibkan, mengatur",JLPT JLPT_2 JLPT_3,"Hx^8k,vcgU"
損,そん,"loss, disadvantage","kerugian, kerugian",JLPT JLPT_2 JLPT_3,r5pYyEz*uG
損害,そんがい,"damage, loss","kerusakan, kehilangan",JLPT JLPT_2 JLPT_3,KNy-!0Msk~
尊敬,そんけい,"respect, reverence, honor","hormat, hormat, hormat",JLPT JLPT_2 JLPT_3,nh_pmhy#.q
存在,そんざい,"existence, being","keberadaan, keberadaan",JLPT JLPT_2 JLPT_3,Ah?vt+0Deq
尊重,そんちょう,"respect, esteem, regard","rasa hormat, penghargaan, penghargaan",JLPT JLPT_2 JLPT_3,h?{mP2f_-B
田,た,rice field,sawah,JLPT JLPT_2 JLPT_3,"w7MwtWnKt,"
他,た,other (esp. places and things),lainnya (khususnya tempat dan benda),JLPT JLPT_2 JLPT_3,P;is[6zAC!
対,たい,"pair, couple, set","berpasangan, berpasangan, set",JLPT JLPT_2 JLPT_3,"Moj,JFB9!<"
大,だい,"big, great","besar, bagus",JLPT JLPT_2 JLPT_3,LwTE(&7K+A
題,だい,"title, subject, theme","judul, subjek, tema",JLPT JLPT_2 JLPT_3,F^XD~^:A@0
体育,たいいく,"physical education, gymnastics, athletics","pendidikan jasmani, senam, atletik",JLPT JLPT_2 JLPT_3,CYaFjR7lk/
体温,たいおん,temperature (body),suhu (tubuh),JLPT JLPT_2 JLPT_3,JV$<Rwhu{y
大会,たいかい,"convention, (big) tournament, mass meeting","konvensi, turnamen (besar), pertemuan massal",JLPT Intermediate_Japanese JLPT_3 JLPT_2 Intermediate_Japanese_Ln.7,qPbid=y~O&
大気,たいき,atmosphere,suasana,JLPT JLPT_2 JLPT_3,"Hhm(,tKo;q"
代金,だいきん,"price, cost","harga, biaya",JLPT JLPT_2 JLPT_3,d6Cwm*}ZjB
退屈,たいくつ,"tedium, boring","membosankan, membosankan",JLPT JLPT_2 JLPT_3,F(8G#=fSzj
滞在,たいざい,"stay, sojourn","tinggal, singgah",JLPT JLPT_2 JLPT_3,bk>r|^ok!J
大使,たいし,ambassador,duta besar,JLPT JLPT_2 JLPT_3,zN!*9mGhu4
大した,たいした,"significant, great, considerable","signifikan, hebat, cukup besar",JLPT Intermediate_Japanese JLPT_3 JLPT_2 Intermediate_Japanese_Ln.13,oM^M6iE>L5
体重,たいじゅう,(body) weight,berat badan (tubuh).,JLPT Intermediate_Japanese JLPT_3 JLPT_2 Intermediate_Japanese_Ln.4,t`1!Oqj**T
対象,たいしょう,"target; object (of worship, study, etc.); subject (i.e., of taxation)",target;,JLPT Intermediate_Japanese JLPT_3 JLPT_2 Intermediate_Japanese_Ln.8,"p^#)B+1eX,"
対照,たいしょう,"contrast, antithesis, comparison","kontras, antitesis, perbandingan",JLPT JLPT_2 JLPT_3,n>fKKV=_7/
大臣,だいじん,cabinet minister,menteri kabinet,JLPT JLPT_2 JLPT_3,Ob3O=(AH>h
対する,たいする,"to face, to confront, to oppose","menghadapi, menghadapi, menentang",JLPT JLPT_2 JLPT_3,ybI4-s}gla
大戦,たいせん,"great war, great battle","perang besar, pertempuran hebat",JLPT JLPT_2 JLPT_3,f`t4(w295-
態度,たいど,"attitude, manner","sikap, cara",JLPT Intermediate_Japanese JLPT_3 JLPT_2 Intermediate_Japanese_Ln.3,CRe5#!Zg2
大統領,だいとうりょう,president,presiden,JLPT JLPT_2 JLPT_3,mQ?{N?L_2<
大半,たいはん,"most of, majority, mostly","sebagian besar, mayoritas, sebagian besar",JLPT Intermediate_Japanese JLPT_3 JLPT_2 Intermediate_Japanese_Ln.13,L@eG[f#yFA
代表,だいひょう,"representative, delegation","perwakilan, delegasi",JLPT Intermediate_Japanese JLPT_3 JLPT_2 Intermediate_Japanese_Ln.7,[cqqR!>%Z
大部分,だいぶぶん,"most part, majority","sebagian besar, mayoritas",JLPT JLPT_2 JLPT_3,xCOUr6=j:7
タイプライター,タイプライター,typewriter,mesin tik,JLPT JLPT_2 JLPT_3,wfroZ+;inq
逮捕,たいほ,"arrest, apprehension, capture","penangkapan, penangkapan, penangkapan",JLPT JLPT_2 JLPT_3,"mP*P.Zr^,5"
題名,だいめい,title,judul,JLPT JLPT_2 JLPT_3,x5M%%Ua514
ダイヤ,ダイヤ,(railway) schedule; diamond,jadwal (kereta api);,JLPT JLPT_2 JLPT_3,u65Ybwgo>d
太陽,たいよう,sun,matahari,JLPT JLPT_2 JLPT_3,Ods5M>&o#p
平ら,たいら,"flatness, level, smooth","kerataan, rata, halus",JLPT JLPT_2 JLPT_3,CCHa|.m;y*
代理,だいり,"representation, proxy, deputy","perwakilan, wakil, wakil",JLPT JLPT_2 JLPT_3,`LJ^*Zc6.
大陸,たいりく,continent,benua,JLPT Intermediate_Japanese JLPT_3 JLPT_2 Intermediate_Japanese_Ln.8,"j9v8D@q,-`"
倒す,たおす,"to throw down, to beat","untuk melempar, untuk mengalahkan",JLPT JLPT_2 JLPT_3,O)2K@u<S75
タオル,タオル,(hand) towel,(tangan) handuk,JLPT Genki_Ln.18 JLPT_3 JLPT_2 Genki,wEC@Qp%tX#
だが,だが,"but, however","tapi, bagaimanapun",JLPT JLPT_2 JLPT_3,yVQqFsidK:
互い,たがい,"mutual, each other","saling, satu sama lain",JLPT JLPT_2 JLPT_3,"A/w*RxK,aS"
高める,たかめる,"to raise, to lift, to boost","untuk meningkatkan, untuk mengangkat, untuk meningkatkan",JLPT JLPT_2 JLPT_3,k95gRhn5$b
宝,たから,treasure,harta karun,JLPT JLPT_2 JLPT_3,"Ms,V*:XqhK"
宅,たく,"house, home","rumah, rumah",JLPT JLPT_2 JLPT_3,NDCW+QVEo*
炊く,たく,"to boil, to cook","untuk merebus, untuk memasak",JLPT JLPT_2 JLPT_3,nMc=w-?iw5
焚く,たく,"to burn, to kindle, to build a fire","untuk membakar, menyalakan, menyalakan api",JLPT JLPT_2 JLPT_3,Dg<UbH>Qcm
抱く,だく,"to embrace, to hug","untuk memeluk, memeluk",JLPT JLPT_2 JLPT_3,KKtZ{u;?<t
だけど,だけど,however,Namun,JLPT JLPT_2 JLPT_3,B]!P5f2EJ8
たしか,たしか,"certain, sure, if I remember correctly","tentu, tentu, jika aku mengingatnya dengan benar",JLPT JLPT_2 JLPT_3,Ai@Savd_m@
確かめる,たしかめる,"to ascertain, to make sure","untuk memastikan, untuk memastikan",JLPT JLPT_2 JLPT_3,zRU$$MH{a;
多少,たしょう,a little (same as 少し (すこし)),sedikit (sama seperti 少し (すこし)),JLPT Intermediate_Japanese JLPT_3 JLPT_2 Intermediate_Japanese_Ln.13,Lr;d$E?/U|
助かる,たすかる,to be saved; (something) helps (v.i.),untuk diselamatkan;,JLPT Intermediate_Japanese Genki_Ln.18 JLPT_3 JLPT_2 Intermediate_Japanese_Ln.4 Genki,xVSsgH{D[a
助ける,たすける,"to help (v.t.), to save, to rescue","untuk membantu (v.t.), untuk menyelamatkan, untuk menyelamatkan",JLPT Intermediate_Japanese JLPT_3 JLPT_2 Genki Genki_Ln.22 Intermediate_Japanese_Ln.3,l/GW}?_@LC
ただ,ただ,free of charge; just (~); only (~),gratis;,JLPT Intermediate_Japanese JLPT_3 JLPT_2 Intermediate_Japanese_Ln.9 Genki_Ln.23 Genki,FnqECB)M9z
只,ただ,"free of charge, mere, only","gratis, belaka, saja",JLPT JLPT_2 JLPT_3,t3-MU5x.ml
唯,ただ,"mere, sole, plain","belaka, satu-satunya, polos",JLPT JLPT_2 JLPT_3,F%qA~M)1]b
戦い,たたかい,"battle, fight","pertempuran, pertarungan",JLPT JLPT_2 JLPT_3,q9<05fFYz
戦う,たたかう,"to fight, to compete, to battle","untuk bertarung, bersaing, bertempur",JLPT Intermediate_Japanese JLPT_3 JLPT_2 Intermediate_Japanese_Ln.7,Bby>Z<O$Cf
叩く,たたく,"to strike, to beat","untuk menyerang, untuk mengalahkan",JLPT JLPT_2 JLPT_3,qn)FIw6-x/
直ちに,ただちに,"at once, immediately","sekaligus, segera",JLPT JLPT_2 JLPT_3,K6vcg?:lAW
畳む,たたむ,to fold (clothes),melipat (pakaian),JLPT JLPT_2 JLPT_3,rkct5mr//(
立ち上がる,たちあがる,to stand up,untuk berdiri,JLPT JLPT_2 JLPT_3,HlZc:`g<19
立場,たちば,"standpoint, position, situation","sudut pandang, posisi, situasi",JLPT JLPT_2 JLPT_3,m+%3thjJjg
建つ,たつ,"to stand; to be built (v.i.), to erect, to be erected",untuk berdiri;,JLPT Intermediate_Japanese JLPT_3 JLPT_2 Intermediate_Japanese_Ln.10,n<i_4fThiw
経つ,たつ,(time) passes,(waktu) berlalu,JLPT Intermediate_Japanese JLPT_3 JLPT_2 Intermediate_Japanese_Ln.4,"r,N`cWnW^X"
達する,たっする,"to reach, to get to","untuk mencapai, untuk mencapai",JLPT JLPT_2 JLPT_3,wK1Ias[)#c
唯,たった,"only, just",hanya saja,JLPT JLPT_2 JLPT_3,uOH:v;n@##
だって,だって,"but, because, even","tapi, karena, genap",JLPT JLPT_2 JLPT_3,EX/P_yzE.A
たっぷり,たっぷり,"full, in plenty, ample","penuh, banyak, banyak",JLPT JLPT_2 JLPT_3,m+yv?z5be0
たとえ,たとえ,"even if, no matter, though","meskipun, tidak masalah",JLPT JLPT_2 JLPT_3,hFX[Llvj7<
谷,たに,valley,lembah,JLPT JLPT_2 JLPT_3,hcMe_RS(U*
他人,たにん,"unrelated person, stranger","orang yang tidak berhubungan, orang asing",JLPT JLPT_2 JLPT_3,hCa*aP>NLK
種,たね,seed; material; cause,benih;,JLPT JLPT_2 JLPT_3,q$QKyzwhUV
束,たば,"bunch, bundle","banyak, bundel",JLPT JLPT_2 JLPT_3,HpG5d&jd4^
足袋,たび,Japanese socks (with split toe),Kaus kaki Jepang (dengan ujung terbelah),JLPT JLPT_2 JLPT_3,bhqtwW<taj
度,たび,counter for occurrences,counter untuk kejadian,JLPT JLPT_2 JLPT_3,c~q$.~Py-+
旅,たび,"travel, trip, journey","perjalanan, perjalanan, perjalanan",JLPT JLPT_2 JLPT_3,AP3&ju<[do
たびたび,たびたび,"often, repeatedly, frequently","sering, berulang kali, sering",JLPT JLPT_2 JLPT_3,N_zxk]NfeP
玉,たま,"ball, sphere, coin","bola, bola, koin",JLPT JLPT_2 JLPT_3,kel|c(YKw~
球,たま,"globe, sphere, ball","bola dunia, bola, bola",JLPT JLPT_2 JLPT_3,"IL5}@,L(HU"
弾,たま,"bullet, shot","peluru, tembakan",JLPT JLPT_2 JLPT_3,t`CC/|.iog
偶,たま,"even number, couple, friend","bilangan genap, pasangan, teman",JLPT JLPT_2 JLPT_3,H%.6|y[Mxx
騙す,だます,"to trick, to cheat, to deceive","untuk mengelabui, menipu, menipu",JLPT JLPT_2 JLPT_3,Lk)a>8:jDg
偶々,たまたま,"unexpectedly, accidentally, by chance","secara tak terduga, tanpa sengaja, secara kebetulan",JLPT JLPT_2 JLPT_3,JUx|gK)1.9
たまらない,たまらない,"intolerable, unbearable, unendurable","tak tertahankan, tak tertahankan, tak tertahankan",JLPT JLPT_2 JLPT_3,l`8q_oGHnv
溜まる,たまる,"to collect, to gather, to accumulate","mengumpulkan, mengumpulkan, mengumpulkan",JLPT JLPT_2 JLPT_3,vB$#wF*|#8
黙る,だまる,to be silent,untuk diam,JLPT JLPT_2 JLPT_3,s)emL*qV&)
試し,ためし,"trial, test","percobaan, ujian",JLPT JLPT_2 JLPT_3,qBNYe=mSa8
試す,ためす,"to attempt, to test","untuk mencoba, untuk menguji",JLPT JLPT_2 JLPT_3,OHz{.@pYIY
溜める,ためる,"to accumulate, to collect","untuk mengumpulkan, untuk mengumpulkan",JLPT JLPT_2 JLPT_3,I-!#mDL3^x
便り,たより,"news, correspondence, letter","berita, korespondensi, surat",JLPT JLPT_2 JLPT_3,gbz0bmQQdz
頼る,たよる,"to rely on, to have recourse to, to depend on","untuk mengandalkan, untuk meminta bantuan, untuk bergantung pada",JLPT JLPT_2 JLPT_3,Cpd=G;du6L
段,だん,"step, stair, grade","langkah, tangga, kelas",JLPT JLPT_2 JLPT_3,CK0>fzUr{x
単位,たんい,"credit (for a course in school); unit, denomination",kredit (untuk kursus di sekolah);,JLPT Intermediate_Japanese JLPT_3 JLPT_2 Intermediate_Japanese_Ln.3,ddo&;VY0jx
単語,たんご,word; vocabulary,kata;,JLPT JLPT_3 JLPT_2 Genki_Ln.9 Genki,v$Mi}v}l@p
男子,だんし,young man,pemuda,JLPT JLPT_2 JLPT_3,o|;<c@[|f3
単純,たんじゅん,simplicity,kesederhanaan,JLPT JLPT_2 JLPT_3,c0+aDZX4Q5
誕生,たんじょう,birth,kelahiran,JLPT JLPT_2 JLPT_3,dP`<<G(e41
ダンス,ダンス,dance,menari,JLPT JLPT_2 JLPT_3,euR|T?GwM~
団体,だんたい,"organization, association","organisasi, asosiasi",JLPT JLPT_2 JLPT_3,N[4TY72XQk
担当,たんとう,(in) charge,(dalam) biaya,JLPT JLPT_2 JLPT_3,eVQE*ebssb
単なる,たんなる,"mere, simple, sheer","belaka, sederhana, belaka",JLPT Intermediate_Japanese JLPT_3 JLPT_2 Intermediate_Japanese_Ln.15,bCE(TsI6rY
単に,たんに,"simply, merely","sederhananya, hanya saja",JLPT JLPT_2 JLPT_3,ndj9zxLbCH
地,ち,earth,bumi,JLPT JLPT_2 JLPT_3,o?b;2k}iDx
地位,ちい,"(social) position, status","posisi (sosial), status",JLPT JLPT_2 JLPT_3,PA:U(:c/cc
地域,ちいき,"area, region","wilayah, wilayah",JLPT JLPT_2 JLPT_3,kp_^FvzmU=
チーズ,チーズ,cheese,keju,JLPT Intermediate_Japanese JLPT_3 JLPT_2 Intermediate_Japanese_Ln.9,v`l$a/$V*R
チーム,チーム,team,tim,JLPT Intermediate_Japanese JLPT_3 JLPT_2 Intermediate_Japanese_Ln.7,zOpx4Q5dSu
知恵,ちえ,"wisdom, wit, intelligence","kebijaksanaan, kecerdasan, kecerdasan",JLPT JLPT_2 JLPT_3,jp9hTe)yc?
地下,ちか,"basement, underground","ruang bawah tanah, bawah tanah",JLPT JLPT_2 JLPT_3,I;*P_Q7^ak
違い,ちがい,"difference, discrepancy","perbedaan, kesenjangan",Genki_Ln.17 JLPT JLPT_3 JLPT_2 Genki,E&4b+:J$~A
違いない,ちがいない,"(phrase) sure, no mistaking it, for certain","(frasa) tentu, tidak salah lagi, pasti",JLPT JLPT_2 JLPT_3,hLl(I;+k]7
近頃,ちかごろ,"lately, recently, nowadays","akhir-akhir ini, baru-baru ini, saat ini",JLPT JLPT_2 JLPT_3,f(L:7>]T]*
地球,ちきゅう,the earth,bumi,JLPT JLPT_2 JLPT_3,qL[iG:?A.4
地区,ちく,"district, section","distrik, bagian",JLPT JLPT_2 JLPT_3,f^*Mzp$yP!
遅刻,ちこく,"lateness, late coming","keterlambatan, terlambat datang",JLPT JLPT_2 JLPT_3,BI&hsIsXx!
知事,ちじ,prefectural governor,gubernur prefektur,JLPT Intermediate_Japanese JLPT_3 JLPT_2 Intermediate_Japanese_Ln.4,ISq?4C~q1c
知識,ちしき,"knowledge, information","pengetahuan, informasi",JLPT Intermediate_Japanese JLPT_3 JLPT_2 Intermediate_Japanese_Ln.1,JB`8NU-%cx
父親,ちちおや,father,ayah,JLPT JLPT_2 JLPT_3,x^b@}}_x/I
知能,ちのう,"intelligence, brains","kecerdasan, otak",JLPT JLPT_2 JLPT_3,s0*$SOLx]G
地平線,ちへいせん,horizon,horison,JLPT JLPT_2 JLPT_3,K*ilXC|Xu$
地方,ちほう,"area, locality, region","wilayah, lokalitas, wilayah",JLPT JLPT_2 JLPT_3,"z)]^*l}=r,"
茶,ちゃ,tea,teh,JLPT JLPT_2 JLPT_3,"fMCQ,=~B@s"
チャンス,チャンス,"chance, opportunity","peluang, peluang",JLPT JLPT_2 JLPT_3,m8a~R)2L&s
ちゃんと,ちゃんと,"perfectly, properly, exactly","dengan sempurna, benar, tepat",JLPT JLPT_2 JLPT_3,fb]dH3uhx1
中,ちゅう,"inside, middle, among","di dalam, tengah, di antara",JLPT JLPT_2 JLPT_3,giNr]3xbMq
注,ちゅう,"annotation, explanatory note","anotasi, catatan penjelasan",JLPT JLPT_2 JLPT_3,ewit4l?.v2
中央,ちゅうおう,"central, center, middle","tengah, tengah, tengah",JLPT JLPT_2 JLPT_3,hbJS=^3J3d
中学,ちゅうがく,"middle school, junior high school","sekolah menengah pertama, sekolah menengah pertama",JLPT Intermediate_Japanese JLPT_3 JLPT_2 Intermediate_Japanese_Ln.1,BDc+1/~Gst
中古,ちゅうこ,"used, second-hand","bekas, bekas",JLPT JLPT_2 JLPT_3,oGNXy5VYfH
中止,ちゅうし,"suspension, stoppage, discontinuance","suspensi, penghentian, penghentian",JLPT JLPT_2 JLPT_3,blGv@A}r>*
駐車,ちゅうしゃ,"parking (e.g., car)","parkir (misalnya, mobil)",JLPT JLPT_2 JLPT_3,r:>>eJ5z0v
昼食,ちゅうしょく,lunch (same as 昼ご飯 (ひるごはん)),makan siang (sama seperti 昼ご飯 (ひるごはん)),JLPT Intermediate_Japanese JLPT_3 JLPT_2 Intermediate_Japanese_Ln.6,Ce&bm$.+x}
中心,ちゅうしん,"center, core","pusat, inti",JLPT Intermediate_Japanese JLPT_3 JLPT_2 Intermediate_Japanese_Ln.10,qN$B1x]6v4
注目,ちゅうもく,"notice, attention, observation","perhatian, perhatian, observasi",JLPT JLPT_2 JLPT_3,D//womH([Q
注文,ちゅうもん,"order, request","memesan, meminta",JLPT JLPT_2 JLPT_3,"s6G1Y@{fM,"
長期,ちょうき,long time period,jangka waktu yang lama,JLPT JLPT_2 JLPT_3,c8O%1yU]YR
調査,ちょうさ,survey; investigation,survei;,JLPT Intermediate_Japanese JLPT_3 JLPT_2 Intermediate_Japanese_Ln.5,d$M#lyGTF?
調子,ちょうし,"condition, state, tune, tone","kondisi, keadaan, nada, nada",JLPT Intermediate_Japanese JLPT_3 JLPT_2 Intermediate_Japanese_Ln.5,"d]P8,Fg)ha"
頂上,ちょうじょう,"top, summit, peak","puncak, puncak, puncak",JLPT JLPT_2 JLPT_3,dQdf#E1ni7
ちょうだい,ちょうだい,-- colloquial form of ください; typically used by children or women --,-- bentuk sehari-hari dari ください;,JLPT Intermediate_Japanese JLPT_3 JLPT_2 Intermediate_Japanese_Ln.11,o/CK30c)[2
貯金,ちょきん,(bank) savings,(bank) tabungan,JLPT JLPT_2 JLPT_3,Qk=_]>V~E6
直接,ちょくせつ,"direct, immediate, firsthand","langsung, segera, langsung",JLPT JLPT_2 JLPT_3,s&G:wJLBgj
著者,ちょしゃ,"author, writer","penulis, penulis",JLPT JLPT_2 JLPT_3,f3<v-734W$
散らす,ちらす,"to scatter, to disperse, to distribute","untuk menyebarkan, membubarkan, mendistribusikan",JLPT JLPT_2 JLPT_3,vw$z+tJyr%
散る,ちる,"to fall, to scatter (e.g., blossoms)","jatuh, tersebar (misalnya, bunga)",JLPT JLPT_2 JLPT_3,J2:m]+werC
遂に,ついに,"finally, at last","akhirnya, akhirnya",JLPT JLPT_2 JLPT_3,nxB*ZCg|Xk
通過,つうか,"passage through, passing","melewati, melewati",JLPT JLPT_2 JLPT_3,ph$_=yR?BI
通貨,つうか,currency,mata uang,JLPT JLPT_2 JLPT_3,/j4TmH~2}
通学,つうがく,commuting to school,berangkat ke sekolah,JLPT JLPT_2 JLPT_3,J:l]_|3w@r
通勤,つうきん,commuting to work,berangkat kerja,JLPT JLPT_2 JLPT_3,e/9Ql]v_wl
通行,つうこう,"passage, passing","lewat, lewat",JLPT JLPT_2 JLPT_3,c^6[uEL+8F
通じる,つうじる,"to run to, to lead to, to communicate","untuk berlari ke, untuk memimpin, untuk berkomunikasi",JLPT JLPT_2 JLPT_3,t0;rVhq2PA
通信,つうしん,"correspondence, communications","korespondensi, komunikasi",JLPT JLPT_2 JLPT_3,jbQzL}efHR
通訳,つうやく,interpretation; interpreter,interpretasi;,JLPT Intermediate_Japanese JLPT_3 JLPT_2 Intermediate_Japanese_Ln.8,A:!.K&=/gb
捕まる,つかまる,to be arrested; to be caught,untuk ditangkap;,JLPT JLPT_3 JLPT_2 Genki Genki_Ln.21,zje2ssH%h&
掴む,つかむ,"to seize, to catch, to grasp","untuk merebut, untuk menangkap, untuk memahami",JLPT JLPT_2 JLPT_3,AX[XflD{[A
疲れ,つかれ,"tiredness, fatigue","kelelahan, kelelahan",JLPT JLPT_2 JLPT_3,il1GiN=]{4
付き合い,つきあい,socialization; friendship; association,sosialisasi;,JLPT Intermediate_Japanese JLPT_3 JLPT_2 Intermediate_Japanese_Ln.5,y]4O/.LN};
付合う,つきあう,"to associate with, to keep company with, to get on with","untuk bergaul dengan, untuk menemani, untuk melanjutkan",JLPT JLPT_2 JLPT_3,comK`lsMXR
次々,つぎつぎ,"in succession, one by one","berturut-turut, satu demi satu",JLPT JLPT_2 JLPT_3,tMy_Cz-rgH
付く,つく,"to adjoin, to be attached, to adhere","untuk berdampingan, untuk melekat, untuk mematuhi",JLPT JLPT_2 JLPT_3,CCTf>ERIuq
就く,つく,"to settle in (place), to take (seat position), to study (under teacher)","menetap di (tempat), mengambil (posisi duduk), belajar (di bawah bimbingan guru)",JLPT JLPT_2 JLPT_3,f$o&/[vj_J
突く,つく,"to thrust, to strike; to poke","untuk mendorong, untuk menyerang;",JLPT JLPT_2 JLPT_3,deUV5De}4o
次ぐ,つぐ,"to rank next to, to come after","untuk peringkat berikutnya, untuk datang setelahnya",JLPT JLPT_2 JLPT_3,lPJSJa%iEy
注ぐ,つぐ,to pour (into),untuk menuangkan (ke dalam),JLPT JLPT_2 JLPT_3,H]>=HALt|h
付ける,つける,"to attach, to join, to add","untuk melampirkan, untuk bergabung, untuk menambahkan",JLPT JLPT_2 JLPT_3,COK~n$@s;+
着ける,つける,"to put on, to wear; to draw up","untuk memakai, memakai;",JLPT JLPT_2 JLPT_3,xK/@QFUs`+
伝わる,つたわる,"to be handed down, to be transmitted","untuk diwariskan, untuk disebarkan",JLPT JLPT_2 JLPT_3,I(SdOHy)n4
土,つち,"earth, soil","bumi, tanah",JLPT JLPT_2 JLPT_3,b0C;E+y*OO
続き,つづき,"sequel, continuation","sekuel, lanjutan",JLPT JLPT_2 JLPT_3,DOx[F]Tq]~
包み,つつみ,"bundle, package","bundel, paket",JLPT JLPT_2 JLPT_3,"A$,U3V5z/a"
勤め,つとめ,"work, employment","pekerjaan, pekerjaan",JLPT JLPT_2 JLPT_3,jyI}</P9|V
務め,つとめ,duty,tugas,JLPT JLPT_2 JLPT_3,HBnD=Z&jL.
繋がる,つながる,"to be connected to, to be related to","untuk dihubungkan, untuk dihubungkan dengan",JLPT JLPT_2 JLPT_3,o>5Zj80/>t
繋ぐ,つなぐ,"to tie, to fasten, to connect","untuk mengikat, mengencangkan, menyambung",JLPT JLPT_2 JLPT_3,dvYDG|g:)z
繋げる,つなげる,to connect,untuk menghubungkan,JLPT JLPT_2 JLPT_3,CaP($Be11=
常に,つねに,always (same as いつも) (written expression),selalu (sama seperti いつも) (ekspresi tertulis),JLPT Intermediate_Japanese JLPT_3 JLPT_2 Intermediate_Japanese_Ln.11,"bxwo]l,au."
翼,つばさ,wings,sayap,JLPT JLPT_2 JLPT_3,h7J%]@@_.i
つまり,つまり,namely; in other words; in short,yaitu;,JLPT Intermediate_Japanese JLPT_3 JLPT_2 Intermediate_Japanese_Ln.2,Qct:$c#r&I
罪,つみ,"crime, fault, indiscretion","kejahatan, kesalahan, kecerobohan",JLPT JLPT_2 JLPT_3,MgWjvX`Yu]
積む,つむ,"to pile up, to stack","untuk menumpuk, untuk menumpuk",JLPT JLPT_2 JLPT_3,"j$?]*}X8^,"
詰める,つめる,"to pack, to shorten, to work out (details)","untuk berkemas, untuk mempersingkat, untuk berolahraga (detail)",JLPT JLPT_2 JLPT_3,r`t;z%W._9
積もる,つもる,to pile up,untuk menumpuk,JLPT JLPT_2 JLPT_3,B|7C=u@tnY
梅雨,つゆ,rainy season,musim hujan,JLPT JLPT_2 JLPT_3,Kq1aO&o3e~
辛い,つらい,"painful, heart-breaking","menyakitkan, menyayat hati",JLPT JLPT_2 JLPT_3,x#3!zMZ{Ua
釣,つり,fishing,penangkapan ikan,JLPT JLPT_2 JLPT_3,hp*Ne3T*|9
連れ,つれ,"companion, company","teman, perusahaan",JLPT JLPT_2 JLPT_3,"M#vEpHbV,1"
出,で,"outflow, coming (going) out, graduate (of)","arus keluar, datang (keluar), lulus (dari)",JLPT JLPT_2 JLPT_3,w{EtNFmA(5
出会い,であい,"meeting, rendezvous, encounter","pertemuan, pertemuan, perjumpaan",JLPT JLPT_2 JLPT_3,d]*3#}qvAo
出合い,であい,an encounter,sebuah pertemuan,JLPT JLPT_2 JLPT_3,NNhd{.G%>}
出会う,であう,"to meet by chance, to come across, to happen to encounter","bertemu secara kebetulan, bertemu, kebetulan bertemu",JLPT JLPT_2 JLPT_3,OTct<~-|UE
提案,ていあん,"proposal, proposition, suggestion","proposal, proposisi, saran",JLPT JLPT_2 JLPT_3,"iGm7,)MoHt"
定期,ていき,fixed term,jangka waktu tetap,JLPT JLPT_2 JLPT_3,A!sHO/~:s^
抵抗,ていこう,"resistance, opposition","perlawanan, oposisi",JLPT JLPT_2 JLPT_3,N(w.Tb~N=E
提出,ていしゅつ,"presentation, submission, filing","presentasi, penyerahan, pengarsipan",JLPT JLPT_2 JLPT_3,_gNbOk8-6
停電,ていでん,failure of electricity,kegagalan listrik,JLPT JLPT_2 JLPT_3,H}DrQpl/{h
程度,ていど,"degree, amount, level","derajat, jumlah, level",JLPT JLPT_2 JLPT_3,F`R&X?&TVu
停留所,ていりゅうじょ,bus or tram stop,halte bus atau trem,JLPT JLPT_2 JLPT_3,Awx`muH^bu
デート,デート,date (in the sense of 'social engagement' only),tanggal (dalam arti 'keterlibatan sosial' saja),JLPT Intermediate_Japanese JLPT_3 JLPT_2 Intermediate_Japanese_Ln.5 Genki_Ln.3 Genki,OE9g6(Wr!Q
敵,てき,"enemy, rival","musuh, saingan",JLPT JLPT_2 JLPT_3,Ea+9Js(Fd+
出来事,できごと,"incident happening, event","kejadian terjadi, peristiwa",JLPT JLPT_2 JLPT_3,jSaj(o[]4Q
適する,てきする,"to fit, to suit","agar sesuai, sesuai",JLPT JLPT_2 JLPT_3,BBp^;rnN&Z
適切,てきせつ,"appropriate, adequate, relevance","tepat, memadai, relevansi",JLPT JLPT_2 JLPT_3,GJ78SM<nAC
適度,てきど,moderate,sedang,JLPT JLPT_2 JLPT_3,"P,Aa?trXr^"
適用,てきよう,applying,melamar,JLPT JLPT_2 JLPT_3,F[1:.C?p}A
できれば,できれば,if possible…,jika memungkinkan…,JLPT JLPT_2 JLPT_3,Nl1_P@+[2J
手品,てじな,"conjuring trick, magic","trik sulap, sihir",JLPT JLPT_2 JLPT_3,Bmip}Vg}I5
ですから,ですから,therefore,Karena itu,JLPT JLPT_2 JLPT_3,Jo!p#Qfr#o
鉄,てつ,iron,besi,JLPT JLPT_2 JLPT_3,u7QQ@g<pTi
哲学,てつがく,philosophy,filsafat,JLPT JLPT_2 JLPT_3,w4;9Z6RDj*
手伝い,てつだい,"help, helper, assistant","bantuan, pembantu, asisten",JLPT JLPT_2 JLPT_3,KsJJ=HC*D~
徹底,てってい,"thoroughness, completeness","ketelitian, kelengkapan",JLPT JLPT_2 JLPT_3,u^FH5{m=7A
鉄道,てつどう,railway; railroad,kereta api;,JLPT Intermediate_Japanese JLPT_3 JLPT_2 Intermediate_Japanese_Ln.10,fH8D~mT1*!
徹夜,てつや,"staying up all night, sleepless night","begadang semalaman, malam tanpa tidur",JLPT Intermediate_Japanese JLPT_3 JLPT_2 Intermediate_Japanese_Ln.7,"Lx.`K,!_&%"
手間,てま,"time, labor","waktu, tenaga kerja",JLPT JLPT_2 JLPT_3,zh##v%wLiw
デモ,デモ,"demo, demonstration","demo, demonstrasi",JLPT JLPT_2 JLPT_3,zxldW(*v39
典型,てんけい,"type, pattern, archetypal","jenis, pola, pola dasar",JLPT JLPT_2 JLPT_3,b#]l?Jh5h
天候,てんこう,weather,cuaca,JLPT JLPT_2 JLPT_3,Du(D%o0?(h
電子,でんし,electron; electronic,elektron;,JLPT JLPT_2 JLPT_3,KF~X[<t._6
テント,テント,tent,tenda,JLPT JLPT_2 JLPT_3,C+]@`|c9$-
伝統,でんとう,"tradition, convention","tradisi, konvensi",JLPT JLPT_2 JLPT_3,b?a#:(nI:=
天然,てんねん,"nature, spontaneity","alam, spontanitas",JLPT JLPT_2 JLPT_3,mJ@k+Q+jCj
問い,とい,"question, query","pertanyaan, pertanyaan",JLPT JLPT_2 JLPT_3,qN5[}C*k;Z
党,とう,party (political),partai (politik),JLPT JLPT_2 JLPT_3,CwN*@P-oun
塔,とう,"tower, pagoda","menara, pagoda",JLPT JLPT_2 JLPT_3,K]pA87hQ2g
答案,とうあん,"examination paper, examination script","kertas ujian, naskah ujian",JLPT JLPT_2 JLPT_3,MoK&)Fu]bx
同一,どういつ,"identity, sameness, similarity","identitas, kesamaan, kesamaan",JLPT JLPT_2 JLPT_3,l<daK{7I?K
銅貨,どうか,copper coin,koin tembaga,JLPT JLPT_2 JLPT_3,v?#F}bohO.
当時,とうじ,"at that time, in those days (same as そのころ)","pada saat itu, pada hari-hari itu (sama dengan そのころ)",JLPT Intermediate_Japanese JLPT_3 JLPT_2 Intermediate_Japanese_Ln.13,cAqI6F$%jo
動詞,どうし,verb,kata kerja,JLPT JLPT_2 JLPT_3,Jt^|GpM7=V
同時,どうじ,"simultaneous(ly), same time","simultan(ly), waktu yang sama",JLPT JLPT_2 JLPT_3,yvg^A$k^a|
どうしても,どうしても,"at any cost, no matter what, no matter how hard one tries","dengan cara apa pun, apa pun yang terjadi, tidak peduli seberapa keras seseorang berusaha",JLPT Intermediate_Japanese JLPT_3 JLPT_2 Intermediate_Japanese_Ln.11,u>t|EJmDdT
どうぞよろしく,どうぞよろしく,pleased to meet you,senang bertemu denganmu,JLPT JLPT_2 JLPT_3,k:&n.w>9]!
到着,とうちゃく,arrival,kedatangan,JLPT JLPT_2 JLPT_3,i)aR;Wlc03
道徳,どうとく,morals,moral,JLPT JLPT_2 JLPT_3,F<|nkQy)11
投票,とうひょう,"voting, poll","pemungutan suara, jajak pendapat",JLPT JLPT_2 JLPT_3,NlT[;z*wrK
東洋,とうよう,Orient,Mengorientasikan,JLPT JLPT_2 JLPT_3,kzZ}UECtrI
同様,どうよう,"identical, same (kind), like","identik, sama (jenis), sejenis",JLPT JLPT_2 JLPT_3,w[nqm0x.)$
童謡,どうよう,"children's song, nursery rhyme","lagu anak-anak, sajak anak-anak",JLPT JLPT_2 JLPT_3,pW$[md&UnE
同僚,どうりょう,colleague; co-worker,kolega;,JLPT Intermediate_Japanese JLPT_3 JLPT_2 Intermediate_Japanese_Ln.6 Genki Genki_Ln.21,Ra.t5JBS3r
道路,どうろ,road,jalan,JLPT JLPT_2 JLPT_3,zy.8&725kR
通す,とおす,"to let pass, to overlook, to continue","untuk membiarkan berlalu, untuk mengabaikan, untuk melanjutkan",JLPT JLPT_2 JLPT_3,iHbDjUw`ah
通り過ぎる,とおりすぎる,"to pass, to pass through","untuk melewati, untuk melewati",JLPT JLPT_2 JLPT_3,n%iou*]&!6
都会,とかい,city,kota,JLPT JLPT_2 JLPT_3,p*_|WF)kYy
溶く,とく,to dissolve (paint),untuk larut (cat),JLPT JLPT_2 JLPT_3,M1t!(0fZzF
解く,とく,"to unfasten; answer, solve",untuk membuka;,JLPT JLPT_2 JLPT_3,b.j;M[.:j7
退く,どく,"to retreat, to recede, to withdraw","untuk mundur, untuk mundur, untuk mundur",JLPT JLPT_2 JLPT_3,c$$~C+pfb}
毒,どく,"poison, toxicant","racun, racun",JLPT JLPT_2 JLPT_3,DARItH3te]
得意,とくい,"pride, triumph, prosperity","kebanggaan, kemenangan, kemakmuran",JLPT JLPT_2 JLPT_3,w<S{;~)l0:
読書,どくしょ,reading,membaca,JLPT JLPT_2 JLPT_3,F6~L<UDvE+
独身,どくしん,"single, unmarried","lajang, belum menikah",JLPT Intermediate_Japanese JLPT_3 JLPT_2 Intermediate_Japanese_Ln.14,img~a/~?x<
特徴,とくちょう,characteristic(s); feature(s); trait(s),karakteristik;,JLPT Intermediate_Japanese JLPT_3 JLPT_2 Intermediate_Japanese_Ln.10,dd#*-FyzHW
特長,とくちょう,"forte, merit","keahlian, pantas",JLPT JLPT_2 JLPT_3,e_t7Cd~09D
独特,どくとく,"peculiarity, uniqueness, characteristic","kekhasan, keunikan, ciri khas",JLPT JLPT_2 JLPT_3,"hWn,<pPOA"
独立,どくりつ,"independence (e.g., Ind. Day), self-support","kemandirian (misalnya, Hari Ind.), swadaya",JLPT JLPT_2 JLPT_3,wgVbY)l!G:
溶ける,とける,"to melt, to thaw, to dissolve","meleleh, mencair, larut",JLPT JLPT_2 JLPT_3,Go3eNt+^C%
解ける,とける,"to come untied, to come apart","untuk melepaskan ikatan, untuk melepaskan diri",JLPT JLPT_2 JLPT_3,E_4w+LM=cF
どこか,どこか,"somewhere, anywhere","di suatu tempat, di mana saja",JLPT JLPT_2 JLPT_3,n<7QA|Q%GZ
ところが,ところが,"however, while, even if","namun, sementara, meskipun",JLPT JLPT_2 JLPT_3,m-8$vGofT(
ところで,ところで,by the way; even if,omong-omong;,JLPT Intermediate_Japanese JLPT_3 JLPT_2 Intermediate_Japanese_Ln.1,yzfKCn.aBb
登山,とざん,mountain-climbing,pendakian gunung,JLPT JLPT_2 JLPT_3,N-%3i1PqFk
都市,とし,"town, city, urban","kota, kota, perkotaan",JLPT JLPT_2 JLPT_3,tNXI!+#v:`
年月,としつき,months and years,bulan dan tahun,JLPT JLPT_2 JLPT_3,b%`/I;RJ$^
図書,としょ,books,buku,JLPT JLPT_2 JLPT_3,e>Nm^AgJ])
年寄,としより,"old people, the aged","orang tua, orang lanjut usia",JLPT JLPT_2 JLPT_3,dH(n+sRgp{
閉じる,とじる,"to close (e.g., book, eyes), to shut","untuk menutup (misalnya, buku, mata), untuk menutup",JLPT JLPT_2 JLPT_3,JWs?hJ:*yD
途端,とたん,"just (now, at the moment, etc.)","hanya (sekarang, saat ini, dll.)",JLPT JLPT_2 JLPT_3,hC>h/uXgyk
土地,とち,"plot of land, lot, soil","sebidang tanah, kavling, tanah",JLPT JLPT_2 JLPT_3,d;>FkWx>zj
突然,とつぜん,"abruptly, suddenly, unexpectedly","tiba-tiba, tiba-tiba, tanpa diduga",JLPT JLPT_2 JLPT_3,u9EG(SkQ{j
トップ,トップ,top,atas,JLPT JLPT_2 JLPT_3,q]>Jr![.(N
届く,とどく,to reach,untuk mencapai,JLPT JLPT_2 JLPT_3,e?<7!g}yZ;
とにかく,とにかく,"anyhow, at any rate, anyway","bagaimanapun juga, bagaimanapun juga",JLPT JLPT_3 JLPT_2 Genki Genki_Ln.21,im{&K_@wV
飛ばす,とばす,"to skip over, to omit","untuk melewatkan, untuk menghilangkan",JLPT JLPT_2 JLPT_3,Hs}AOgVJU~
飛び出す,とびだす,"to jump out, to rush out, to fly out","untuk melompat keluar, bergegas keluar, terbang keluar",JLPT JLPT_2 JLPT_3,jD`AkcS%la
留める,とめる,"to fasten, to turn off, to detain","untuk mengencangkan, mematikan, menahan",JLPT JLPT_2 JLPT_3,EluezN4]RV
泊める,とめる,to have someone stay (over night) (v.t.),untuk meminta seseorang menginap (bermalam) (v.t.),JLPT Intermediate_Japanese JLPT_3 JLPT_2 Intermediate_Japanese_Ln.1,sr$3#;WnNi
友,とも,"friend, companion, pal","teman, rekan, sobat",JLPT JLPT_2 JLPT_3,I(06/Hp@B7
共に,ともに,"sharing with, participate in","berbagi dengan, berpartisipasi dalam",JLPT JLPT_2 JLPT_3,J&blXp45W[
虎,とら,tiger,harimau,JLPT JLPT_2 JLPT_3,q3*!nq{_pc
ドライブ,ドライブ,"drive, driving","mengemudi, mengemudi",JLPT Genki_Ln.11 JLPT_3 JLPT_2 Genki,"I,~F.X8Z8F"
トラック,トラック,truck; (running) track,truk;,JLPT JLPT_2 JLPT_3,q*_SbJJ@!!
ドラマ,ドラマ,drama,drama,JLPT JLPT_2 JLPT_3,mL~N]Bfwf}
トランプ,トランプ,playing cards (lit: trump),bermain kartu (lit: truf),JLPT JLPT_2 JLPT_3,m&n=U!*VAu
取り上げる,とりあげる,"to take up, to pick up; to confiscate","untuk mengambil, untuk mengambil;",JLPT JLPT_2 JLPT_3,hUa->MmssI
努力,どりょく,"great effort, exertion, endeavor","usaha yang besar, pengerahan tenaga, ikhtiar",JLPT Intermediate_Japanese JLPT_3 JLPT_2 Intermediate_Japanese_Ln.14,P$}d5=b$SY
トレーニング,トレーニング,training,pelatihan,JLPT JLPT_2 JLPT_3,h-6r=v)@/P
ドレス,ドレス,dress,gaun,JLPT JLPT_2 JLPT_3,wj.H_PUH[6
取れる,とれる,"to come off, to be taken off","untuk lepas, untuk dilepas",JLPT JLPT_2 JLPT_3,Hw{&qvpk7n
泥,どろ,mud,lumpur,JLPT JLPT_2 JLPT_3,d(Q$9Oy/;r
トン,トン,ton (1000 lbs.),ton (1000 pon),JLPT JLPT_2 JLPT_3,c$BFN)`=lz
とんでもない,とんでもない,"outrageous, No way!","keterlaluan, Tidak mungkin!",JLPT JLPT_2 JLPT_3,bl*lVwAn^S
どんなに,どんなに,"how, how much","bagaimana, berapa banyak",JLPT JLPT_2 JLPT_3,AecyZ~s0IY
トンネル,トンネル,tunnel,terowongan,JLPT JLPT_2 JLPT_3,"gyvzV/QL,O"
名,な,"name, reputation","nama, reputasi",JLPT JLPT_2 JLPT_3,O0j|#CZ{DW
内容,ないよう,"subject, contents, detail","subjek, isi, detail",JLPT JLPT_2 JLPT_3,i{JT|O:vZ0
なお,なお,"still, yet",masih belum,JLPT JLPT_2 JLPT_3,x$e]XDdzMn
仲,なか,"relation, relationship","hubungan, hubungan",JLPT JLPT_2 JLPT_3,x6DIm?q|TP
流す,ながす,"to drain, to float, to shed (e.g., blood, tears)","mengalir, mengapung, menumpahkan (misalnya, darah, air mata)",JLPT JLPT_2 JLPT_3,b9+3bd5x%g
半ば,なかば,"middle, halfway","tengah, setengah jalan",JLPT JLPT_2 JLPT_3,m<2jyxDj3g
仲間,なかま,"company, fellow, colleague, associate","perusahaan, rekan, kolega, rekanan",JLPT JLPT_2 JLPT_3,O~m#4j_48)
中身,なかみ,content(s); substance,isi);,JLPT Intermediate_Japanese JLPT_3 JLPT_2 Intermediate_Japanese_Ln.13,J`BoSI)KdS
中味,なかみ,"contents, interior, filling","isi, interior, isian",JLPT JLPT_2 JLPT_3,iXe{m_#VVd
眺め,ながめ,scene; view; prospect; outlook,pemandangan;,JLPT Intermediate_Japanese JLPT_3 JLPT_2 Intermediate_Japanese_Ln.10,q7BF&&<kDs
眺める,ながめる,"to view, to gaze at","untuk melihat, menatap",JLPT JLPT_2 JLPT_3,Jux]l79hU7
流れ,ながれ,"stream, current","aliran, arus",JLPT JLPT_2 JLPT_3,d.aR+yRU]C
流れる,ながれる,"to flow, to be washed away","mengalir, terhanyut",JLPT JLPT_2 JLPT_3,L(]6kjxkO5
亡くす,なくす,to lose someone,kehilangan seseorang,JLPT JLPT_2 JLPT_3,KL@%|R=4Tw
殴る,なぐる,to strike; to hit; to punch,untuk menyerang;,JLPT JLPT_3 JLPT_2 Genki Genki_Ln.21,eS]UZnH]O8
無し,なし,without,tanpa,JLPT JLPT_2 JLPT_3,tUofx+jM%K
なぜなら,なぜなら,because,Karena,JLPT JLPT_2 JLPT_3,H{Gk:ou^*M
謎,なぞ,"riddle, puzzle, enigma","teka-teki, teka-teki, teka-teki",JLPT JLPT_2 JLPT_3,"NDO,I}[;_1"
納得,なっとく,"consent, assent, understanding","persetujuan, persetujuan, pengertian",JLPT JLPT_2 JLPT_3,JuwJ4CGSR`
何か,なにか,something,sesuatu,JLPT JLPT_3 JLPT_2 Genki_Ln.8 Genki,j.C?;uY)C5
なにも,なにも,nothing,Tidak ada apa-apa,JLPT JLPT_2 JLPT_3,MXWN];^p1V
鍋,なべ,"saucepan, pot","panci, panci",JLPT JLPT_2 JLPT_3,mwf<LRd<l+
生,なま,"raw, unprocessed","mentah, belum diolah",JLPT JLPT_2 JLPT_3,r*Fk8g)/r@
怠ける,なまける,"to be idle, to neglect","menjadi menganggur, mengabaikan",JLPT JLPT_2 JLPT_3,"yx?2EFwB,]"
波,なみ,wave,melambai,JLPT JLPT_2 JLPT_3,pN{_T4/c^1
涙,なみだ,tear,merobek,JLPT JLPT_2 JLPT_3,oRUb;($Ghp
悩む,なやむ,"to agonize, to be troubled","untuk menderita, menjadi bermasalah",JLPT Intermediate_Japanese JLPT_3 JLPT_2 Intermediate_Japanese_Ln.14,bu-LsE_(B1
鳴らす,ならす,"to ring, to sound","berdering, berbunyi",JLPT JLPT_2 JLPT_3,i97JG)YBV+
為る,なる,"to change, to be of use, to reach to","untuk berubah, untuk berguna, untuk mencapai",JLPT JLPT_2 JLPT_3,bNL#{T]zX=
生る,なる,to bear fruit,untuk menghasilkan buah,JLPT JLPT_2 JLPT_3,L4foi?c6%U
馴れる,なれる,"to become domesticated, to become tame","menjadi jinak, menjadi jinak",JLPT JLPT_2 JLPT_3,ol(4_S7K{0
縄,なわ,rope,tali,JLPT JLPT_2 JLPT_3,n`oE5IcC;2
何で,なんで,"Why, What for","Mengapa, Untuk apa",JLPT JLPT_2 JLPT_3,HqNM3@mEGg
何でも,なんでも,"by all means, everything","tentu saja, semuanya",JLPT JLPT_2 JLPT_3,KLOu@z)~5u
何とか,なんとか,"somehow, anyhow, one way or another","entah bagaimana, bagaimanapun, dengan satu atau lain cara",JLPT JLPT_2 JLPT_3,PsxfE&mMV)
似合う,にあう,"to suit (a person), to match (clothing), (something) becomes (someone)","menyesuaikan (seseorang), mencocokkan (pakaian), (sesuatu) menjadi (seseorang)",JLPT Intermediate_Japanese JLPT_3 JLPT_2 Intermediate_Japanese_Ln.11,jtNV<xuHWD
煮える,にえる,"to boil, to cook, to be cooked","matang karena direbus; sudah masak",JLPT JLPT_2 JLPT_3,"bik,,M3:tN"
苦手,にがて,"poor (at), weak (in), dislike (of)","miskin (at), lemah (dalam), tidak suka (dari)",JLPT JLPT_2 JLPT_3,M3gYUPwtEh
握る,にぎる,"to grasp, to seize, to mold sushi","untuk menggenggam, untuk merebut, untuk membentuk sushi",JLPT JLPT_2 JLPT_3,vmSd+R!f5d
日,にち,day,hari,JLPT JLPT_2 JLPT_3,Nod.Sq)g|g
日常,にちじょう,"ordinary, regular, everyday","biasa, teratur, setiap hari",JLPT JLPT_2 JLPT_3,m=K]ZkdB>_
日光,にっこう,sunlight,sinar matahari,JLPT JLPT_2 JLPT_3,O|V6=xs6Hv
日中,にっちゅう,"daytime, broad daylight","siang hari, siang hari bolong",JLPT JLPT_2 JLPT_3,1%wJTAZoF
にっこり,にっこり,"smile sweetly, smile, grin","tersenyum manis, tersenyum, menyeringai",JLPT JLPT_2 JLPT_3,A?rMl+E(~y
日本,にっぽん,Japan,Jepang,JLPT JLPT_2 JLPT_3,xVTGJL[~Hv
日本,にほん,Japan,Jepang,JLPT JLPT_3 JLPT_2 Genki_Ln.1 Genki,"PdXU2>,+,$"
入場,にゅうじょう,"entrance, admission, entering","masuk, masuk, masuk",JLPT JLPT_2 JLPT_3,zYrH7+;Jc+
煮る,にる,"to boil, to cook","untuk merebus, untuk memasak",JLPT JLPT_2 JLPT_3,"GsAuw,hW%."
人気,にんき,popularity,kepopuleran,JLPT JLPT_2 JLPT_3,IO!K5zC:])
人間,にんげん,"human being, person","manusia, orang",JLPT Intermediate_Japanese JLPT_3 JLPT_2 Intermediate_Japanese_Ln.11,to[4Ed0}
抜く,ぬく,"to extract, to omit, to unplug","untuk mengekstrak, menghilangkan, mencabut",JLPT JLPT_2 JLPT_3,J$S#dr#O.=
抜ける,ぬける,"to come out, to fall out, to be omitted","untuk keluar, rontok, dihilangkan",JLPT JLPT_2 JLPT_3,J{iiC<@SQ{
布,ぬの,cloth,kain,JLPT JLPT_2 JLPT_3,q$ysjT]VCx
濡らす,ぬらす,"to wet, to soak","membasahi, merendam",JLPT JLPT_2 JLPT_3,z@Vcw1=;j2
根,ね,root,akar,JLPT JLPT_2 JLPT_3,d=p6h26.c<
値,ね,"value, price, cost","nilai, harga, biaya",JLPT JLPT_2 JLPT_3,EQ[K4a8j3!
願い,ねがい,"desire, wish, request","keinginan, keinginan, permintaan",JLPT JLPT_2 JLPT_3,sUyGKFZ%Xv
願う,ねがう,"to desire, to wish, to request","menginginkan, berharap, meminta",JLPT JLPT_2 JLPT_3,2e?!QE;A1
鼠,ねずみ,"mouse, rat","tikus, tikus",JLPT JLPT_2 JLPT_3,G}*K+YvkrL
熱帯,ねったい,tropics,daerah tropis,JLPT JLPT_2 JLPT_3,kkWXGyi|&~
熱中,ねっちゅう,"enthusiasm, zeal, mania","antusiasme, semangat, mania",JLPT JLPT_2 JLPT_3,lPMoEzcLqx
年間,ねんかん,year,tahun,JLPT JLPT_2 JLPT_3,d_NdY-B:AA
年月,ねんげつ,months and years,bulan dan tahun,JLPT JLPT_2 JLPT_3,p^QZ#pHDS+
年中,ねんじゅう,"whole year, always, everyday","sepanjang tahun, selalu, setiap hari",JLPT JLPT_2 JLPT_3,E0SJPrLvM7
年代,ねんだい,"age, era, period","usia, era, periode",JLPT JLPT_2 JLPT_3,wqq!d<%$gr
年齢,ねんれい,"age, years","umur, tahun",JLPT JLPT_2 JLPT_3,"lI,ZQ1?Z/$"
野,の,field,bidang,JLPT JLPT_2 JLPT_3,y-+2`{({f&
能,のう,"being skilled in, nicely, properly","menjadi terampil dalam, baik, benar",JLPT JLPT_2 JLPT_3,m[Pt*UAu7d
農家,のうか,"farmer, farm family","petani, keluarga petani",JLPT JLPT_2 JLPT_3,v*vXrV&l.l
農業,のうぎょう,agriculture,pertanian,JLPT Intermediate_Japanese JLPT_3 JLPT_2 Intermediate_Japanese_Ln.10,A3L<i~4B/)
農民,のうみん,"farmers, peasants","petani, petani",JLPT JLPT_2 JLPT_3,l^C||-Q@FF
能力,のうりょく,"ability, faculty","kemampuan, fakultas",JLPT JLPT_2 JLPT_3,PQ%>W3<m<u
ノー,ノー,no,TIDAK,JLPT JLPT_2 JLPT_3,A$DCH!&r|T
軒,のき,eaves,atap,JLPT JLPT_2 JLPT_3,DjCz-B0?P;
残す,のこす,"to leave (behind, over), to save, to reserve","untuk meninggalkan (di belakang, di atas), untuk menyimpan, untuk memesan",JLPT JLPT_2 JLPT_3,G9}3C/kn`n
残り,のこり,"remaining, left-over","tersisa, sisa",JLPT JLPT_2 JLPT_3,1Ev%4g:!#
乗せる,のせる,"to place on (something), to take on board","untuk menempatkan (sesuatu), untuk mengambil alih",JLPT JLPT_2 JLPT_3,P;&]8~|B5t
載せる,のせる,to place on (something); to publish,untuk menempatkan (sesuatu);,JLPT JLPT_2 JLPT_3,c~;t;&Vnza
覗く,のぞく,"to peek in, to look in","untuk mengintip ke dalam, untuk melihat ke dalam",JLPT JLPT_2 JLPT_3,Hy+I.kN0`%
除く,のぞく,"to remove, to exclude, to except","untuk menghapus, mengecualikan, kecuali",JLPT JLPT_2 JLPT_3,y<H]05[a~3
望み,のぞみ,"wish, desire, (a) hope","keinginan, keinginan, (a) harapan",JLPT JLPT_2 JLPT_3,QMT.-k$<Eb
望む,のぞむ,"to desire, to wish for; to view","menginginkan, mengharapkan;",JLPT JLPT_2 JLPT_3,"eI17,m{o4{"
後,のち,"afterwards, since then","setelah itu, sejak saat itu",JLPT JLPT_2 JLPT_3,Rbg3w%yZT]
ノック,ノック,knock; fungo (baseball),ketukan;,JLPT JLPT_2 JLPT_3,I|?mZ`76Sc
伸ばす,のばす,"to extend, to stretch, to reach out","untuk memperluas, untuk meregangkan, untuk menjangkau",JLPT JLPT_2 JLPT_3,xaB1#1Nz$
延ばす,のばす,"to extend, to stretch, to reach out","untuk memperluas, untuk meregangkan, untuk menjangkau",JLPT JLPT_2 JLPT_3,MCU^h_@4jl
伸びる,のびる,"to extend, to make progress, to grow","untuk memperluas, untuk membuat kemajuan, untuk tumbuh",JLPT JLPT_2 JLPT_3,BVa+StSI^2
延びる,のびる,to be prolonged,menjadi berkepanjangan,JLPT JLPT_2 JLPT_3,h;x99>{wy|
述べる,のべる,"to state, to express, to mention","menyatakan, mengungkapkan, menyebutkan",JLPT Intermediate_Japanese JLPT_3 JLPT_2 Intermediate_Japanese_Ln.13,vf(j*ek(yX
上る,のぼる,"to ascend, to go up, to climb","untuk naik, untuk naik, untuk mendaki",JLPT JLPT_2 JLPT_3,n99IdD&<1l
昇る,のぼる,"to arise, to ascend, to go up","untuk bangkit, untuk naik, untuk naik",JLPT JLPT_2 JLPT_3,B@kvH2BlIF
載る,のる,"to appear (in print), to be recorded","untuk muncul (dalam cetakan), untuk direkam",JLPT JLPT_2 JLPT_3,Nibr^Gs/g<
のんびり,のんびり,"carefree, at leisure","riang, di waktu senggang",JLPT JLPT_3 JLPT_2 Genki_Ln.22 Genki,lW(_0K#qr1
場,ば,"place, field (physics)","tempat, bidang (fisika)",JLPT JLPT_2 JLPT_3,GDd)tLjDFI
はあ (かん),はあ (かん),(sigh),(mendesah),JLPT JLPT_2 JLPT_3,q->2~QuZ7t
パーセント,パーセント,percent,persen,JLPT JLPT_2 JLPT_3,tRJyHS5V6y
灰,はい,ash,abu,JLPT JLPT_2 JLPT_3,yp;].asZlp
梅雨,ばいう,rainy season,musim hujan,JLPT JLPT_2 JLPT_3,PSy.Vi_[#
バイオリン,バイオリン,violin,biola,JLPT Genki_Ln.13 JLPT_3 JLPT_2 Genki,P0|;%A4sXQ
ハイキング,ハイキング,hiking,lintas alam,JLPT JLPT_2 JLPT_3,HcQ1$Os%x4
配達,はいたつ,"delivery, distribution","pengiriman, distribusi",JLPT JLPT_2 JLPT_3,xw:Qj132Wm
パイプ,パイプ,pipe; channels official or otherwise,pipa;,JLPT JLPT_2 JLPT_3,l4YS(}+dg9
俳優,はいゆう,"actor, actress, performer","aktor, aktris, pemain",JLPT Intermediate_Japanese JLPT_3 JLPT_2 Intermediate_Japanese_Ln.13,fZuFXWr:[`
パイロット,パイロット,pilot,pilot,JLPT JLPT_2 JLPT_3,bJuDn%>JBm
生える,はえる,"to grow, to spring up; to cut (teeth)","untuk tumbuh, untuk muncul;",JLPT JLPT_2 JLPT_3,H`:KnzwCJZ
墓,はか,"grave, tomb","kuburan, makam",JLPT JLPT_2 JLPT_3,"wyd?,|D3$8"
馬鹿,ばか,"fool, idiot","bodoh, bodoh",JLPT JLPT_2 JLPT_3,NNq|t=8Aut
博士,はかせ,"doctorate, PhD., doctor","doktor, PhD., dokter",JLPT JLPT_2 JLPT_3,ya}G1t{rx^
計る,はかる,"to measure, to weigh, to survey","mengukur, menimbang, mensurvei",JLPT JLPT_2 JLPT_3,r=0WeQKi!d
量る,はかる,"to measure, to weigh, to survey","mengukur, menimbang, mensurvei",JLPT JLPT_2 JLPT_3,CRts&/>]cr
測る,はかる,"to measure, to weigh, to survey","mengukur, menimbang, mensurvei",JLPT JLPT_2 JLPT_3,E)0?EIUz7g
掃く,はく,"to sweep, to brush, to gather up","menyapu, menyikat, mengumpulkan",JLPT JLPT_2 JLPT_3,vSCJIFU380
吐く,はく,"to throw up, to vomit","muntah, muntah",JLPT Intermediate_Japanese JLPT_3 JLPT_2 Intermediate_Japanese_Ln.12,wVP@*4xm(:
拍手,はくしゅ,"clapping hands, applause","bertepuk tangan, tepuk tangan",JLPT JLPT_2 JLPT_3,QlF4N)gbDJ
莫大,ばくだい,"enormous, vast","sangat besar, luas",JLPT JLPT_2 JLPT_3,E~?/H3*fy6
爆発,ばくはつ,"explosion, detonation, eruption","ledakan, detonasi, letusan",JLPT JLPT_2 JLPT_3,g9VYFn:WwV
博物館,はくぶつかん,museum,museum,JLPT JLPT_2 JLPT_3,LpU/`O$e<h
激しい,はげしい,"violent, vehement, intense","kekerasan, berapi-api, intens",JLPT JLPT_2 JLPT_3,v6}uu]rF:b
はさみ,はさみ,scissors,gunting,JLPT JLPT_2 JLPT_3,eD|fBc0re3
破産,はさん,(personal) bankruptcy,(pribadi) kebangkrutan,JLPT JLPT_2 JLPT_3,f7-bX^)CWC
端,はし,"end (e.g., of street), edge, margin","ujung (misalnya, jalan), tepi, margin",JLPT JLPT_2 JLPT_3,lap$^>s}*W
始まり,はじまり,"origin, beginning","asal, permulaan",JLPT JLPT_2 JLPT_3,I]JL:M+y+M
パス,パス,"path, pass (in games)","jalur, lulus (dalam permainan)",JLPT Intermediate_Japanese JLPT_3 JLPT_2 Intermediate_Japanese_Ln.10,hnnWC$6?3f
外す,はずす,"to unfasten, to remove","untuk membuka, untuk menghapus",JLPT JLPT_2 JLPT_3,nj2An#}L(c
パスポート,パスポート,passport,paspor,JLPT JLPT_2 JLPT_3,jjzXZ[V)~Q
外れる,はずれる,"to be disconnected, to be out (e.g., of gear)","terputus, keluar (misalnya, gigi)",JLPT JLPT_2 JLPT_3,r]URt`fp_5
旗,はた,flag,bendera,JLPT JLPT_2 JLPT_3,dNY/1a;w#%
肌,はだ,skin,kulit,JLPT JLPT_2 JLPT_3,gmj^ZD0zR@
裸,はだか,"naked, nude","telanjang, telanjang",JLPT JLPT_2 JLPT_3,O|p6i=|2+#
畑,はたけ,"field, patch","lapangan, tambalan",JLPT JLPT_2 JLPT_3,rk<p3A[!PW
働き,はたらき,"work, labor","kerja, buruh",JLPT JLPT_2 JLPT_3,G[F:Wb:]Y%
バッグ,バッグ,bag,tas,JLPT JLPT_2 JLPT_3,^7.n+J;iq
発見,はっけん,"discovery, detection, finding","penemuan, deteksi, penemuan",JLPT JLPT_2 JLPT_3,e1V)m7Fw)7
発行,はっこう,issue (publications),terbitan (publikasi),JLPT JLPT_2 JLPT_3,O3&*)a48ia
発車,はっしゃ,departure of a vehicle,keberangkatan kendaraan,JLPT JLPT_2 JLPT_3,ml<@&G38CG
発射,はっしゃ,"firing, shooting, discharge","menembak, menembak, melepaskan",JLPT JLPT_2 JLPT_3,F/fE`P6yl-
罰する,ばっする,"to punish, to penalize","untuk menghukum, untuk menghukum",JLPT JLPT_2 JLPT_3,hbPUdBho_q
発達,はったつ,"development, growth","perkembangan, pertumbuhan",JLPT JLPT_2 JLPT_3,Fi-WS4m5Vq
ばったり,ばったり,(to meet) by chance,(bertemu) secara kebetulan,JLPT Intermediate_Japanese JLPT_3 JLPT_2 Intermediate_Japanese_Ln.11,hf@ltuFXs9
発展,はってん,"development, growth, progress","perkembangan, pertumbuhan, kemajuan",JLPT JLPT_2 JLPT_3,niC<3l*Uz&
発表,はっぴょう,announcement; publication; presentation,pengumuman;,Genki_Ln.15 JLPT JLPT_3 JLPT_2 Genki,q#5&i-N|DX
発明,はつめい,invention,penemuan,JLPT JLPT_2 JLPT_3,"m%u/3I%I,u"
派手,はで,"showy, flashy, gaudy","mencolok, mencolok, mencolok",JLPT JLPT_2 JLPT_3,t&Cvj}ttRu
話し合う,はなしあう,"to discuss, to talk together","untuk berdiskusi, untuk berbicara bersama",JLPT JLPT_2 JLPT_3,nVR8y%BClP
離す,はなす,"to part, to separate","untuk berpisah, untuk berpisah",JLPT JLPT_2 JLPT_3,"zQ6Rm,}F5G"
放す,はなす,"to separate, to set free","untuk memisahkan, untuk membebaskan",JLPT JLPT_2 JLPT_3,P8H2t4/rp$
離れる,はなれる,"(something, someone) separates; parts from; to be apart","(sesuatu, seseorang) memisahkan;",JLPT Intermediate_Japanese JLPT_3 JLPT_2 Intermediate_Japanese_Ln.15 Genki_Ln.23 Genki,Gk<MF_X=YD
放れる,はなれる,"to leave, to get free, to cut oneself off","untuk pergi, untuk mendapatkan kebebasan, untuk memisahkan diri",JLPT JLPT_2 JLPT_3,pQ8K=L1K+c
羽,はね,wing,sayap,JLPT JLPT_2 JLPT_3,LCMy2UZmN
羽根,はね,feather,bulu,JLPT JLPT_2 JLPT_3,IFw6^-Jg|1
幅,はば,"width, breadth","lebar, lebar",JLPT JLPT_2 JLPT_3,yuqlNtOC6P
母親,ははおや,mother,ibu,JLPT JLPT_2 JLPT_3,gl#dQh*e=R
省く,はぶく,"to omit, to eliminate","untuk menghilangkan, untuk menghilangkan",JLPT JLPT_2 JLPT_3,hA|}BeGd!`
場面,ばめん,"scene, setting (e.g., of novel)","adegan, latar (misalnya, novel)",JLPT JLPT_2 JLPT_3,wCW&}Thr>1
流行る,はやる,"to be popular, to come into fashion","menjadi populer, menjadi mode",JLPT JLPT_2 JLPT_3,l+WfR9cGsI
腹,はら,"abdomen, belly, stomach","perut, perut, perut",JLPT JLPT_2 JLPT_3,sfZ+Z?`&!R
原,はら,"field, plain","lapangan, polos",JLPT JLPT_2 JLPT_3,c<(AEgR!*z
バランス,バランス,balance,keseimbangan,JLPT JLPT_2 JLPT_3,QVn*9^P55E
針,はり,"needle, hand (e.g., clock)","jarum, tangan (misalnya jam)",JLPT JLPT_2 JLPT_3,QA`E9TI{mo
範囲,はんい,"extent, scope, range","luas, ruang lingkup, jangkauan",JLPT JLPT_2 JLPT_3,r:1!2<WUUN
反抗,はんこう,"opposition, resistance","oposisi, perlawanan",JLPT JLPT_2 JLPT_3,"IDJ,GPHc09"
犯罪,はんざい,crime,kejahatan,JLPT Intermediate_Japanese JLPT_3 JLPT_2 Intermediate_Japanese_Ln.10,h9%1~S`/5q
ハンサム,ハンサム,handsome,tampan,JLPT JLPT_2 JLPT_3,F8GaX2S*6r
反省,はんせい,"reflection, reconsideration, regret","refleksi, pertimbangan ulang, penyesalan",JLPT JLPT_2 JLPT_3,jl_=K>.y=r
判断,はんだん,"judgment, decision","penilaian, keputusan",JLPT JLPT_2 JLPT_3,v@gzHM&*wS
犯人,はんにん,"offender, criminal","pelaku, kriminal",JLPT JLPT_3 JLPT_2 Genki Genki_Ln.21,KepmoPPwL&
販売,はんばい,"sale, selling, marketing","penjualan, penjualan, pemasaran",JLPT JLPT_2 JLPT_3,c`5qHhM#2.
灯,ひ,light,lampu,JLPT JLPT_2 JLPT_3,I||i~_;O|L
ビール,ビール,beer,bir,JLPT Genki_Ln.11 JLPT_3 JLPT_2 Genki,l^Yo8c$buu
被害,ひがい,damage,kerusakan,JLPT Intermediate_Japanese JLPT_3 JLPT_2 Intermediate_Japanese_Ln.10,tAfC4<pK2g
比較,ひかく,comparison,perbandingan,JLPT JLPT_2 JLPT_3,JGY{<0z3/z
ピクニック,ピクニック,picnic,piknik,JLPT JLPT_2 JLPT_3,oc^zhI)pBK
悲劇,ひげき,tragedy,tragedi,JLPT JLPT_2 JLPT_3,EzhU5X_S}(
飛行,ひこう,"aviation, flight","penerbangan, penerbangan",JLPT JLPT_2 JLPT_3,rAR4=4~Jb^
膝,ひざ,"knee, lap","lutut, pangkuan",JLPT JLPT_2 JLPT_3,I?$>s3Mj7%
非常,ひじょう,"emergency, extraordinary, unusual","darurat, luar biasa, tidak biasa",JLPT JLPT_2 JLPT_3,jIVGL0x@qc
美人,びじん,beautiful person (woman),orang cantik (wanita),JLPT JLPT_2 JLPT_3,g|cQb(%])I
額,ひたい,"forehead, brow","dahi, alis",JLPT JLPT_2 JLPT_3,K}(BncWd~a
日付,ひづけ,"date, dating","kencan, kencan",JLPT JLPT_2 JLPT_3,jl00WKL;dH
引越し,ひっこし,"moving, changing residence","pindah, berpindah tempat tinggal",JLPT JLPT_2 JLPT_3,"rxV,INx<Hk"
必死,ひっし,"desperation, frantic, inevitable result","keputusasaan, panik, hasil yang tak terhindarkan",JLPT JLPT_2 JLPT_3,nC7R$*m=)e
ぴったり,ぴったり,"exactly, neatly, sharp","tepatnya, rapi, tajam",JLPT JLPT_2 JLPT_3,gEO0@gf40A
引っ張る,ひっぱる,"to pull, to stretch, to drag","untuk menarik, untuk meregangkan, untuk menyeret",JLPT JLPT_2 JLPT_3,FzRJSNQfTY
否定,ひてい,"negation, denial","negasi, penolakan",JLPT JLPT_2 JLPT_3,hq]bB}D.D
ビデオ,ビデオ,video tape; VCR,rekaman video;,JLPT JLPT_3 JLPT_2 Genki_Ln.3 Genki,fVfQ41zUR-
一言,ひとこと,one word,satu kata,JLPT Intermediate_Japanese JLPT_3 JLPT_2 Intermediate_Japanese_Ln.12,cb)`=-[#ld
人込み,ひとごみ,crowd of people,kerumunan orang,JLPT JLPT_2 JLPT_3,ew])gT]]&]
等しい,ひとしい,equal,setara,JLPT JLPT_2 JLPT_3,g*T^:&)[`f
独り,ひとり,"alone, unmarried","sendirian, belum menikah",JLPT JLPT_2 JLPT_3,CIC9}ZNl+]
一人一人,ひとりひとり,"one by one, each","satu demi satu, masing-masing",JLPT JLPT_2 JLPT_3,g/LDWyd~bV
批判,ひはん,criticism,kritik,JLPT JLPT_2 JLPT_3,sSt}v%TolX
批評,ひひょう,"criticism, review, commentary","kritik, ulasan, komentar",JLPT JLPT_2 JLPT_3,nZusJ0/%}S
秘密,ひみつ,"secret, secrecy","rahasia, kerahasiaan",Genki_Ln.17 JLPT JLPT_3 JLPT_2 Genki,K8:/c`_D0>
微妙,びみょう,"delicate, subtle","halus, halus",JLPT JLPT_2 JLPT_3,y[W__*[UUc
紐,ひも,"string, cord","tali, tali",JLPT JLPT_2 JLPT_3,p`?=+t<[ZR
冷やす,ひやす,"to cool, to refrigerate","untuk mendinginkan, mendinginkan",JLPT JLPT_2 JLPT_3,DSr^r:qjw.
費用,ひよう,"cost, expense","biaya, biaya",JLPT JLPT_2 JLPT_3,r1KmsC-Y<P
表,ひょう,"table (e.g., Tab 1), chart, list","tabel (misalnya, Tab 1), bagan, daftar",JLPT JLPT_2 JLPT_3,C+2G67mxr#
秒,びょう,second (60th min),kedua (menit ke-60),JLPT JLPT_2 JLPT_3,yX.tO*9QI!
評価,ひょうか,"assessment, evaluation","penilaian, evaluasi",JLPT JLPT_2 JLPT_3,u;D]S#_>Xe
表現,ひょうげん,"expression, presentation","ekspresi, presentasi",JLPT JLPT_2 JLPT_3,luB++%rSgA
表情,ひょうじょう,facial expression,raut wajah,JLPT JLPT_2 JLPT_3,hyoeK91[Bh
平等,びょうどう,"equality, impartiality, evenness","kesetaraan, ketidakberpihakan, pemerataan",JLPT JLPT_2 JLPT_3,AJ(ugjSc/!
評判,ひょうばん,"fame, reputation","ketenaran, reputasi",JLPT JLPT_2 JLPT_3,wS@|p-w%.R
表面,ひょうめん,"surface, outside, face","permukaan, luar, wajah",JLPT JLPT_2 JLPT_3,u`tQMUrn$Y
広がる,ひろがる,"to spread (out), to extend, to stretch, to reach to, to get around","untuk menyebarkan (keluar), untuk memperluas, untuk meregangkan, untuk mencapai, untuk berkeliling",JLPT JLPT_2 JLPT_3,uwnemtdnp7
広げる,ひろげる,"to spread, to extend, to expand, to enlarge","untuk menyebarkan, untuk memperluas, untuk memperluas, untuk memperbesar",JLPT JLPT_2 JLPT_3,",acb]qNE)"
広める,ひろめる,"to broaden, to propagate","untuk memperluas, untuk menyebarkan",JLPT JLPT_2 JLPT_3,A(+H=R:mLS
品,ひん,"goods; taste, elegance",barang-barang;,JLPT JLPT_2 JLPT_3,G((JK!Y$Y=
瓶,びん,bottle,botol,JLPT JLPT_2 JLPT_3,s2SgOi7f``
便,びん,"way, means; flight","cara, artinya;",JLPT Genki_Ln.10 JLPT_3 JLPT_2 Genki,"hW&&,9z!hz"
ピン,ピン,pin,pin,JLPT JLPT_2 JLPT_3,w[{)#&AAgf
不,ふ,"un(~), non(~), negative prefix","un(~), non(~), awalan negatif",JLPT JLPT_2 JLPT_3,DaVjdKEUb@
不,ぶ,"un(~), non(~), negative prefix","un(~), non(~), awalan negatif",JLPT JLPT_2 JLPT_3,xWoO+hKXb|
無,ぶ,"nothing, naught, nil, zero","tidak ada, tidak ada, nihil, nol",JLPT JLPT_2 JLPT_3,"F0,T~)w`pd"
分,ぶ,"dividing, part","membagi, bagian",JLPT JLPT_2 JLPT_3,o4et&;Hn=[
不安,ふあん,"anxiety, uneasiness","kecemasan, kegelisahan",JLPT JLPT_2 JLPT_3,B.}P5XzBC<
風景,ふうけい,scenery,pemandangan,JLPT JLPT_2 JLPT_3,K|bB_b5g2q
夫婦,ふうふ,"married couple, husband and wife","pasangan suami istri, suami istri",JLPT Genki_Ln.14 Intermediate_Japanese JLPT_3 JLPT_2 Intermediate_Japanese_Ln.14 Genki,vE=+[H1Y=?
笛,ふえ,"flute, whistle","seruling, peluit",JLPT JLPT_2 JLPT_3,j~98+xAGu/
不可,ふか,"wrong, bad, impossible","salah, buruk, tidak mungkin",JLPT JLPT_2 JLPT_3,c4*Ann{K[p
深まる,ふかまる,to deepen,untuk memperdalam,JLPT JLPT_2 JLPT_3,nFYj_QbHY$
武器,ぶき,"weapon, arms","senjata, senjata",JLPT JLPT_2 JLPT_3,"k{:ASZ}`4,"
拭く,ふく,"to wipe, to dry","untuk menyeka, mengeringkan",JLPT JLPT_2 JLPT_3,C+1a]]!)6B
服装,ふくそう,"clothes, attire","pakaian, pakaian",JLPT JLPT_2 JLPT_3,zfH3Izi6=g
含む,ふくむ,"to contain, to include","untuk menampung, untuk memasukkan",JLPT JLPT_2 JLPT_3,qU@`!oQ_~}
含める,ふくめる,to include,untuk memasukkan,JLPT JLPT_2 JLPT_3,Lp<OS_$:v^
袋,ふくろ,"bag, sack","tas, karung",JLPT JLPT_2 JLPT_3,fF&Fkk&[N(
不幸,ふこう,"unhappiness, sorrow, misfortune","ketidakbahagiaan, kesedihan, kemalangan",JLPT JLPT_2 JLPT_3,n27gAU4MS<
節,ふし,"tune, tone, knob","nada, nada, kenop",JLPT JLPT_2 JLPT_3,meTR#p8LaO
無事,ぶじ,"safety, peace","keamanan, kedamaian",JLPT JLPT_2 JLPT_3,c|X1eKToE(
不思議,ふしぎ,"mystery, curiosity","misteri, rasa ingin tahu",JLPT JLPT_2 JLPT_3,i2aoaA[Rbt
不自由,ふじゆう,"discomfort, disability, inconvenience","ketidaknyamanan, kecacatan, ketidaknyamanan",JLPT JLPT_2 JLPT_3,OXxKs56cIo
夫人,ふじん,"wife, Mrs, madam","istri, Nyonya, Nyonya",JLPT JLPT_2 JLPT_3,"L,Jr>b/Q=,"
婦人,ふじん,woman (same as 女性 (じょせい)、女の人 (おんなのひと)),wanita (sama seperti 女性 (じょせい)、女の人 (おんなのひと)),JLPT Intermediate_Japanese JLPT_3 JLPT_2 Intermediate_Japanese_Ln.13,MGNGYZeM?*
不正,ふせい,"injustice, unfairness","ketidakadilan, ketidakadilan",JLPT JLPT_2 JLPT_3,J.&5HDb8II
防ぐ,ふせぐ,"to defend (against), to protect, to prevent","untuk membela (melawan), untuk melindungi, untuk mencegah",JLPT JLPT_2 JLPT_3,O_+;lEJg#]
不足,ふそく,"insufficiency, shortage","ketidakcukupan, kekurangan",JLPT JLPT_2 JLPT_3,Ip|9ih@[9P
舞台,ぶたい,stage (theater),panggung (teater),JLPT JLPT_2 JLPT_3,rkMf{ZSRD@
双子,ふたご,"twins, a twin","kembar, kembar",JLPT JLPT_2 JLPT_3,Bb6Pii78=4
再び,ふたたび,"again, once more, a second time","lagi, sekali lagi, untuk kedua kalinya",JLPT Intermediate_Japanese JLPT_3 JLPT_2 Intermediate_Japanese_Ln.13,C$(!v<U~%+
普段,ふだん,"in everyday situations, usually, ordinarily","dalam situasi sehari-hari, biasanya, biasanya",JLPT Intermediate_Japanese JLPT_3 JLPT_2 Intermediate_Japanese_Ln.15,scK7$1)*7n
縁,ふち,"edge, rim","tepi, pelek",JLPT JLPT_2 JLPT_3,Nc2^vNEcht
打つ,ぶつ,"to hit, to strike","untuk memukul, untuk menyerang",JLPT JLPT_2 JLPT_3,rp}j9GjVWq
不通,ふつう,"blockade, interruption, stoppage","blokade, interupsi, penghentian",JLPT JLPT_2 JLPT_3,qN|Fjh.;To
物価,ぶっか,(commodity/consumer) prices,harga (komoditas/konsumen).,JLPT Genki_Ln.13 Intermediate_Japanese JLPT_3 JLPT_2 Intermediate_Japanese_Ln.6 Genki,ihU<14Ch9m
ぶつかる,ぶつかる,"to strike, to collide with","untuk menyerang, bertabrakan",JLPT JLPT_2 JLPT_3,l|QjAIGc3_
ぶつける,ぶつける,"to knock, to strike hard, to hit and attack","mengetuk, memukul dengan keras, memukul dan menyerang",JLPT JLPT_2 JLPT_3,F|EgJ%pFG_
物質,ぶっしつ,"material, substance","materi, substansi",JLPT JLPT_2 JLPT_3,Au^iDD.N(f
物理,ぶつり,physics,fisika,JLPT JLPT_2 JLPT_3,vOwM[uj*81
筆,ふで,writing brush,kuas tulis,JLPT JLPT_2 JLPT_3,AAA2r[Yuck
ふと,ふと,"suddenly, accidentally, incidentally","tiba-tiba, tanpa sengaja, secara kebetulan",JLPT JLPT_2 JLPT_3,ueC<>j12PB
部分,ぶぶん,"portion, section, part","porsi, bagian, bagian",JLPT Intermediate_Japanese JLPT_3 JLPT_2 Intermediate_Japanese_Ln.12,"iSJ`*:5M,+"
不平,ふへい,"complaint, discontent, dissatisfaction","keluhan, ketidakpuasan, ketidakpuasan",JLPT JLPT_2 JLPT_3,xl2t9%M;*h
不満,ふまん,"dissatisfaction, discontent, complaints","ketidakpuasan, ketidakpuasan, keluhan",JLPT JLPT_2 JLPT_3,I5+Cu{SM(2
増やす,ふやす,"to increase (v.t.), to add to","untuk menambah (v.t.), untuk menambah",JLPT Intermediate_Japanese JLPT_3 JLPT_2 Intermediate_Japanese_Ln.14,Ar(_{MW+^n
殖やす,ふやす,"to increase, to add to","untuk menambah, menambah",JLPT JLPT_2 JLPT_3,yaa{zbSv|8
プラス,プラス,plus,plus,JLPT JLPT_2 JLPT_3,IhKRA}1l&s
プラスチック,プラスチック,plastic,plastik,JLPT JLPT_2 JLPT_3,fkV!PD4#0R
プラン,プラン,plan,rencana,JLPT JLPT_2 JLPT_3,E)+h>:kQ+P
不利,ふり,"disadvantage, drawback","kelemahan, kelemahan",JLPT JLPT_2 JLPT_3,uWj1Y*sKn!
振る,ふる,"to wave, to shake; to sprinkle; to cast (actor)","melambai, mengguncang;",JLPT JLPT_2 JLPT_3,"re,?~GZ/4O"
震える,ふるえる,"to shiver, to shake, to quake","menggigil, gemetar, gemetar",JLPT JLPT_2 JLPT_3,"E(?h_-A^M,"
ブレーキ,ブレーキ,a brake,sebuah rem,JLPT JLPT_2 JLPT_3,J$]6GJ*G:F
触れる,ふれる,"to touch, to feel, to violate","menyentuh, merasakan, melanggar",JLPT JLPT_2 JLPT_3,GdRl?vrR-7
プロ,プロ,professional,profesional,JLPT JLPT_2 JLPT_3,r@c|.GwEZG
分,ぶん,"dividing, part, segment","membagi, bagian, segmen",JLPT JLPT_2 JLPT_3,B<D}`v5/5#
文,ぶん,sentence,kalimat,JLPT JLPT_2 JLPT_3,rA-6gilLFb
雰囲気,ふんいき,"atmosphere (e.g., musical), mood, ambiance","suasana (misalnya, musik), suasana hati, suasana",JLPT Intermediate_Japanese JLPT_3 JLPT_2 Intermediate_Japanese_Ln.12,u~WAeLx^(1
分析,ぶんせき,analysis,analisa,JLPT JLPT_2 JLPT_3,BW:70ufQAS
文明,ぶんめい,civilization,peradaban,JLPT JLPT_2 JLPT_3,sa[`h{Q=[9
分野,ぶんや,"field, sphere","lapangan, bola",JLPT JLPT_2 JLPT_3,H9@l-COvuo
塀,へい,"wall, fence","dinding, pagar",JLPT JLPT_2 JLPT_3,b`Q#tC3%LL
平均,へいきん,"equilibrium, balance, average","keseimbangan, keseimbangan, rata-rata",JLPT Intermediate_Japanese JLPT_3 JLPT_2 Intermediate_Japanese_Ln.5,"Ipp8-,$Ihp"
平和,へいわ,peace,perdamaian,JLPT JLPT_2 JLPT_3,pDR:k1Uvab
別に,べつに,"(not) particularly, nothing","(tidak) khususnya, tidak ada apa-apa",JLPT JLPT_2 JLPT_3,N>j!Oh:%5^
減らす,へらす,"to decrease, to diminish","berkurang, berkurang",JLPT JLPT_2 JLPT_3,L|9vM+.g[_
減る,へる,"to decrease (in size or number), to diminish","untuk mengurangi (dalam ukuran atau jumlah), untuk mengurangi",JLPT JLPT_2 JLPT_3,M^Mg^hFF~i
ベルト,ベルト,Belt for western clothes,Sabuk untuk pakaian barat,JLPT JLPT_2 JLPT_3,GTcb.}|Giw
変化,へんか,"change, variation, shift","perubahan, variasi, pergeseran",JLPT JLPT_2 JLPT_3,j9UWX/@2ih
ペンキ,ペンキ,paint,cat,JLPT JLPT_2 JLPT_3,DLO8LLG3|x
変更,へんこう,"change, modification, alteration","perubahan, modifikasi, pengubahan",JLPT JLPT_2 JLPT_3,bB&QqdWqmy
ベンチ,ベンチ,bench,bangku,JLPT JLPT_2 JLPT_3,"l,WHbG]2JH"
弁当,べんとう,box lunch,kotak makan siang,JLPT JLPT_2 JLPT_3,zNBqv(&}s^
方,ほう,side,samping,JLPT JLPT_2 JLPT_3,gma?L!#ps{
法,ほう,Act (law: the X Act),UU (hukum: UU X),JLPT JLPT_2 JLPT_3,okCQ@hxlIS
棒,ぼう,"pole, rod, stick","tiang, batang, tongkat",JLPT JLPT_2 JLPT_3,funENr~TQC
冒険,ぼうけん,"risk, venture, adventure","risiko, usaha, petualangan",JLPT JLPT_2 JLPT_3,Fyl;77x&X*
方向,ほうこう,"direction, course, way","arah, tentu saja, cara",JLPT JLPT_2 JLPT_3,QgNti^#[oD
報告,ほうこく,"report, information","laporan, informasi",JLPT JLPT_2 JLPT_3,y4Y?|#~uOX
宝石,ほうせき,"gem, jewel","permata, permata",JLPT JLPT_2 JLPT_3,Dj6XgRBu}x
包装,ほうそう,"packing, wrapping","pengepakan, pembungkus",JLPT JLPT_2 JLPT_3,Otsl}ZzWXb
豊富,ほうふ,"abundance, plenty","kelimpahan, banyak",JLPT JLPT_2 JLPT_3,Cs6%u[Qn0$
方法,ほうほう,"method, means, technique","metode, sarana, teknik",JLPT Intermediate_Japanese JLPT_3 JLPT_2 Intermediate_Japanese_Ln.8,isN8<2KrA#
方々,ほうぼう,"here and there, everywhere","di sana-sini, di mana-mana",JLPT JLPT_2 JLPT_3,wl^OUsh)0d
訪問,ほうもん,"call, visit","telepon, kunjungi",JLPT JLPT_2 JLPT_3,hsC[X6BGUF
吠える,ほえる,"to bark, to howl","menggonggong, melolong",JLPT JLPT_2 JLPT_3,r$WR%olfa6
ボーイ,ボーイ,porter; boy,porter;,JLPT Intermediate_Japanese JLPT_3 JLPT_2 Intermediate_Japanese_Ln.6,Im8]7VT7{#
ボート,ボート,rowing boat,perahu dayung,JLPT JLPT_2 JLPT_3,xMp/lL<RR-
ホーム,ホーム,platform; home,platform;,JLPT JLPT_2 JLPT_3,EyGV_xL&38
ボール,ボール,ball; bowl,bola;,JLPT JLPT_3 JLPT_2 Genki_Ln.22 Genki,CO}gO)BA1a
他,ほか,other (esp. places and things),lainnya (khususnya tempat dan benda),JLPT JLPT_2 JLPT_3,vw>|`^Bt^u
誇り,ほこり,pride,kebanggaan,JLPT JLPT_2 JLPT_3,yj*)/<J;Jj
埃,ほこり,dust,debu,JLPT JLPT_2 JLPT_3,AO.~g!:dGf
保証,ほしょう,"guarantee, assurance, warranty","jaminan, jaminan, jaminan",JLPT JLPT_2 JLPT_3,oroU@#(;}/
保存,ほぞん,"preservation, conservation","pelestarian, konservasi",JLPT JLPT_2 JLPT_3,hSWOh8}x1v
歩道,ほどう,walkway,gang,JLPT JLPT_2 JLPT_3,oWq+gh5t1f
仏,ほとけ,Buddha,Budha,JLPT JLPT_2 JLPT_3,r;K:#?B1W_
骨,ほね,bone,tulang,JLPT JLPT_2 JLPT_3,F)(n<tky^7
炎,ほのお,flame,api,JLPT JLPT_2 JLPT_3,td^&#ApIPe
頬,ほほ,cheek (of face),pipi (wajah),JLPT JLPT_2 JLPT_3,MW?sJAMVg:
頬,ほお,cheek (of face),pipi (wajah),JLPT JLPT_2 JLPT_3,eOL%=W-J#7
ほぼ,ほぼ,"almost, roughly","hampir, secara kasar",JLPT JLPT_2 JLPT_3,d^=kc;gm+o
微笑む,ほほえむ,to smile,untuk tersenyum,JLPT JLPT_2 JLPT_3,wVB=qNZz4J
堀,ほり,"moat, canal","parit, kanal",JLPT JLPT_2 JLPT_3,FxbDaPc9#x
濠,ほり,moat,parit,JLPT JLPT_2 JLPT_3,tU(_Pmvb9R
本当,ほんと,"truth, reality","kebenaran, kenyataan",JLPT JLPT_2 JLPT_3,b&f5kLt[Ac
本人,ほんにん,the person himself,orang itu sendiri,JLPT JLPT_2 JLPT_3,I0[E+qY%jw
本物,ほんもの,genuine article,artikel asli,JLPT JLPT_2 JLPT_3,yGED#ay|.7
ぼんやり,ぼんやり,"dim, faint, vague","redup, samar, samar-samar",JLPT JLPT_2 JLPT_3,Bu_{)ZzPr#
間,ま,"space, room, pause","ruang, ruang, jeda",JLPT JLPT_2 JLPT_3,_MKZD^wW5
まあ,まあ,well (used when making a modest or hesitant statement),baik (digunakan ketika membuat pernyataan sederhana atau ragu-ragu),JLPT Intermediate_Japanese JLPT_3 JLPT_2 Intermediate_Japanese_Ln.13,gK]=+G-`a3
マーケット,マーケット,market,pasar,JLPT JLPT_2 JLPT_3,"z,Yj6>]ZS]"
マイク,マイク,mic,mikrofon,JLPT JLPT_2 JLPT_3,r0v`jqD@%T
迷子,まいご,lost (stray) child,anak hilang (nyasar).,JLPT JLPT_2 JLPT_3,FT#CRKr^or
マイナス,マイナス,minus,dikurangi,JLPT JLPT_2 JLPT_3,d7Qaj7)8Wq
任せる,まかせる,"to entrust to another, to leave to","untuk mempercayakan kepada orang lain, untuk menyerahkan kepada",JLPT JLPT_2 JLPT_3,L[Sv^|TveX
巻く,まく,"to wind, to coil, to roll","untuk memutar, menggulung, menggulung",JLPT JLPT_2 JLPT_3,bZ[[^glA1W
蒔く,まく,to sow (seeds),untuk menabur (benih),JLPT JLPT_2 JLPT_3,H=Zk$-##fv
撒く,まく,"to scatter, to sprinkle, to sow","untuk menyebarkan, memercikkan, menabur",JLPT JLPT_2 JLPT_3,elIwgF9#tO
幕,まく,"curtain, act (in play)","tirai, akting (dalam permainan)",JLPT JLPT_2 JLPT_3,p/poyGf`R=
負け,まけ,"defeat, loss","kekalahan, kekalahan",JLPT JLPT_2 JLPT_3,Gm;-Q!$V98
孫,まご,grandchild,cucu,JLPT JLPT_2 JLPT_3,IHHk^Ab_ve
まさか,まさか,by no means,sama sekali tidak,JLPT JLPT_2 JLPT_3,M*J/_!BP[F
まさに,まさに,"correctly, surely","benar, tentu saja",JLPT JLPT_2 JLPT_3,PW-SB}B+g9
混ざる,まざる,"to be mixed, to mingle with","untuk dicampur, untuk berbaur",JLPT JLPT_2 JLPT_3,r;?[!)ts`(
交ざる,まざる,"to be mixed, to mingle with","untuk dicampur, untuk berbaur",JLPT JLPT_2 JLPT_3,4K$w~U;He
混じる,まじる,"to be mixed, to mingle with","untuk dicampur, untuk berbaur",JLPT JLPT_2 JLPT_3,"d#EkI,dbkR"
交じる,まじる,"to be mixed, to mingle with","untuk dicampur, untuk berbaur",JLPT JLPT_2 JLPT_3,Ek]^@FM&X:
増す,ます,"to increase, to gain","untuk meningkatkan, untuk mendapatkan",JLPT JLPT_2 JLPT_3,igA/Wx5uJY
貧しい,まずしい,"poor, needy","miskin, membutuhkan",JLPT JLPT_2 JLPT_3,yhxCEWNSqv
マスター,マスター,"bar owner, master (e.g., arts, science)","pemilik bar, master (misalnya, seni, sains)",JLPT JLPT_2 JLPT_3,wPc=w@;W9x
ますます,ますます,"increasingly (same as もっと), more and more","semakin (sama dengan もっと), semakin banyak",JLPT Intermediate_Japanese JLPT_3 JLPT_2 Intermediate_Japanese_Ln.9,tuWAGYc>]J
混ぜる,まぜる,"to mix, to stir","untuk mencampur, mengaduk",JLPT JLPT_2 JLPT_3,J@;szQ>5H7
交ぜる,まぜる,"to be mixed, to be blended with","untuk dicampur, untuk dicampur",JLPT JLPT_2 JLPT_3,PxviWu8b^f
街,まち,"town; street, road",kota;,JLPT JLPT_2 JLPT_3,HfD?AV.2#Q
間違い,まちがい,mistake,kesalahan,JLPT Genki_Ln.19 JLPT_3 JLPT_2 Genki,BDS-:};NM$
松,まつ,pine tree,pohon pinus,JLPT JLPT_2 JLPT_3,q{u(t.GeD(
真っ赤,まっか,"deep red, flushed (of face)","merah tua, memerah (wajah)",JLPT JLPT_2 JLPT_3,NaIP;.$n/b
全く,まったく,"really, completely","sungguh, sepenuhnya",JLPT JLPT_2 JLPT_3,N~j_lRE~H>
祭,まつり,"festival, feast","festival, pesta",JLPT JLPT_2 JLPT_3,b~w=W0;TL7
まとまる,まとまる,"to be collected, to be settled, to be in order","untuk dikumpulkan, untuk diselesaikan, untuk ditertibkan",JLPT JLPT_2 JLPT_3,x(|HBhj.8
まとめる,まとめる,"to put in order, to collect, to bring to a conclusion","untuk menyusun, mengumpulkan, menyimpulkan",JLPT JLPT_2 JLPT_3,iFaV|KCNxw
学ぶ,まなぶ,to learn; to study,untuk belajar;,JLPT Intermediate_Japanese JLPT_3 JLPT_2 Intermediate_Japanese_Ln.8,E-![dvkug}
真似,まね,"mimicry, imitation, behavior","mimikri, imitasi, perilaku",JLPT JLPT_2 JLPT_3,Ha/*s9C{]A
招く,まねく,to invite,untuk mengundang,JLPT Intermediate_Japanese JLPT_3 JLPT_2 Intermediate_Japanese_Ln.13,rQ0-*9mHkN
まぶしい,まぶしい,"dazzling, radiant","mempesona, bercahaya",JLPT JLPT_2 JLPT_3,JQkYs:8mnj
柵,さく,"fence, paling","pagar, paling",JLPT_1 JLPT JLPT_3,y#vU&Fd{*`
裂ける,さける,"to split, to tear, to burst","untuk membelah, merobek, meledak",JLPT_1 JLPT JLPT_3,duhUDkU~WK
裁く,さばく,to judge,untuk menilai,JLPT_1 JLPT JLPT_3,xRke1sza<m
酸化,さんか,oxidation,oksidasi,JLPT_1 JLPT JLPT_3,D1MP^#_z1B
死,し,"death, decease","kematian, kematian",JLPT_1 JLPT JLPT_3,t06OltNZyD
資格,しかく,"qualifications, requirements, capabilities","kualifikasi, persyaratan, kemampuan",JLPT_1 JLPT JLPT_3,wi++wC}pSU
視覚,しかく,"sense of sight, vision","indera penglihatan, penglihatan",JLPT_1 JLPT JLPT_3,E=/?Opn_[&
指揮,しき,"command, direction","perintah, arahan",JLPT_1 JLPT JLPT_3,I~OJZxTkqT
磁気,じき,magnetism,daya tarik,JLPT_1 JLPT JLPT_3,"c,aD*!!MOk"
磁器,じき,"porcelain, china","porselen, Cina",JLPT_1 JLPT JLPT_3,Q82E>*!xNX
自己,じこ,"self, oneself","diri sendiri, diri sendiri",JLPT_1 JLPT JLPT_3,:az?1DOih
字体,じたい,"font, lettering","fonta, huruf",JLPT_1 JLPT JLPT_3,jz(I1Q*KVQ
辞退,じたい,refusal,penolakan,JLPT_1 JLPT JLPT_3,s^yuvY0jMN
視点,してん,"opinion, point of view, visual point","pendapat, sudut pandang, sudut visual",JLPT_1 JLPT JLPT_3,"fg,X`JJ|Co"
脂肪,しぼう,"fat, grease","lemak, lemak",JLPT_1 JLPT JLPT_3,z48jHbiC_$
志望,しぼう,"wish, desire, ambition","keinginan, keinginan, ambisi",JLPT_1 JLPT JLPT_3,r-E-GUEXsY
衆,しゅう,"masses, people","massa, orang",JLPT_1 JLPT JLPT_3,rXpmbk8=bE
住,じゅう,"dwelling, living","tempat tinggal, hidup",JLPT_1 JLPT JLPT_3,Gr~DDJR6l}
修飾,しゅうしょく,ornamentation; modification (gram),hiasan;,JLPT_1 JLPT JLPT_3,O}Nr9R^}M5
私用,しよう,"personal use, private business","penggunaan pribadi, bisnis pribadi",JLPT_1 JLPT JLPT_3,BnE{ivc`n=
仕様,しよう,"way, method, specification","cara, metode, spesifikasi",JLPT_1 JLPT JLPT_3,oE!*S&aFqD
情,じょう,"feelings, emotion, passion","perasaan, emosi, gairah",JLPT_1 JLPT JLPT_3,bl3-{=5!X[
生涯,しょうがい,one's lifetime,seumur hidup seseorang,JLPT_1 JLPT JLPT_3,Pie[%Re:m6
上司,じょうし,one's superior,atasan seseorang,JLPT Intermediate_Japanese JLPT_1 JLPT_3 Intermediate_Japanese_Ln.9,u|7SjLmC*W
正体,しょうたい,"natural shape, one's true colors, true character","bentuk alami, warna asli seseorang, karakter asli",JLPT_1 JLPT JLPT_3,PK*KgnJaC
照明,しょうめい,illumination,penerangan,JLPT_1 JLPT JLPT_3,D&z&8>sgOU
女史,じょし,Ms.,MS.,JLPT_1 JLPT JLPT_3,"b7C,wG{C22"
助詞,じょし,"(gram) particle(s), postposition","(gram) partikel, postposisi",JLPT Intermediate_Japanese JLPT_1 JLPT_3 Intermediate_Japanese_Ln.13,"MG<?XdN0,Z"
ショック,ショック,shock,terkejut,JLPT Intermediate_Japanese JLPT_1 JLPT_3 Intermediate_Japanese_Ln.4,Od5f@HtWc-
進行,しんこう,advance,maju,JLPT_1 JLPT JLPT_3,i:ZPt9q4?b
新興,しんこう,"rising, developing, emergent","bangkit, berkembang, muncul",JLPT_1 JLPT JLPT_3,e=XTe9$}W6
振興,しんこう,"promotion, encouragement","promosi, dorongan",JLPT_1 JLPT JLPT_3,w.^ogJW1(4
申告,しんこく,"report, statement","laporan, pernyataan",JLPT_1 JLPT JLPT_3,bpPy/Tdvi5
真理,しんり,truth,kebenaran,JLPT_1 JLPT JLPT_3,o~g13?^$If
水洗,すいせん,flushing,pembilasan,JLPT_1 JLPT JLPT_3,uGMalIYW7L
ストレス,ストレス,stress,menekankan,JLPT_1 JLPT JLPT_3,.v(A*gC%Q
擦る,する,"to rub, to chafe","untuk menggosok, untuk menggosok",JLPT_1 JLPT JLPT_3,BR[lU_Z<4K
正規,せいき,"regular, legitimate","teratur, sah",JLPT_1 JLPT JLPT_3,qB)0/c?(Sj
精巧,せいこう,"elaborate, delicate, exquisite","rumit, halus, indah",JLPT_1 JLPT JLPT_3,O4>$NE8IPr
精算,せいさん,"exact calculation, adjustment","perhitungan yang tepat, penyesuaian",JLPT_1 JLPT JLPT_3,ovctUT)$>z
成年,せいねん,"majority, adult age","mayoritas, usia dewasa",JLPT_1 JLPT JLPT_3,xePq0XBgP_
声明,せいめい,"declaration, statement, proclamation","deklarasi, pernyataan, proklamasi",JLPT_1 JLPT JLPT_3,B$[eh>:mkl
姓名,せいめい,full name,nama lengkap,JLPT_1 JLPT JLPT_3,C]0w+PhetE
生理,せいり,"physiology, menses","fisiologi, menstruasi",JLPT_1 JLPT JLPT_3,f73PQXWx7=
節,せつ,"when, if; section; clause","kapan, jika;",JLPT_1 JLPT JLPT_3,oxQV.29qE;
膳,ぜん,"(small) table, tray, meal","meja (kecil), nampan, makanan",JLPT_1 JLPT JLPT_3,p1wC]g~$`W
禅,ぜん,Zen (Buddhism),Zen (Buddhisme),JLPT_1 JLPT JLPT_3,iyz0<Gw>w^
選挙,せんきょ,election,pemilihan,JLPT JLPT_1 JLPT_3 Genki_Ln.23 Genki,"E:w+vZ=[*,"
先行,せんこう,"preceding, going first","sebelumnya, pergi duluan",JLPT_1 JLPT JLPT_3,H}S`T5a4|Z
選考,せんこう,"selection, screening","seleksi, penyaringan",JLPT_1 JLPT JLPT_3,f>TTKs[_O7
相,そう,"aspect, phase, countenance","aspek, fase, wajah",JLPT_1 JLPT JLPT_3,"uspMV-,ze1"
沿う,そう,"to run along, to follow","untuk berlari bersama, mengikuti",JLPT_1 JLPT JLPT_3,p/frNLfSx`
添う,そう,"to accompany, to comply with","untuk menemani, untuk mematuhi",JLPT_1 JLPT JLPT_3,hF`[B^>-hS
僧,そう,"monk, priest","biksu, pendeta",JLPT_1 JLPT JLPT_3,yw]w|=zm=s
像,ぞう,"statue, image","patung, gambar",JLPT_1 JLPT JLPT_3,nI=^X@DZIN
捜査,そうさ,"search (esp. in criminal investigations, investigation)","penggeledahan (khususnya dalam investigasi kriminal, investigasi)",JLPT_1 JLPT JLPT_3,"uDX,}/x@{/"
操縦,そうじゅう,"management, control, manipulation","manajemen, pengendalian, manipulasi",JLPT_1 JLPT JLPT_3,M>/Rq`boN-
創造,そうぞう,creation,penciptaan,JLPT_1 JLPT JLPT_3,"dp,2/)bOJR"
隊,たい,"party, troops","pesta, pasukan",JLPT_1 JLPT JLPT_3,oOV`L+=72#
退学,たいがく,dropping out of school,putus sekolah,JLPT_1 JLPT JLPT_3,A4yM&A#+4L
タイトル,タイトル,title,judul,JLPT_1 JLPT JLPT_3,C>q:RF*.r8
ダウン,ダウン,down,turun,JLPT_1 JLPT JLPT_3,P@qEmViSUu
高まる,たかまる,to rise; to grow; to mount (v.i.),untuk bangkit;,JLPT Intermediate_Japanese JLPT_1 JLPT_3 Intermediate_Japanese_Ln.14,p=9SjD]i]q
断つ,たつ,"to sever, to cut off","untuk memutuskan, untuk memotong",JLPT_1 JLPT JLPT_3,P?^bp-(y]k
盾,たて,shield,tameng,JLPT_1 JLPT JLPT_3,ol51jAu^|h
例え,たとえ,example; even though,contoh;,JLPT_1 JLPT JLPT_3,vD1pJmAKj2
チャイム,チャイム,chime,berbunyi,JLPT_1 JLPT JLPT_3,MQLqaV0IiT
挑戦,ちょうせん,"challenge, defiance","tantangan, pembangkangan",JLPT_1 JLPT JLPT_3,Fo2(&vWuR<
治療,ちりょう,medical treatment,perawatan medis,JLPT_1 JLPT JLPT_3,yw{9Y;C!G/
対,つい,"pair, couple, set","berpasangan, berpasangan, set",JLPT_1 JLPT JLPT_3,C;9I#$4SFJ
接ぐ,つぐ,to join; to piece together; to set (bones); to graft (trees),untuk bergabung;,JLPT_1 JLPT JLPT_3,iNY(7WR;G%
継ぐ,つぐ,to succeed (someone in a business or inheritance,untuk sukses (seseorang dalam bisnis atau warisan,JLPT_1 JLPT JLPT_3,L=(nKj-342
摘む,つむ,"to pluck, to pick, to trim","memetik, memetik, memangkas",JLPT_1 JLPT JLPT_3,F?B0wE`T~h
露,つゆ,dew,embun,JLPT_1 JLPT JLPT_3,nf%]9K}w$o
強まる,つよまる,"to get strong, to gain strength","untuk menjadi kuat, untuk mendapatkan kekuatan",JLPT_1 JLPT JLPT_3,"c,02yf|3E;"
強める,つよめる,"to strengthen, to emphasize","untuk memperkuat, untuk menekankan",JLPT_1 JLPT JLPT_3,r51ril#).:
データ,データ,data,data,JLPT_1 JLPT JLPT_3,mIV8F#]3m7
デザイン,デザイン,design,desain,JLPT_1 JLPT JLPT_3,L|t?~XL)K}
デザート,デザート,dessert,hidangan penutup,JLPT_1 JLPT JLPT_3,bL1L]V?.Fr
転校,てんこう,change schools,pindah sekolah,JLPT_1 JLPT JLPT_3,OJyP}KWKG|
伝言,でんごん,verbal message,pesan lisan,JLPT_1 JLPT JLPT_3,GvqvJ@T>v!
と,と,and,Dan,JLPT_1 JLPT JLPT_3,M:Axq>|(Kg
問う,とう,"to ask, to question","untuk bertanya, mempertanyakan",JLPT_1 JLPT JLPT_3,liQ|$R<T6G
棟,とう,ridge (of roof,punggungan (atap,JLPT_1 JLPT JLPT_3,DbAa])9/F(
倒産,とうさん,"(corporate) bankruptcy, insolvency","(perusahaan) kebangkrutan, kebangkrutan",JLPT_1 JLPT JLPT_3,z@^@3D{^xO
同士,どうし,"one another, companion, comrade","satu sama lain, rekan, kawan",JLPT Intermediate_Japanese JLPT_1 JLPT_3 Intermediate_Japanese_Ln.9,LZ;*se^02u
同志,どうし,"same mind, comrade, kindred soul","pikiran yang sama, kawan, jiwa yang sama",JLPT_1 JLPT JLPT_3,hK!%#l^Nm>
当然,とうぜん,obvious; natural,jelas;,JLPT Intermediate_Japanese JLPT_1 JLPT_3 Intermediate_Japanese_Ln.15,cz-NMt}<Am
動揺,どうよう,"disturbance, flutter shock","gangguan, kejutan bergetar",JLPT_1 JLPT JLPT_3,A!=y9>sh0L
説く,とく,"to explain, to advocate","untuk menjelaskan, untuk mendukung",JLPT_1 JLPT JLPT_3,oUk1CBesl;
綴じる,とじる,"to bind, to file","untuk mengikat, untuk mengajukan",JLPT_1 JLPT JLPT_3,]ZHD4IQ@J
供,とも,"accompanying, attendant, companion, retinue","menemani, petugas, pendamping, pengiring",JLPT_1 JLPT JLPT_3,sml:7Y1}f0
並,なみ,"medium (e.g., food serving size, quality, price, etc.), ordinary","sedang (misalnya, ukuran porsi makanan, kualitas, harga, dll.), biasa",JLPT Intermediate_Japanese JLPT_1 JLPT_3 Intermediate_Japanese_Ln.6,w_{us|Bt(V
慣らす,ならす,to accustom,untuk membiasakan,JLPT_1 JLPT JLPT_3,KYq0Q{!HJ_
馴らす,ならす,"to domesticate, to tame","untuk menjinakkan, untuk menjinakkan",JLPT_1 JLPT JLPT_3,OBi-;rN&v.
難,なん,"difficulty, hardships, defect","kesulitan, kesulitan, cacat",JLPT_1 JLPT JLPT_3,HB%n)kg>!j
音,ね,"sound, note","suara, perhatikan",JLPT_1 JLPT JLPT_3,m2~M4cm)mU
年鑑,ねんかん,yearbook,buku tahunan,JLPT_1 JLPT JLPT_3,i1+!b-Tw6h
脳,のう,"brain, memory","otak, ingatan",JLPT_1 JLPT JLPT_3,GA>&i45J`=
臨む,のぞむ,"to look out on, to face, to attend (function)","untuk melihat keluar, untuk menghadapi, untuk menghadiri (fungsi)",JLPT_1 JLPT JLPT_3,KS-n)JUr1X
肺,はい,lung,paru-paru,JLPT_1 JLPT JLPT_3,NQ;dD{HA.l
～敗,はい,"counter for loss, defeat","melawan kekalahan, kekalahan",JLPT_1 JLPT JLPT_3,Jfw=ThK<1_
映える,はえる,"to shine, to look attractive, to look pretty","untuk bersinar, agar terlihat menarik, agar terlihat cantik",JLPT_1 JLPT JLPT_3,c_<of-R32q
諮る,はかる,"to consult with, to confer","untuk berkonsultasi, untuk berunding",JLPT_1 JLPT JLPT_3,zH?Q%7Y|:s
図る,はかる,"to plot, to attempt, to devise, to design, to refer A to B","merencanakan, mencoba, merancang, merancang, merujuk A ke B",JLPT_1 JLPT JLPT_3,oSV1hDA!z4
生やす,はやす,"to grow, to cultivate, to wear beard","untuk menumbuhkan, mengolah, memakai janggut",JLPT_1 JLPT JLPT_3,yqCGb?6_?M
班,はん,"group, party, section (mil)","kelompok, pesta, bagian (mil)",JLPT_1 JLPT JLPT_3,oiqC3{QOR3
判,はん,size (of paper or books),ukuran (kertas atau buku),JLPT_1 JLPT JLPT_3,"FxD*L0,Q6x"
版,はん,edition,edisi,JLPT_1 JLPT JLPT_3,wusB`V9s1U
碑,ひ,stone monument bearing an inscription,tugu batu bertuliskan prasasti,JLPT_1 JLPT JLPT_3,Kaa{nE*EBz
非行,ひこう,"delinquency, misconduct","kenakalan, pelanggaran",JLPT_1 JLPT JLPT_3,E<wpvtAJG)
票,ひょう,"label, ballot, sign","label, surat suara, tanda tangan",JLPT_1 JLPT JLPT_3,"i*<L4C^,UW"
広まる,ひろまる,"to spread, to be propagated","untuk menyebar, untuk disebarkan",JLPT_1 JLPT JLPT_3,c8ONuWuz#:
深める,ふかめる,"to deepen, to heighten, to intensify","memperdalam, mempertinggi, mengintensifkan",JLPT_1 JLPT JLPT_3,c0BKoo3/`
福,ふく,good fortune,nasib baik,JLPT_1 JLPT JLPT_3,m_8f-@p-oN
振り,ふり,"style, manner","gaya, cara",JLPT_1 JLPT JLPT_3,Cb|X]Z#30A
経る,へる,"to pass, to elapse, to experience","untuk lulus, untuk berlalu, untuk mengalami",JLPT_1 JLPT JLPT_3,"xYI,72?]/M"
保護,ほご,"care, protection, shelter","perawatan, perlindungan, tempat berlindung",JLPT_1 JLPT JLPT_3,P&2:@t7Bp.
保障,ほしょう,"guarantee, security, warranty","jaminan, keamanan, garansi",JLPT_1 JLPT JLPT_3,ge$.nEK~0J
補償,ほしょう,"compensation, reparation","kompensasi, reparasi",JLPT_1 JLPT JLPT_3,n@O).>E`E!
ほっと,ほっと,feel relieved,merasa lega,JLPT_1 JLPT JLPT_3,IA36R!IvOE
前もって,まえもって,"in advance, beforehand, previously","sebelumnya, sebelumnya, sebelumnya",JLPT_1 JLPT JLPT_3,wlgn+RR?9d
膜,まく,"membrane, film","membran, film",JLPT_1 JLPT JLPT_3,eczkIybUVQ
マスコミ,マスコミ,mass communication,komunikasi massa,JLPT_1 JLPT JLPT_3,c~yMgKSxj{
股,また,"thigh, crotch","paha, selangkangan",JLPT_1 JLPT JLPT_3,M~8AlqEF!|
末,まつ,the end of,akhir dari,JLPT_1 JLPT JLPT_3,c](L`Ctg(*
マッサージ,マッサージ,massage,pijat,JLPT_1 JLPT JLPT_3,CIT-/$8F-&
見掛ける,みかける,"to (happen to see), to notice, to catch sight of","untuk (kebetulan melihat), memperhatikan, melihat",JLPT_1 JLPT JLPT_3,x5#*oa=f1j
捲る,めくる,"to turn over, to turn pages of a book","untuk membalik, membalik halaman buku",JLPT_1 JLPT JLPT_3,iY1_V_W5ZM
メッセージ,メッセージ,message,pesan,JLPT_1 JLPT JLPT_3,DIKKB*kyMZ
野党,やとう,opposition party,partai oposisi,JLPT_1 JLPT JLPT_3,L$j=XCFoNq
優,ゆう,"superiority, high grade","keunggulan, bermutu tinggi",JLPT_1 JLPT JLPT_3,J%>HVQ7M=`
有機,ゆうき,organic,organik,JLPT_1 JLPT JLPT_3,m7Y{=QxsB-
世,よ,"world, society, generation","dunia, masyarakat, generasi",JLPT_1 JLPT JLPT_3,E|]o*tNk82
良い,よい,"good, nice","bagus, bagus",JLPT_1 JLPT JLPT_3,zu]*YPRXMm
予想,よそう,"expectation, anticipation, prediction","ekspektasi, antisipasi, prediksi",JLPT_1 JLPT JLPT_3,E0D`K(E!7;
弱まる,よわまる,"to weaken, to be emaciated, to be dejected","menjadi lemah, menjadi kurus, menjadi sedih",JLPT_1 JLPT JLPT_3,tRU<avrq6-
弱める,よわめる,to weaken,untuk melemah,JLPT_1 JLPT JLPT_3,n@|3sdAzme
ラベル,ラベル,label,label,JLPT_1 JLPT JLPT_3,Ni5Si{<X/E
ルール,ルール,rule,aturan,JLPT_1 JLPT JLPT_3,J<OIlv-=I*
枠,わく,"frame, slide","bingkai, geser",JLPT_1 JLPT JLPT_3,l.gbfy2Op+
表示,ひょうじ,"display, indication","tampilan, indikasi",JLPT_3,l:pB4J:<:X
